fips,state,county,total_population,senior_population,senior_share,living_alone_65_share,disability_share,median_income,diabetes_prev,chd_prev,copd_prev,poor_physical_health_prev,healthcare_support_workers,healthcare_support_per_1k_seniors,healthcare_support_wage,wage_geo_level,wage_year,wage_source
06001,CA,Alameda County,1649473.0,254161.0,0.15408618389024858,0.21923898631182598,0.10263459905072711,129367.0,11.0,4.8,4.1,11.5,28812.0,113.36121592219105,41640,state,2025,"BLS OEWS annual mean wage, SOC 31-0000"
06003,CA,Alpine County,1616.0,341.0,0.2110148514851485,0.12609970674486803,0.11448019801980198,105521.0,11.6,7.5,6.4,13.5,19.0,55.71847507331378,41640,state,2025,"BLS OEWS annual mean wage, SOC 31-0000"
06005,CA,Amador County,41428.0,11423.0,0.27573138939847447,0.21841897925238554,0.14861929130056967,88044.0,11.8,7.8,7.1,14.4,722.0,63.205812833756454,41640,state,2025,"BLS OEWS annual mean wage, SOC 31-0000"
06007,CA,Butte County,207929.0,38227.0,0.18384640911080224,0.2686582781803437,0.16163209557108435,67928.0,10.7,6.5,6.8,14.1,5002.0,130.84992282941377,41640,state,2025,"BLS OEWS annual mean wage, SOC 31-0000"
06009,CA,Calaveras County,46248.0,13517.0,0.2922720982528974,0.2079603462306725,0.2018465663380038,78647.0,13.2,8.7,8.4,15.7,756.0,55.92957017089591,41640,state,2025,"BLS OEWS annual mean wage, SOC 31-0000"
06011,CA,Colusa County,21984.0,3410.0,0.15511280931586607,0.3712609970674487,0.1198598981077147,75672.0,13.4,6.8,6.4,16.2,306.0,89.73607038123167,41640,state,2025,"BLS OEWS annual mean wage, SOC 31-0000"
06013,CA,Contra Costa County,1165012.0,199270.0,0.1710454484589,0.22050484267576656,0.11063405355481316,127229.0,11.3,5.5,4.7,12.1,20658.0,103.66838962212074,41640,state,2025,"BLS OEWS annual mean wage, SOC 31-0000"
06015,CA,Del Norte County,27107.0,5552.0,0.20481794370457815,0.27737752161383283,0.19238573062308628,67058.0,12.5,7.7,8.1,15.9,477.0,85.91498559077809,41640,state,2025,"BLS OEWS annual mean wage, SOC 31-0000"
06017,CA,El Dorado County,192662.0,45254.0,0.23488804227092006,0.2177266098024484,0.12556186482025516,108845.0,10.8,6.8,6.0,13.3,2374.0,52.45945109824546,41640,state,2025,"BLS OEWS annual mean wage, SOC 31-0000"
06019,CA,Fresno County,1016725.0,131488.0,0.12932503872728615,0.23374756631783888,0.1314917996508397,74201.0,12.7,6.2,6.0,15.0,23699.0,180.23697980043806,41640,state,2025,"BLS OEWS annual mean wage, SOC 31-0000"
06021,CA,Glenn County,28494.0,4893.0,0.1717203621815119,0.23155528305742898,0.14202990103179616,67139.0,12.6,7.0,7.1,15.8,488.0,99.73431432658901,41640,state,2025,"BLS OEWS annual mean wage, SOC 31-0000"
06023,CA,Humboldt County,134541.0,26660.0,0.1981552091927368,0.28394598649662417,0.18734809463286284,61160.0,11.4,7.1,7.6,14.9,3211.0,120.44261065266316,41640,state,2025,"BLS OEWS annual mean wage, SOC 31-0000"
06025,CA,Imperial County,180202.0,24701.0,0.13707395034461325,0.20877697259220274,0.14264547563290086,57681.0,15.0,6.7,5.7,17.1,5083.0,205.78114246386787,41640,state,2025,"BLS OEWS annual mean wage, SOC 31-0000"
06027,CA,Inyo County,18739.0,4675.0,0.24947969475425583,0.3118716577540107,0.14445808207481722,73991.0,12.4,7.6,6.9,14.7,329.0,70.37433155080214,41640,state,2025,"BLS OEWS annual mean wage, SOC 31-0000"
06029,CA,Kern County,915075.0,108560.0,0.11863508455591072,0.22309322033898304,0.12047537087124006,70210.0,13.3,6.2,6.4,16.1,15817.0,145.69823139277818,41640,state,2025,"BLS OEWS annual mean wage, SOC 31-0000"
06031,CA,Kings County,153298.0,16584.0,0.10818145050816058,0.2212976362759286,0.11366097405054208,70995.0,12.1,5.8,5.9,15.6,3112.0,187.6507477086348,41640,state,2025,"BLS OEWS annual mean wage, SOC 31-0000"
06033,CA,Lake County,68152.0,16290.0,0.2390245333959385,0.2804788213627993,0.2140362718628947,60621.0,14.1,8.9,9.1,17.1,2219.0,136.21853898096992,41640,state,2025,"BLS OEWS annual mean wage, SOC 31-0000"
06035,CA,Lassen County,30356.0,5012.0,0.16510739227829754,0.32641660015961693,0.1421794702859402,67403.0,11.5,7.1,7.6,15.6,262.0,52.274541101356746,41640,state,2025,"BLS OEWS annual mean wage, SOC 31-0000"
06037,CA,Los Angeles County,9808667.0,1487700.0,0.15167198560212106,0.2099623580022854,0.11190990580065568,90112.0,12.6,5.3,4.9,14.1,201448.0,135.4090206358809,41640,state,2025,"BLS OEWS annual mean wage, SOC 31-0000"
06039,CA,Madera County,160940.0,23148.0,0.14382999875730085,0.20023328149300154,0.13675282714054926,76627.0,13.5,7.0,7.2,16.9,3719.0,160.6618282357007,41640,state,2025,"BLS OEWS annual mean wage, SOC 31-0000"
06041,CA,Marin County,257969.0,61345.0,0.2377998906845396,0.2904882223490097,0.0987095348665925,149091.0,10.2,6.4,5.3,12.1,2919.0,47.583340125519605,41640,state,2025,"BLS OEWS annual mean wage, SOC 31-0000"
06043,CA,Mariposa County,17082.0,5073.0,0.2969792764313312,0.2320126158091859,0.17667720407446436,68412.0,13.5,9.1,8.4,15.6,292.0,57.55962941060516,41640,state,2025,"BLS OEWS annual mean wage, SOC 31-0000"
06045,CA,Mendocino County,90244.0,22154.0,0.2454900048756704,0.3166019680418886,0.1846216923008732,68092.0,13.7,8.5,8.5,16.3,2222.0,100.29791459781529,41640,state,2025,"BLS OEWS annual mean wage, SOC 31-0000"
06047,CA,Merced County,290201.0,34001.0,0.11716362107642633,0.23199317667127436,0.12387620993725039,65510.0,13.0,6.1,6.1,16.0,5061.0,148.84856327755065,41640,state,2025,"BLS OEWS annual mean wage, SOC 31-0000"
06049,CA,Modoc County,8600.0,2722.0,0.31651162790697673,0.24504041146216018,0.17825581395348838,59455.0,14.9,10.0,9.9,17.4,186.0,68.3321087435709,41640,state,2025,"BLS OEWS annual mean wage, SOC 31-0000"
06051,CA,Mono County,13148.0,2297.0,0.17470337693945848,0.18328254244666956,0.0920292059628841,99415.0,10.5,6.3,6.0,13.5,251.0,109.27296473661298,41640,state,2025,"BLS OEWS annual mean wage, SOC 31-0000"
06053,CA,Monterey County,437613.0,65068.0,0.14868845303955777,0.2115171820249585,0.08951745034996675,97230.0,12.5,6.2,5.7,14.7,7434.0,114.24970799778693,41640,state,2025,"BLS OEWS annual mean wage, SOC 31-0000"
06055,CA,Napa County,134869.0,28455.0,0.2109825089531323,0.24132841328413285,0.1265969199741972,111471.0,11.4,6.5,5.7,13.4,2829.0,99.42013705851343,41640,state,2025,"BLS OEWS annual mean wage, SOC 31-0000"
06057,CA,Nevada County,102481.0,30033.0,0.2930592012177867,0.24619585123031332,0.14757857554083195,89882.0,11.5,7.9,7.2,14.0,1570.0,52.27582992042087,41640,state,2025,"BLS OEWS annual mean wage, SOC 31-0000"
06059,CA,Orange County,3165820.0,514824.0,0.16261947931341644,0.19588053393004212,0.09597197566507255,116289.0,11.5,5.5,4.7,12.5,52310.0,101.60753966404053,41640,state,2025,"BLS OEWS annual mean wage, SOC 31-0000"
06061,CA,Placer County,419156.0,85822.0,0.20474954432240025,0.2314441518491762,0.11656519291146972,115998.0,9.8,5.9,5.2,12.4,5639.0,65.70576309104892,41640,state,2025,"BLS OEWS annual mean wage, SOC 31-0000"
06063,CA,Plumas County,19423.0,6114.0,0.31478144467898883,0.2469741576709192,0.24481285074396333,66031.0,13.5,9.3,8.7,15.8,194.0,31.730454694144587,41640,state,2025,"BLS OEWS annual mean wage, SOC 31-0000"
06065,CA,Riverside County,2478600.0,382888.0,0.15447752763656902,0.20408579010049938,0.12038650851287017,93074.0,12.4,6.0,5.4,14.7,45653.0,119.23330059965316,41640,state,2025,"BLS OEWS annual mean wage, SOC 31-0000"
06067,CA,Sacramento County,1594006.0,243370.0,0.15267822078461435,0.2556888688005917,0.12965007659946073,92175.0,11.2,5.7,5.6,13.6,31830.0,130.78851132021202,41640,state,2025,"BLS OEWS annual mean wage, SOC 31-0000"
06069,CA,San Benito County,67290.0,9234.0,0.13722692822113242,0.1859432531947152,0.10505275672462476,114394.0,11.3,5.3,4.7,13.8,980.0,106.1295213341997,41640,state,2025,"BLS OEWS annual mean wage, SOC 31-0000"
06071,CA,San Bernardino County,2197104.0,276984.0,0.1260677692089223,0.19035395546313144,0.11997565886730897,85478.0,12.1,5.6,5.2,14.4,39901.0,144.05525228894086,41640,state,2025,"BLS OEWS annual mean wage, SOC 31-0000"
06073,CA,San Diego County,3288774.0,507734.0,0.1543839740888246,0.21617224767299412,0.10732145170206284,106268.0,10.0,5.2,4.7,11.9,53575.0,105.51784989778112,41640,state,2025,"BLS OEWS annual mean wage, SOC 31-0000"
06075,CA,San Francisco County,830235.0,146510.0,0.17646810842713206,0.2927308716128592,0.1185483628129385,140970.0,10.2,4.9,3.9,10.4,13821.0,94.33485768889494,41640,state,2025,"BLS OEWS annual mean wage, SOC 31-0000"
06077,CA,San Joaquin County,797334.0,107730.0,0.13511276328364275,0.20834493641511184,0.12486235379401857,92179.0,12.3,5.7,5.5,14.1,13431.0,124.67279309384573,41640,state,2025,"BLS OEWS annual mean wage, SOC 31-0000"
06079,CA,San Luis Obispo County,281555.0,62338.0,0.2214061195858713,0.24485867368218422,0.13029781037452717,97446.0,10.0,6.4,5.8,13.0,3230.0,51.81430267252719,41640,state,2025,"BLS OEWS annual mean wage, SOC 31-0000"
06081,CA,San Mateo County,742340.0,132242.0,0.17814209122504512,0.1982879871750276,0.09343831667430019,158855.0,10.6,5.2,4.0,10.9,11845.0,89.57063565281832,41640,state,2025,"BLS OEWS annual mean wage, SOC 31-0000"
06083,CA,Santa Barbara County,443701.0,73710.0,0.16612538623983267,0.24841948175281509,0.11117622002204187,98161.0,10.8,6.0,5.6,13.8,7821.0,106.1050061050061,41640,state,2025,"BLS OEWS annual mean wage, SOC 31-0000"
06085,CA,Santa Clara County,1902047.0,282010.0,0.1482665780603739,0.18585511152086806,0.0894199775294722,164281.0,10.5,4.5,3.5,10.1,31137.0,110.41097833410163,41640,state,2025,"BLS OEWS annual mean wage, SOC 31-0000"
06087,CA,Santa Cruz County,264926.0,50275.0,0.18976997350203453,0.25336648433615117,0.11469617931044895,111093.0,10.2,5.9,5.4,13.0,4548.0,90.46245648930879,41640,state,2025,"BLS OEWS annual mean wage, SOC 31-0000"
06089,CA,Shasta County,181436.0,39009.0,0.21500143301219163,0.2716039888230921,0.1794076148063229,72636.0,11.7,7.3,7.6,15.0,4173.0,106.97531338921787,41640,state,2025,"BLS OEWS annual mean wage, SOC 31-0000"
06091,CA,Sierra County,2746.0,963.0,0.3506919155134741,0.3146417445482866,0.15695557174071376,63355.0,15.3,10.3,10.2,17.5,0.0,0.0,41640,state,2025,"BLS OEWS annual mean wage, SOC 31-0000"
06093,CA,Siskiyou County,43466.0,12101.0,0.27840150922560164,0.2648541442855962,0.17215754842865688,59095.0,13.9,9.2,9.1,16.6,666.0,55.03677382034543,41640,state,2025,"BLS OEWS annual mean wage, SOC 31-0000"
06095,CA,Solano County,451918.0,78738.0,0.17423072327280612,0.21712514922908888,0.13093083258467245,100401.0,12.1,5.8,5.3,13.2,9594.0,121.84713861159796,41640,state,2025,"BLS OEWS annual mean wage, SOC 31-0000"
06097,CA,Sonoma County,485040.0,104389.0,0.215217301665842,0.2742338752167374,0.12501443179943922,104674.0,10.7,6.4,5.8,13.1,9993.0,95.7284771383958,41640,state,2025,"BLS OEWS annual mean wage, SOC 31-0000"
06099,CA,Stanislaus County,553990.0,76271.0,0.13767577032076392,0.2238858806099304,0.12576761313381107,81468.0,11.9,6.1,6.1,15.5,9224.0,120.9371845131177,41640,state,2025,"BLS OEWS annual mean wage, SOC 31-0000"
06101,CA,Sutter County,98857.0,16216.0,0.16403491912560567,0.20985446472619634,0.14831524323012027,79704.0,12.8,6.8,6.8,15.3,1692.0,104.34139121854959,41640,state,2025,"BLS OEWS annual mean wage, SOC 31-0000"
06103,CA,Tehama County,65167.0,13085.0,0.20079181180658923,0.2419564386702331,0.17900164193533538,63784.0,13.0,8.1,8.4,16.6,1368.0,104.54719144058082,41640,state,2025,"BLS OEWS annual mean wage, SOC 31-0000"
06105,CA,Trinity County,15860.0,4795.0,0.30233291298865067,0.2383733055265902,0.1719419924337957,53002.0,15.9,11.0,11.3,18.3,420.0,87.59124087591242,41640,state,2025,"BLS OEWS annual mean wage, SOC 31-0000"
06107,CA,Tulare County,478693.0,57101.0,0.11928522038132999,0.19456752070891928,0.12402521031224606,71300.0,13.1,6.2,6.1,16.4,8677.0,151.95880982819915,41640,state,2025,"BLS OEWS annual mean wage, SOC 31-0000"
06109,CA,Tuolumne County,54498.0,15339.0,0.28145987008697565,0.2816350479170741,0.20235604976329408,77404.0,12.1,8.0,7.6,14.8,1117.0,72.82091401003976,41640,state,2025,"BLS OEWS annual mean wage, SOC 31-0000"
06111,CA,Ventura County,837469.0,145793.0,0.17408763787077491,0.21370024623953138,0.11601623463077439,109797.0,11.4,5.8,5.2,13.2,14609.0,100.20371348418648,41640,state,2025,"BLS OEWS annual mean wage, SOC 31-0000"
06113,CA,Yolo County,220564.0,29712.0,0.1347092000507789,0.2538368336025848,0.11369035744727155,91752.0,9.3,4.9,4.7,12.2,3865.0,130.08212170166937,41640,state,2025,"BLS OEWS annual mean wage, SOC 31-0000"
06115,CA,Yuba County,84507.0,11060.0,0.13087673210503273,0.2628390596745027,0.16132391399529034,76373.0,11.3,6.0,6.5,15.0,1866.0,168.71609403254973,41640,state,2025,"BLS OEWS annual mean wage, SOC 31-0000"
12001,FL,Alachua County,285492.0,43645.0,0.1528764378686618,0.29533738114331537,0.12007691984363834,61949.0,10.5,5.6,6.0,12.1,4185.0,95.88727231068852,41520,state,2025,"BLS OEWS annual mean wage, SOC 31-0000"
12003,FL,Baker County,28430.0,4335.0,0.15247977488568415,0.2348327566320646,0.12701371790362292,79836.0,12.3,6.9,8.3,14.9,497.0,114.6482122260669,41520,state,2025,"BLS OEWS annual mean wage, SOC 31-0000"
12005,FL,Bay County,186393.0,34078.0,0.18282875429871293,0.25482716121838134,0.16934648833378935,73533.0,11.9,7.3,7.9,14.8,1420.0,41.66911203709138,41520,state,2025,"BLS OEWS annual mean wage, SOC 31-0000"
12007,FL,Bradford County,27885.0,5068.0,0.1817464586695356,0.3005130228887135,0.14064909449524834,63050.0,14.4,8.6,10.5,17.1,174.0,34.333070244672456,41520,state,2025,"BLS OEWS annual mean wage, SOC 31-0000"
12009,FL,Brevard County,632780.0,155030.0,0.24499826163911628,0.2536218796361994,0.16083156863364834,78476.0,13.1,7.9,7.8,14.1,9300.0,59.98838934399794,41520,state,2025,"BLS OEWS annual mean wage, SOC 31-0000"
12011,FL,Broward County,1977129.0,354411.0,0.17925537483897105,0.26582132044434287,0.11225165378687986,77633.0,13.5,6.7,6.3,13.8,31777.0,89.66143827364274,41520,state,2025,"BLS OEWS annual mean wage, SOC 31-0000"
12013,FL,Calhoun County,13492.0,2506.0,0.18573969759857695,0.24142059058260176,0.215609249925882,50517.0,15.2,9.2,11.1,17.8,248.0,98.96249002394254,41520,state,2025,"BLS OEWS annual mean wage, SOC 31-0000"
12015,FL,Charlotte County,201064.0,81528.0,0.40548283133728563,0.2124055539201256,0.19440576134962,69952.0,15.6,10.7,9.7,15.8,2811.0,34.47895201648513,41520,state,2025,"BLS OEWS annual mean wage, SOC 31-0000"
12017,FL,Citrus County,162472.0,59271.0,0.3648074745186863,0.24949806819523881,0.2123996750209267,56546.0,15.8,11.1,11.1,17.1,1920.0,32.393582021561976,41520,state,2025,"BLS OEWS annual mean wage, SOC 31-0000"
12019,FL,Clay County,227584.0,39006.0,0.17139166197975253,0.1882018151053684,0.14192561867266593,87820.0,12.2,6.6,7.0,13.7,2672.0,68.50228170025125,41520,state,2025,"BLS OEWS annual mean wage, SOC 31-0000"
12021,FL,Collier County,398291.0,134721.0,0.33824766314076893,0.2161875282992258,0.11286471449266994,90045.0,13.7,9.4,8.0,14.4,4325.0,32.10338403070048,41520,state,2025,"BLS OEWS annual mean wage, SOC 31-0000"
12023,FL,Columbia County,71789.0,14552.0,0.20270514981403837,0.23529411764705882,0.20022566131301453,59205.0,15.1,8.9,10.1,16.7,1298.0,89.19736118746565,41520,state,2025,"BLS OEWS annual mean wage, SOC 31-0000"
12027,FL,DeSoto County,35386.0,8417.0,0.2378624314700729,0.20054651300938578,0.2024246877296106,54417.0,17.6,10.7,12.1,19.5,360.0,42.77058334323393,41520,state,2025,"BLS OEWS annual mean wage, SOC 31-0000"
12029,FL,Dixie County,17058.0,4081.0,0.23924258412475086,0.2717471208037246,0.22570055106108572,50110.0,16.1,10.6,12.2,18.5,315.0,77.1869639794168,41520,state,2025,"BLS OEWS annual mean wage, SOC 31-0000"
12031,FL,Duval County,1023153.0,156682.0,0.15313643218560666,0.273975313054467,0.13422234993202387,71277.0,12.8,6.3,7.0,14.0,13213.0,84.33004429353723,41520,state,2025,"BLS OEWS annual mean wage, SOC 31-0000"
12033,FL,Escambia County,325923.0,58359.0,0.1790576301764527,0.26890453914563306,0.16464011438284504,67500.0,12.8,7.2,7.8,14.6,4628.0,79.30224986720128,41520,state,2025,"BLS OEWS annual mean wage, SOC 31-0000"
12035,FL,Flagler County,126528.0,39628.0,0.3131954982296409,0.1971838094276774,0.16318917551846232,77363.0,13.7,9.0,8.6,14.8,1641.0,41.41011406076511,41520,state,2025,"BLS OEWS annual mean wage, SOC 31-0000"
12037,FL,Franklin County,12553.0,3326.0,0.26495658408348605,0.2318099819603127,0.1785230622162033,64105.0,15.3,9.8,10.8,16.9,77.0,23.150932050511127,41520,state,2025,"BLS OEWS annual mean wage, SOC 31-0000"
12039,FL,Gadsden County,43710.0,8702.0,0.1990848776023793,0.2527005286141117,0.19695721802791125,48801.0,19.2,9.3,11.0,17.7,985.0,113.19236957021374,41520,state,2025,"BLS OEWS annual mean wage, SOC 31-0000"
12041,FL,Gilchrist County,19040.0,3851.0,0.20225840336134454,0.22435730978966503,0.1900735294117647,63523.0,12.8,8.3,9.7,16.2,267.0,69.33264087250066,41520,state,2025,"BLS OEWS annual mean wage, SOC 31-0000"
12043,FL,Glades County,12563.0,3261.0,0.2595717583379766,0.17693958908310334,0.1926291490885935,45870.0,17.7,10.9,11.7,18.8,102.0,31.278748850046,41520,state,2025,"BLS OEWS annual mean wage, SOC 31-0000"
12045,FL,Gulf County,15131.0,3592.0,0.2373934307051748,0.23385300668151449,0.16714030797700086,61179.0,14.1,8.3,9.1,15.6,107.0,29.788418708240535,41520,state,2025,"BLS OEWS annual mean wage, SOC 31-0000"
12047,FL,Hamilton County,13616.0,2681.0,0.19690070505287896,0.21260723610593063,0.15555229142185664,50144.0,17.6,9.9,12.1,18.7,374.0,139.50018649757553,41520,state,2025,"BLS OEWS annual mean wage, SOC 31-0000"
12049,FL,Hardee County,25675.0,4138.0,0.1611684518013632,0.18269695505074915,0.15715676728334957,60489.0,15.6,8.6,9.5,17.3,323.0,78.05703238279361,41520,state,2025,"BLS OEWS annual mean wage, SOC 31-0000"
12051,FL,Hendry County,42382.0,5853.0,0.13810108064744467,0.1997266359132069,0.11436458874050304,56393.0,16.8,8.0,8.5,18.6,427.0,72.9540406629079,41520,state,2025,"BLS OEWS annual mean wage, SOC 31-0000"
12053,FL,Hernando County,207018.0,54596.0,0.26372585958708905,0.23794783500622757,0.1922876271628554,66058.0,14.9,8.9,9.1,16.1,3480.0,63.740933401714415,41520,state,2025,"BLS OEWS annual mean wage, SOC 31-0000"
12055,FL,Highlands County,105702.0,38051.0,0.3599837278386407,0.24648498068381908,0.226457399103139,54897.0,18.3,11.7,11.0,17.5,1397.0,36.713883997792436,41520,state,2025,"BLS OEWS annual mean wage, SOC 31-0000"
12057,FL,Hillsborough County,1522748.0,229164.0,0.1504937126825975,0.23532492014452533,0.12267821070853484,79540.0,12.5,6.0,6.0,13.1,20599.0,89.8875914192456,41520,state,2025,"BLS OEWS annual mean wage, SOC 31-0000"
12059,FL,Holmes County,19513.0,4139.0,0.21211500025623942,0.31795119594104854,0.14795264695331317,49343.0,14.5,9.0,10.9,17.1,321.0,77.55496496738343,41520,state,2025,"BLS OEWS annual mean wage, SOC 31-0000"
12061,FL,Indian River County,166936.0,58171.0,0.34846288397948916,0.24415946089976104,0.17388699861024584,73491.0,14.3,9.7,8.8,14.9,2074.0,35.65350432346014,41520,state,2025,"BLS OEWS annual mean wage, SOC 31-0000"
12063,FL,Jackson County,48250.0,10078.0,0.20887046632124354,0.29390752133359793,0.15465284974093263,49149.0,15.6,9.1,10.3,17.1,805.0,79.87695971422902,41520,state,2025,"BLS OEWS annual mean wage, SOC 31-0000"
12065,FL,Jefferson County,15091.0,3694.0,0.24478165794181964,0.23687060097455334,0.19607713206546948,61212.0,16.3,9.3,10.3,17.0,125.0,33.83865728207905,41520,state,2025,"BLS OEWS annual mean wage, SOC 31-0000"
12067,FL,Lafayette County,8161.0,1748.0,0.2141894375689254,0.31292906178489704,0.1802475186864355,62757.0,14.6,8.8,10.6,17.4,165.0,94.39359267734554,41520,state,2025,"BLS OEWS annual mean wage, SOC 31-0000"
12069,FL,Lake County,412924.0,109863.0,0.2660610669275702,0.21985563838598982,0.15597059022967907,73161.0,14.5,8.5,8.0,14.9,5189.0,47.23155202388429,41520,state,2025,"BLS OEWS annual mean wage, SOC 31-0000"
12071,FL,Lee County,817666.0,236549.0,0.28929783065457043,0.2143445966797577,0.13686395178471406,76107.0,14.5,8.9,8.2,14.6,10079.0,42.60850817378218,41520,state,2025,"BLS OEWS annual mean wage, SOC 31-0000"
12073,FL,Leon County,297542.0,44008.0,0.14790516969032944,0.28388020359934557,0.13078825846435124,66287.0,10.6,5.5,5.9,12.1,3608.0,81.98509361934194,41520,state,2025,"BLS OEWS annual mean wage, SOC 31-0000"
12075,FL,Levy County,45391.0,11401.0,0.2511731400497896,0.285676695026752,0.21598995395562998,56750.0,16.1,9.9,11.0,17.4,345.0,30.260503464608366,41520,state,2025,"BLS OEWS annual mean wage, SOC 31-0000"
12077,FL,Liberty County,7687.0,1085.0,0.14114739170027318,0.22027649769585253,0.19487446337973202,58671.0,14.3,8.4,10.0,17.1,61.0,56.22119815668203,41520,state,2025,"BLS OEWS annual mean wage, SOC 31-0000"
12079,FL,Madison County,18089.0,4143.0,0.22903421969152524,0.2734733285059136,0.17087732876333683,48485.0,16.8,9.4,11.1,17.7,153.0,36.92976104272267,41520,state,2025,"BLS OEWS annual mean wage, SOC 31-0000"
12081,FL,Manatee County,429792.0,122539.0,0.28511233340778797,0.24451807179755017,0.15334626982354255,78457.0,14.0,8.8,8.3,14.5,5432.0,44.32874431813545,41520,state,2025,"BLS OEWS annual mean wage, SOC 31-0000"
12083,FL,Marion County,400078.0,114789.0,0.2869165512725019,0.251095488243647,0.16242582696374208,61010.0,14.9,9.7,9.8,16.4,6065.0,52.83607314289697,41520,state,2025,"BLS OEWS annual mean wage, SOC 31-0000"
12085,FL,Martin County,162176.0,52205.0,0.321903364246251,0.2507805765731252,0.13875049329123915,82943.0,13.6,9.4,8.5,14.7,1510.0,28.92443252562015,41520,state,2025,"BLS OEWS annual mean wage, SOC 31-0000"
12086,FL,Miami-Dade County,2738356.0,463896.0,0.1694067535411758,0.2157466328659872,0.10227012119680567,71753.0,15.4,6.8,5.3,14.6,45392.0,97.84951799541277,41520,state,2025,"BLS OEWS annual mean wage, SOC 31-0000"
12087,FL,Monroe County,81860.0,20247.0,0.24733691668702662,0.24230750234602658,0.11192279501588077,87738.0,13.2,7.9,7.2,14.1,559.0,27.609028498049092,41520,state,2025,"BLS OEWS annual mean wage, SOC 31-0000"
12089,FL,Nassau County,97859.0,23395.0,0.23906845563514853,0.21602906603975208,0.15952543966318888,89804.0,11.6,7.4,7.6,13.8,956.0,40.86343235734132,41520,state,2025,"BLS OEWS annual mean wage, SOC 31-0000"
12091,FL,Okaloosa County,216599.0,36047.0,0.1664227443339997,0.2257330707132355,0.1438556964713595,81998.0,10.8,6.1,6.6,12.9,2244.0,62.252059810802564,41520,state,2025,"BLS OEWS annual mean wage, SOC 31-0000"
12093,FL,Okeechobee County,40816.0,8169.0,0.20014210113680908,0.2841229036601787,0.18985201881615052,57984.0,15.6,9.4,10.5,18.2,845.0,103.43983351695434,41520,state,2025,"BLS OEWS annual mean wage, SOC 31-0000"
12095,FL,Orange County,1471937.0,191739.0,0.13026304794294866,0.2037352859877229,0.1100278068966267,79719.0,11.7,5.6,5.5,12.9,18324.0,95.56741195062038,41520,state,2025,"BLS OEWS annual mean wage, SOC 31-0000"
12097,FL,Osceola County,427415.0,57262.0,0.13397283670437396,0.1774649855052216,0.13503503620602927,72637.0,13.4,5.9,5.5,14.1,5803.0,101.34120359051379,41520,state,2025,"BLS OEWS annual mean wage, SOC 31-0000"
12099,FL,Palm Beach County,1533806.0,380989.0,0.24839451664682496,0.26764552257414254,0.12189155603772577,83581.0,13.7,7.9,7.1,13.5,23589.0,61.915173403956544,41520,state,2025,"BLS OEWS annual mean wage, SOC 31-0000"
12101,FL,Pasco County,611444.0,134207.0,0.21949189132610672,0.2596734894603113,0.16252019808845944,70492.0,12.8,7.7,7.8,14.6,6776.0,50.48916971543958,41520,state,2025,"BLS OEWS annual mean wage, SOC 31-0000"
12103,FL,Pinellas County,963481.0,254248.0,0.2638848093527532,0.3079198263113181,0.15382866916939722,72646.0,13.1,8.2,8.1,14.2,13238.0,52.06727289890186,41520,state,2025,"BLS OEWS annual mean wage, SOC 31-0000"
12105,FL,Polk County,790694.0,154193.0,0.1950097003391957,0.236392054114,0.13644469289004343,65978.0,13.6,7.7,8.0,16.0,9886.0,64.11445396353919,41520,state,2025,"BLS OEWS annual mean wage, SOC 31-0000"
12107,FL,Putnam County,75164.0,17887.0,0.23797296578149113,0.2825515737686588,0.19490713639508275,47934.0,17.5,10.8,13.0,19.3,1075.0,60.09951361323867,41520,state,2025,"BLS OEWS annual mean wage, SOC 31-0000"
12113,FL,Santa Rosa County,198472.0,33229.0,0.16742412027893103,0.20725871979295193,0.14634306098593253,91922.0,10.9,6.4,6.8,13.5,1755.0,52.815311926329414,41520,state,2025,"BLS OEWS annual mean wage, SOC 31-0000"
12115,FL,Sarasota County,459547.0,172362.0,0.37506936178454,0.23838781169863427,0.14944282086489521,83416.0,13.0,9.4,8.4,14.3,5730.0,33.243986493542664,41520,state,2025,"BLS OEWS annual mean wage, SOC 31-0000"
12117,FL,Seminole County,481470.0,80052.0,0.1662658109539535,0.2312247039424374,0.11764388227719276,85761.0,11.0,5.9,5.6,11.9,5423.0,67.7434667466147,41520,state,2025,"BLS OEWS annual mean wage, SOC 31-0000"
12109,FL,St. Johns County,306934.0,64617.0,0.21052408661145391,0.19643437485491433,0.10996826679351261,109839.0,10.6,6.5,6.0,12.3,2165.0,33.505114753083554,41520,state,2025,"BLS OEWS annual mean wage, SOC 31-0000"
12111,FL,St. Lucie County,360500.0,88534.0,0.2455866851595007,0.21834549438633746,0.14649653259361997,71457.0,14.5,8.4,8.3,15.3,6949.0,78.48961980707976,41520,state,2025,"BLS OEWS annual mean wage, SOC 31-0000"
12119,FL,Sumter County,143408.0,82722.0,0.576829744505188,0.20255796523294892,0.17743779984380229,76508.0,16.0,12.1,10.1,15.6,723.0,8.740117501994632,41520,state,2025,"BLS OEWS annual mean wage, SOC 31-0000"
12121,FL,Suwannee County,45342.0,9627.0,0.21231970358607913,0.23174405318375402,0.19961624983459045,56658.0,15.0,9.3,10.5,17.3,286.0,29.708112599979223,41520,state,2025,"BLS OEWS annual mean wage, SOC 31-0000"
12123,FL,Taylor County,21503.0,4568.0,0.21243547411989025,0.2778021015761821,0.17760312514532856,49073.0,15.9,9.7,11.5,17.5,319.0,69.8336252189142,41520,state,2025,"BLS OEWS annual mean wage, SOC 31-0000"
12125,FL,Union County,15701.0,2607.0,0.16604037959365645,0.19217491369390102,0.13069231259155467,64146.0,14.5,8.5,10.0,17.0,220.0,84.38818565400844,41520,state,2025,"BLS OEWS annual mean wage, SOC 31-0000"
12127,FL,Volusia County,579622.0,147134.0,0.2538447470937956,0.258023298489812,0.17036447891901962,70044.0,13.5,8.3,8.4,15.0,7570.0,51.449698913915206,41520,state,2025,"BLS OEWS annual mean wage, SOC 31-0000"
12129,FL,Wakulla County,35387.0,5841.0,0.1650606154802611,0.22033898305084745,0.11673778506231101,81895.0,12.6,6.9,7.8,14.9,309.0,52.90190035952748,41520,state,2025,"BLS OEWS annual mean wage, SOC 31-0000"
12131,FL,Walton County,82948.0,16658.0,0.20082461301056084,0.22571737303397768,0.13366205333461928,81986.0,12.3,7.4,7.7,13.9,582.0,34.93816784728058,41520,state,2025,"BLS OEWS annual mean wage, SOC 31-0000"
12133,FL,Washington County,25529.0,4803.0,0.18813897920012534,0.24838642515094733,0.18296838889106506,58210.0,15.1,8.9,10.7,17.5,186.0,38.72579637726421,41520,state,2025,"BLS OEWS annual mean wage, SOC 31-0000"
17001,IL,Adams County,64754.0,13317.0,0.2056552490965809,0.3642712322595179,0.17836735954535626,66220.0,12.0,7.3,8.1,13.5,1304.0,97.91995194112788,42760,state,2025,"BLS OEWS annual mean wage, SOC 31-0000"
17003,IL,Alexander County,4875.0,1215.0,0.24923076923076923,0.3234567901234568,0.23384615384615384,47043.0,19.0,10.2,12.1,17.8,148.0,121.81069958847738,42760,state,2025,"BLS OEWS annual mean wage, SOC 31-0000"
17005,IL,Bond County,16716.0,3137.0,0.18766451304139747,0.31080650302837104,0.1779133764058387,65959.0,11.6,6.9,8.0,13.8,360.0,114.75932419509085,42760,state,2025,"BLS OEWS annual mean wage, SOC 31-0000"
17007,IL,Boone County,53230.0,8916.0,0.16749953034003381,0.26749663526244954,0.13340221679504038,84571.0,12.2,6.7,7.4,13.9,615.0,68.97711978465681,42760,state,2025,"BLS OEWS annual mean wage, SOC 31-0000"
17009,IL,Brown County,6322.0,1029.0,0.1627649478013287,0.2196307094266278,0.14220183486238533,67917.0,11.7,6.5,8.0,14.0,112.0,108.84353741496598,42760,state,2025,"BLS OEWS annual mean wage, SOC 31-0000"
17011,IL,Bureau County,32866.0,7614.0,0.23166798515182863,0.272655634357762,0.14574332136554494,69257.0,13.2,8.0,8.9,14.7,510.0,66.9818754925138,42760,state,2025,"BLS OEWS annual mean wage, SOC 31-0000"
17013,IL,Calhoun County,4330.0,1101.0,0.2542725173210162,0.14713896457765668,0.15450346420323324,93203.0,11.9,7.5,7.8,13.5,100.0,90.82652134423252,42760,state,2025,"BLS OEWS annual mean wage, SOC 31-0000"
17015,IL,Carroll County,15576.0,3768.0,0.24191063174114022,0.3187367303609342,0.145351823317925,60758.0,13.3,8.2,9.0,14.6,184.0,48.83227176220807,42760,state,2025,"BLS OEWS annual mean wage, SOC 31-0000"
17017,IL,Cass County,12784.0,2307.0,0.1804599499374218,0.32293021239705244,0.16426783479349186,68125.0,13.4,7.4,8.6,15.0,204.0,88.42652795838751,42760,state,2025,"BLS OEWS annual mean wage, SOC 31-0000"
17019,IL,Champaign County,208741.0,28984.0,0.1388514953938134,0.28650289815070384,0.10083308980986007,63683.0,9.6,5.0,5.6,11.1,2987.0,103.05685895666575,42760,state,2025,"BLS OEWS annual mean wage, SOC 31-0000"
17021,IL,Christian County,33538.0,6797.0,0.20266563301329835,0.35412682065617185,0.14499970183075914,62611.0,12.3,7.4,8.6,14.5,827.0,121.67132558481683,42760,state,2025,"BLS OEWS annual mean wage, SOC 31-0000"
17023,IL,Clark County,15266.0,3095.0,0.20273811083453425,0.2917609046849758,0.13310624918118696,72927.0,12.0,7.3,8.3,13.9,156.0,50.40387722132471,42760,state,2025,"BLS OEWS annual mean wage, SOC 31-0000"
17025,IL,Clay County,13052.0,2727.0,0.20893349678210235,0.381004767143381,0.17775053631627336,60417.0,13.9,8.5,10.3,15.9,241.0,88.37550421708836,42760,state,2025,"BLS OEWS annual mean wage, SOC 31-0000"
17027,IL,Clinton County,36954.0,6955.0,0.1882069600043297,0.3055355859094177,0.13216431238837473,86588.0,11.3,6.6,7.4,13.1,676.0,97.19626168224299,42760,state,2025,"BLS OEWS annual mean wage, SOC 31-0000"
17029,IL,Coles County,46777.0,8592.0,0.1836800136819377,0.3546322160148976,0.17258481732475361,56478.0,11.4,6.9,8.2,13.8,728.0,84.72998137802607,42760,state,2025,"BLS OEWS annual mean wage, SOC 31-0000"
17031,IL,Cook County,5182090.0,827156.0,0.15961822353529176,0.3073156695955781,0.11337896485780834,83498.0,11.8,5.3,5.7,11.6,87770.0,106.11057648134089,42760,state,2025,"BLS OEWS annual mean wage, SOC 31-0000"
17033,IL,Crawford County,18511.0,3659.0,0.19766625249851438,0.32139928942333973,0.13354221814056508,71674.0,12.1,7.2,8.4,14.1,292.0,79.80322492484285,42760,state,2025,"BLS OEWS annual mean wage, SOC 31-0000"
17035,IL,Cumberland County,10334.0,2173.0,0.21027675633830076,0.32581684307409114,0.1405070640603832,73327.0,11.9,7.3,8.1,13.7,171.0,78.6930510814542,42760,state,2025,"BLS OEWS annual mean wage, SOC 31-0000"
17039,IL,De Witt County,15373.0,3182.0,0.2069862746373512,0.313953488372093,0.13458661289273402,71678.0,12.2,7.3,8.4,14.2,294.0,92.39472030169705,42760,state,2025,"BLS OEWS annual mean wage, SOC 31-0000"
17037,IL,DeKalb County,100703.0,14020.0,0.139221274440682,0.26176890156918686,0.11010595513539816,70724.0,10.3,5.5,6.3,12.2,1900.0,135.5206847360913,42760,state,2025,"BLS OEWS annual mean wage, SOC 31-0000"
17041,IL,Douglas County,19751.0,3679.0,0.1862690496683712,0.3098668116335961,0.12379120044554706,77320.0,11.7,6.9,8.0,14.0,289.0,78.55395487904322,42760,state,2025,"BLS OEWS annual mean wage, SOC 31-0000"
17043,IL,DuPage County,930024.0,161240.0,0.173371869973248,0.24177003225006202,0.08917189233826224,112096.0,10.0,5.3,5.0,10.2,10114.0,62.72637062763582,42760,state,2025,"BLS OEWS annual mean wage, SOC 31-0000"
17045,IL,Edgar County,16535.0,4080.0,0.2467493196250378,0.2656862745098039,0.17653462352585425,59941.0,13.6,8.6,9.8,15.4,346.0,84.80392156862746,42760,state,2025,"BLS OEWS annual mean wage, SOC 31-0000"
17047,IL,Edwards County,6075.0,1370.0,0.22551440329218106,0.24671532846715327,0.20181069958847736,60519.0,14.1,8.7,10.3,16.0,97.0,70.8029197080292,42760,state,2025,"BLS OEWS annual mean wage, SOC 31-0000"
17049,IL,Effingham County,34522.0,6501.0,0.1883146978738196,0.2834948469466236,0.14167777069694687,80404.0,11.3,6.8,7.7,13.2,469.0,72.14274726965083,42760,state,2025,"BLS OEWS annual mean wage, SOC 31-0000"
17051,IL,Fayette County,21315.0,4164.0,0.19535538353272344,0.2903458213256484,0.17316443818906874,60944.0,12.7,7.6,9.2,14.9,312.0,74.9279538904899,42760,state,2025,"BLS OEWS annual mean wage, SOC 31-0000"
17053,IL,Ford County,13406.0,2628.0,0.19603162762941967,0.3089802130898021,0.14463672982246756,62439.0,12.4,7.5,8.7,14.5,167.0,63.54642313546423,42760,state,2025,"BLS OEWS annual mean wage, SOC 31-0000"
17055,IL,Franklin County,37323.0,7835.0,0.2099241754414168,0.3457562220804084,0.21056721056721056,56740.0,13.9,8.4,10.2,16.0,826.0,105.42437779195915,42760,state,2025,"BLS OEWS annual mean wage, SOC 31-0000"
17057,IL,Fulton County,33020.0,7089.0,0.21468806783767413,0.2815629849061927,0.1489703210175651,60599.0,13.0,7.9,9.2,14.9,615.0,86.754126110876,42760,state,2025,"BLS OEWS annual mean wage, SOC 31-0000"
17059,IL,Gallatin County,4819.0,1217.0,0.25254202116621705,0.3179950698438784,0.25378709275783357,59219.0,14.6,9.3,10.9,16.4,122.0,100.24650780608052,42760,state,2025,"BLS OEWS annual mean wage, SOC 31-0000"
17061,IL,Greene County,11683.0,2434.0,0.20833689976889497,0.32128184059161874,0.16451253958743473,62192.0,13.2,8.1,9.7,15.4,278.0,114.215283483977,42760,state,2025,"BLS OEWS annual mean wage, SOC 31-0000"
17063,IL,Grundy County,53219.0,8031.0,0.15090475206223342,0.2745610758311543,0.09639414494823277,92235.0,10.3,5.7,6.4,12.4,599.0,74.58597933009588,42760,state,2025,"BLS OEWS annual mean wage, SOC 31-0000"
17065,IL,Hamilton County,7916.0,1816.0,0.2294087923193532,0.3529735682819383,0.1906265790803436,65746.0,13.9,8.7,10.1,15.7,177.0,97.4669603524229,42760,state,2025,"BLS OEWS annual mean wage, SOC 31-0000"
17067,IL,Hancock County,17281.0,4256.0,0.24628204386320235,0.31743421052631576,0.22267229905676755,65865.0,13.2,8.2,9.0,14.5,226.0,53.1015037593985,42760,state,2025,"BLS OEWS annual mean wage, SOC 31-0000"
17069,IL,Hardin County,3605.0,1076.0,0.2984743411927878,0.2425650557620818,0.26712898751733705,54271.0,14.7,9.3,10.5,16.0,104.0,96.65427509293681,42760,state,2025,"BLS OEWS annual mean wage, SOC 31-0000"
17071,IL,Henderson County,6193.0,1710.0,0.27611819796544484,0.26432748538011697,0.23461973195543356,62227.0,14.1,8.9,9.6,15.1,83.0,48.538011695906434,42760,state,2025,"BLS OEWS annual mean wage, SOC 31-0000"
17073,IL,Henry County,48643.0,10591.0,0.21772916966469996,0.2862808044566141,0.1327837510021997,71911.0,11.9,7.2,7.8,13.5,590.0,55.707676328958556,42760,state,2025,"BLS OEWS annual mean wage, SOC 31-0000"
17075,IL,Iroquois County,26449.0,5977.0,0.22598207871753184,0.29646980090346325,0.15989262353964234,66255.0,13.9,8.4,9.7,15.4,471.0,78.80207461937428,42760,state,2025,"BLS OEWS annual mean wage, SOC 31-0000"
17077,IL,Jackson County,53064.0,8778.0,0.1654228855721393,0.31954887218045114,0.16973842906678727,48763.0,11.6,6.5,7.7,13.3,933.0,106.28844839371156,42760,state,2025,"BLS OEWS annual mean wage, SOC 31-0000"
17079,IL,Jasper County,9180.0,1926.0,0.20980392156862746,0.2814122533748702,0.14531590413943354,74755.0,12.0,7.3,8.1,13.7,133.0,69.05503634475598,42760,state,2025,"BLS OEWS annual mean wage, SOC 31-0000"
17081,IL,Jefferson County,36550.0,7298.0,0.19967168262653898,0.28802411619621815,0.1763064295485636,63118.0,13.0,7.6,8.8,14.6,757.0,103.72704850644011,42760,state,2025,"BLS OEWS annual mean wage, SOC 31-0000"
17083,IL,Jersey County,21274.0,4391.0,0.20640218106609007,0.23775905260760646,0.1299238507097866,80361.0,11.7,7.1,7.9,13.5,415.0,94.51150079708495,42760,state,2025,"BLS OEWS annual mean wage, SOC 31-0000"
17085,IL,Jo Daviess County,21851.0,6541.0,0.2993455677085717,0.26463843449013913,0.13711042972861653,73993.0,13.2,8.5,8.6,13.8,254.0,38.831982877235895,42760,state,2025,"BLS OEWS annual mean wage, SOC 31-0000"
17087,IL,Johnson County,13376.0,2630.0,0.1966208133971292,0.22813688212927757,0.16088516746411483,62528.0,12.9,7.7,8.9,14.7,305.0,115.96958174904944,42760,state,2025,"BLS OEWS annual mean wage, SOC 31-0000"
17089,IL,Kane County,517255.0,80391.0,0.15541850731264076,0.24745307310519835,0.09588694164387004,103163.0,11.5,5.7,5.7,12.1,7535.0,93.72939756937966,42760,state,2025,"BLS OEWS annual mean wage, SOC 31-0000"
17091,IL,Kankakee County,106635.0,19030.0,0.17845923008393116,0.28896479243300055,0.15344868007689783,71281.0,13.0,7.0,7.9,14.1,1849.0,97.16237519705729,42760,state,2025,"BLS OEWS annual mean wage, SOC 31-0000"
17093,IL,Kendall County,137675.0,15466.0,0.11233702560377701,0.22500969869390922,0.08137279825676412,111601.0,9.4,4.4,4.7,10.8,1860.0,120.26380447433078,42760,state,2025,"BLS OEWS annual mean wage, SOC 31-0000"
17095,IL,Knox County,49046.0,10907.0,0.22238306895567425,0.3873659117997616,0.1431105492802675,57030.0,13.5,8.2,9.4,15.2,809.0,74.17254973869991,42760,state,2025,"BLS OEWS annual mean wage, SOC 31-0000"
17099,IL,LaSalle County,108714.0,21669.0,0.19932115458910535,0.29230698232498037,0.1353459536030318,73045.0,12.4,7.3,8.2,14.2,1883.0,86.89833402556647,42760,state,2025,"BLS OEWS annual mean wage, SOC 31-0000"
17097,IL,Lake County,714223.0,112792.0,0.15792266561004056,0.2468171501524931,0.09581461252297951,110416.0,11.2,5.4,5.4,11.0,9163.0,81.23803106603306,42760,state,2025,"BLS OEWS annual mean wage, SOC 31-0000"
17101,IL,Lawrence County,15031.0,2779.0,0.18488457188477148,0.28607412738395105,0.18242299248220345,55324.0,12.8,7.5,9.2,15.1,328.0,118.0280676502339,42760,state,2025,"BLS OEWS annual mean wage, SOC 31-0000"
17103,IL,Lee County,33869.0,7227.0,0.21338096784670346,0.28448872284488724,0.1506097020874546,70292.0,12.8,7.6,8.4,14.2,647.0,89.5253908952539,42760,state,2025,"BLS OEWS annual mean wage, SOC 31-0000"
17105,IL,Livingston County,35565.0,7164.0,0.20143399409531842,0.3010887772194305,0.1283846478279207,73790.0,12.2,7.3,8.4,14.2,601.0,83.89168062534897,42760,state,2025,"BLS OEWS annual mean wage, SOC 31-0000"
17107,IL,Logan County,27713.0,5409.0,0.19517915779598022,0.322980218154927,0.1336917692057879,66358.0,11.6,6.9,7.9,13.6,665.0,122.94324274357552,42760,state,2025,"BLS OEWS annual mean wage, SOC 31-0000"
17115,IL,Macon County,101849.0,21412.0,0.21023279560918615,0.3363534466654213,0.14687429429842216,62666.0,13.3,7.5,8.5,14.4,1760.0,82.19689893517653,42760,state,2025,"BLS OEWS annual mean wage, SOC 31-0000"
17117,IL,Macoupin County,44350.0,9566.0,0.2156933483652762,0.2724231653773782,0.1657271702367531,70805.0,12.8,7.7,9.1,14.7,545.0,56.97261133180013,42760,state,2025,"BLS OEWS annual mean wage, SOC 31-0000"
17119,IL,Madison County,264238.0,48934.0,0.18518910981766437,0.3131564965054972,0.1562379370113307,75793.0,11.2,6.4,7.2,13.4,4067.0,83.11194670372338,42760,state,2025,"BLS OEWS annual mean wage, SOC 31-0000"
17121,IL,Marion County,37000.0,7473.0,0.20197297297297298,0.3429680181988492,0.1874054054054054,61240.0,13.3,7.9,9.5,15.3,820.0,109.72835541281948,42760,state,2025,"BLS OEWS annual mean wage, SOC 31-0000"
17123,IL,Marshall County,11647.0,2800.0,0.2404052545719928,0.2542857142857143,0.1532583497896454,71585.0,13.0,8.1,8.9,14.6,306.0,109.28571428571429,42760,state,2025,"BLS OEWS annual mean wage, SOC 31-0000"
17125,IL,Mason County,12745.0,2939.0,0.23060023538642604,0.3290234773732562,0.1767752059631228,62845.0,13.3,8.3,9.4,15.0,296.0,100.71452875127594,42760,state,2025,"BLS OEWS annual mean wage, SOC 31-0000"
17127,IL,Massac County,13865.0,3049.0,0.21990623873061665,0.23023942276156117,0.17410746483952397,65116.0,14.1,8.3,9.7,15.5,376.0,123.31912102328631,42760,state,2025,"BLS OEWS annual mean wage, SOC 31-0000"
17109,IL,McDonough County,26920.0,5199.0,0.19312778603268946,0.36045393344874016,0.15159732540861812,52795.0,11.4,6.8,7.9,13.5,354.0,68.09001731102136,42760,state,2025,"BLS OEWS annual mean wage, SOC 31-0000"
17111,IL,McHenry County,312591.0,51512.0,0.16479041303172517,0.24827224724336078,0.10055311893176706,104802.0,10.5,5.6,5.9,11.7,3571.0,69.32365274110887,42760,state,2025,"BLS OEWS annual mean wage, SOC 31-0000"
17113,IL,McLean County,171556.0,25004.0,0.14574832707687285,0.296872500399936,0.09996152859707617,79905.0,9.5,5.2,5.6,11.1,2536.0,101.42377219644858,42760,state,2025,"BLS OEWS annual mean wage, SOC 31-0000"
17129,IL,Menard County,12095.0,2513.0,0.20777180653162464,0.25228810187027456,0.15907399751963622,82176.0,11.7,7.0,7.9,13.5,284.0,113.01233585356148,42760,state,2025,"BLS OEWS annual mean wage, SOC 31-0000"
17131,IL,Mercer County,15495.0,3389.0,0.2187157147466925,0.25789318383003834,0.1282994514359471,74182.0,12.4,7.6,8.6,14.3,201.0,59.30953083505459,42760,state,2025,"BLS OEWS annual mean wage, SOC 31-0000"
17133,IL,Monroe County,35036.0,6913.0,0.19731133691060623,0.2282655865760162,0.10517753168169883,102880.0,10.1,5.9,6.2,11.7,382.0,55.258209171126865,42760,state,2025,"BLS OEWS annual mean wage, SOC 31-0000"
17135,IL,Montgomery County,27942.0,6007.0,0.21498103213800016,0.3309472282337273,0.15253024121394318,63620.0,12.6,7.6,8.9,14.7,566.0,94.22340602630265,42760,state,2025,"BLS OEWS annual mean wage, SOC 31-0000"
17137,IL,Morgan County,33021.0,6897.0,0.2088670845825384,0.33028853124546903,0.1758577874685806,66306.0,12.6,7.6,8.8,14.4,552.0,80.03479773814702,42760,state,2025,"BLS OEWS annual mean wage, SOC 31-0000"
17139,IL,Moultrie County,14424.0,2739.0,0.189891846921797,0.24863088718510407,0.12846644481419855,71784.0,11.6,7.1,8.6,14.4,112.0,40.89083607155896,42760,state,2025,"BLS OEWS annual mean wage, SOC 31-0000"
17141,IL,Ogle County,51495.0,10274.0,0.1995145159724245,0.30698851469729416,0.14642198271676862,82132.0,12.2,7.1,7.8,13.7,857.0,83.41444422814872,42760,state,2025,"BLS OEWS annual mean wage, SOC 31-0000"
17143,IL,Peoria County,179645.0,32813.0,0.18265468006345847,0.3345625209520617,0.13943611010604248,65108.0,12.6,6.7,7.5,13.2,3769.0,114.86301161125164,42760,state,2025,"BLS OEWS annual mean wage, SOC 31-0000"
17145,IL,Perry County,20639.0,4185.0,0.20277145210523767,0.25065710872162483,0.18508648674838898,62118.0,13.2,7.9,9.5,15.3,277.0,66.18876941457587,42760,state,2025,"BLS OEWS annual mean wage, SOC 31-0000"
17147,IL,Piatt County,16695.0,3529.0,0.21138065289008684,0.247662227259847,0.12955974842767295,94811.0,10.9,6.6,6.9,12.4,340.0,96.34457353357892,42760,state,2025,"BLS OEWS annual mean wage, SOC 31-0000"
17149,IL,Pike County,14469.0,3152.0,0.21784504803372728,0.31281725888324874,0.1670467896882991,59777.0,13.3,8.2,9.7,15.3,267.0,84.70812182741116,42760,state,2025,"BLS OEWS annual mean wage, SOC 31-0000"
17151,IL,Pope County,3739.0,1084.0,0.2899170901310511,0.3081180811808118,0.2340197913880717,60050.0,14.9,9.4,9.9,15.5,85.0,78.41328413284134,42760,state,2025,"BLS OEWS annual mean wage, SOC 31-0000"
17153,IL,Pulaski County,5015.0,1172.0,0.2336989032901296,0.3438566552901024,0.24985044865403788,42463.0,18.4,9.5,11.6,17.5,117.0,99.82935153583618,42760,state,2025,"BLS OEWS annual mean wage, SOC 31-0000"
17155,IL,Putnam County,5601.0,1379.0,0.246206034636672,0.2704858593183466,0.15961435457953937,75590.0,12.1,7.6,7.8,13.4,128.0,92.82088469905729,42760,state,2025,"BLS OEWS annual mean wage, SOC 31-0000"
17157,IL,Randolph County,30058.0,6393.0,0.21268880165014306,0.2837478492100735,0.20180983432031405,68131.0,12.9,7.7,8.9,14.8,602.0,94.16549350852495,42760,state,2025,"BLS OEWS annual mean wage, SOC 31-0000"
17159,IL,Richland County,15598.0,3234.0,0.2073342736248237,0.3358070500927644,0.1734196691883575,62455.0,12.5,7.7,8.9,14.5,306.0,94.61966604823748,42760,state,2025,"BLS OEWS annual mean wage, SOC 31-0000"
17161,IL,Rock Island County,142757.0,29061.0,0.2035697023613553,0.3398368948074739,0.15110992805956977,67159.0,13.1,7.3,8.1,14.0,2073.0,71.33271394652627,42760,state,2025,"BLS OEWS annual mean wage, SOC 31-0000"
17165,IL,Saline County,23213.0,4996.0,0.21522422780338604,0.3759007205764612,0.23465299616594149,53117.0,13.5,8.2,9.7,15.4,505.0,101.08086469175339,42760,state,2025,"BLS OEWS annual mean wage, SOC 31-0000"
17167,IL,Sangamon County,194947.0,37849.0,0.1941502049274931,0.3330867394118735,0.1340415600137473,75357.0,11.9,6.6,7.3,13.0,2940.0,77.67708525984834,42760,state,2025,"BLS OEWS annual mean wage, SOC 31-0000"
17169,IL,Schuyler County,6787.0,1744.0,0.25696183880948875,0.2029816513761468,0.1797554147635185,65948.0,14.4,8.7,9.8,15.5,125.0,71.67431192660551,42760,state,2025,"BLS OEWS annual mean wage, SOC 31-0000"
17171,IL,Scott County,4937.0,1142.0,0.23131456350010127,0.36777583187390545,0.1549524002430626,66705.0,12.3,7.5,8.6,14.2,95.0,83.18739054290718,42760,state,2025,"BLS OEWS annual mean wage, SOC 31-0000"
17173,IL,Shelby County,20720.0,4905.0,0.23672779922779924,0.26788990825688075,0.14165057915057916,72095.0,13.0,8.1,9.0,14.5,522.0,106.42201834862387,42760,state,2025,"BLS OEWS annual mean wage, SOC 31-0000"
17163,IL,St. Clair County,253694.0,44007.0,0.1734648828904113,0.31354102756379665,0.14785923198814319,73854.0,13.1,6.5,7.2,13.2,4342.0,98.66612129888428,42760,state,2025,"BLS OEWS annual mean wage, SOC 31-0000"
17175,IL,Stark County,5308.0,1215.0,0.2288997739261492,0.32098765432098764,0.14374529012810852,62878.0,12.7,7.9,8.8,14.4,109.0,89.7119341563786,42760,state,2025,"BLS OEWS annual mean wage, SOC 31-0000"
17177,IL,Stephenson County,43768.0,10671.0,0.2438082617437397,0.27232686721019583,0.1538110034728569,64043.0,13.9,8.3,9.1,14.8,616.0,57.72654858963546,42760,state,2025,"BLS OEWS annual mean wage, SOC 31-0000"
17179,IL,Tazewell County,130290.0,25882.0,0.19864916724230564,0.28927439919635267,0.1223885179215596,77982.0,11.2,6.6,7.3,13.0,2155.0,83.26249903407775,42760,state,2025,"BLS OEWS annual mean wage, SOC 31-0000"
17181,IL,Union County,16997.0,3899.0,0.2293934223686533,0.3990766863298282,0.2065070306524681,55728.0,14.1,8.7,10.1,15.7,404.0,103.61631187483971,42760,state,2025,"BLS OEWS annual mean wage, SOC 31-0000"
17183,IL,Vermilion County,72386.0,14698.0,0.20305031359655182,0.35719145461967616,0.14145000414444783,56877.0,14.4,8.2,9.7,15.7,1354.0,92.12137705810314,42760,state,2025,"BLS OEWS annual mean wage, SOC 31-0000"
17185,IL,Wabash County,11119.0,2509.0,0.22564978865005847,0.3280191311279394,0.2341937224570555,57086.0,13.3,8.2,9.4,14.9,108.0,43.04503786369071,42760,state,2025,"BLS OEWS annual mean wage, SOC 31-0000"
17187,IL,Warren County,16447.0,3286.0,0.19979327536936828,0.2909312233718807,0.13698546847449383,67385.0,12.3,7.3,8.2,14.1,241.0,73.34144856968959,42760,state,2025,"BLS OEWS annual mean wage, SOC 31-0000"
17189,IL,Washington County,13627.0,2948.0,0.21633521684890292,0.28595658073270014,0.13509943494532914,78224.0,11.7,7.2,7.8,13.5,236.0,80.05427408412483,42760,state,2025,"BLS OEWS annual mean wage, SOC 31-0000"
17191,IL,Wayne County,15973.0,3510.0,0.2197458210730608,0.33304843304843307,0.16947348650848307,55521.0,13.6,8.5,10.0,15.7,280.0,79.77207977207978,42760,state,2025,"BLS OEWS annual mean wage, SOC 31-0000"
17193,IL,White County,13619.0,3191.0,0.23430501505250018,0.31306800376057664,0.2116895513620677,54813.0,14.5,9.2,11.0,16.5,225.0,70.51081165778753,42760,state,2025,"BLS OEWS annual mean wage, SOC 31-0000"
17195,IL,Whiteside County,54947.0,11967.0,0.21779169017416783,0.30759588869390825,0.14959870420587112,67500.0,13.0,7.6,8.3,14.4,1126.0,94.09208657140469,42760,state,2025,"BLS OEWS annual mean wage, SOC 31-0000"
17197,IL,Will County,701462.0,102267.0,0.1457912189113594,0.2170397097793032,0.0988036415372465,109984.0,10.7,5.3,5.6,11.7,9730.0,95.14310579170211,42760,state,2025,"BLS OEWS annual mean wage, SOC 31-0000"
17199,IL,Williamson County,66876.0,13136.0,0.19642323105448892,0.31805724725943973,0.18459537053651534,65604.0,12.4,7.2,8.2,14.0,1387.0,105.58769792935445,42760,state,2025,"BLS OEWS annual mean wage, SOC 31-0000"
17201,IL,Winnebago County,283292.0,52518.0,0.18538469141380626,0.3175863513462051,0.15141267667283226,65837.0,13.9,7.3,8.3,14.9,4947.0,94.19627556266423,42760,state,2025,"BLS OEWS annual mean wage, SOC 31-0000"
17203,IL,Woodford County,38312.0,7416.0,0.19356859469617874,0.25337108953613807,0.10451033618709543,91483.0,10.6,6.4,6.8,12.3,552.0,74.4336569579288,42760,state,2025,"BLS OEWS annual mean wage, SOC 31-0000"
24001,MD,Allegany County,67452.0,14262.0,0.21143924568582104,0.3372598513532464,0.19652493625096365,59603.0,13.3,7.9,9.7,15.5,1071.0,75.09465713083718,43660,state,2025,"BLS OEWS annual mean wage, SOC 31-0000"
24003,MD,Anne Arundel County,598166.0,94886.0,0.158628206885714,0.24590561305145123,0.10363845487707425,124911.0,10.4,5.3,5.2,11.7,6660.0,70.1894905465506,43660,state,2025,"BLS OEWS annual mean wage, SOC 31-0000"
24005,MD,Baltimore County,850796.0,154369.0,0.18144067438022746,0.29477420984783215,0.12043310029666336,91768.0,13.1,6.2,6.5,11.7,14205.0,92.01977080890593,43660,state,2025,"BLS OEWS annual mean wage, SOC 31-0000"
24510,MD,Baltimore city,573243.0,87602.0,0.15281826380784413,0.4084267482477569,0.16316640586976203,62177.0,14.4,6.4,7.3,13.8,11260.0,128.53587817629736,43660,state,2025,"BLS OEWS annual mean wage, SOC 31-0000"
24009,MD,Calvert County,94313.0,15402.0,0.16330728531591615,0.21250486949746786,0.10634801140881957,133922.0,10.9,5.5,5.9,11.9,853.0,55.38241786780937,43660,state,2025,"BLS OEWS annual mean wage, SOC 31-0000"
24011,MD,Caroline County,33669.0,5831.0,0.17318601681071608,0.28828674326873605,0.14788083994178622,68457.0,14.2,7.7,9.5,15.3,722.0,123.82095695421026,43660,state,2025,"BLS OEWS annual mean wage, SOC 31-0000"
24013,MD,Carroll County,175321.0,31453.0,0.17940235339748234,0.23870536991701904,0.12243256654935804,118211.0,10.3,6.0,5.9,11.4,2098.0,66.70269926557084,43660,state,2025,"BLS OEWS annual mean wage, SOC 31-0000"
24015,MD,Cecil County,104960.0,17925.0,0.17077934451219512,0.25444909344490935,0.12952553353658536,92007.0,13.2,6.6,7.7,14.0,1145.0,63.87726638772664,43660,state,2025,"BLS OEWS annual mean wage, SOC 31-0000"
24017,MD,Charles County,170527.0,23350.0,0.13692846294135239,0.24668094218415418,0.1105983216734007,122816.0,13.4,5.2,5.5,11.8,1771.0,75.84582441113491,43660,state,2025,"BLS OEWS annual mean wage, SOC 31-0000"
24019,MD,Dorchester County,32754.0,7538.0,0.2301398302497405,0.2784558238259485,0.1655065030225316,61839.0,16.6,8.7,9.9,16.3,592.0,78.53542053595118,43660,state,2025,"BLS OEWS annual mean wage, SOC 31-0000"
24021,MD,Frederick County,287048.0,43882.0,0.152873387029347,0.2208422587849232,0.09815083191661325,122002.0,10.6,5.4,5.1,10.5,3107.0,70.80351852695867,43660,state,2025,"BLS OEWS annual mean wage, SOC 31-0000"
24023,MD,Garrett County,28615.0,6925.0,0.2420059409400664,0.292129963898917,0.195771448540975,67688.0,14.1,8.3,9.3,15.0,454.0,65.55956678700362,43660,state,2025,"BLS OEWS annual mean wage, SOC 31-0000"
24025,MD,Harford County,263757.0,46016.0,0.17446361613151498,0.2430893602225313,0.11154206333860334,112265.0,11.6,5.8,6.1,12.1,2676.0,58.15368567454799,43660,state,2025,"BLS OEWS annual mean wage, SOC 31-0000"
24027,MD,Howard County,336328.0,51275.0,0.15245534121452867,0.18993661628473915,0.08552068219119431,149763.0,10.4,4.8,4.0,9.5,3043.0,59.346660165772796,43660,state,2025,"BLS OEWS annual mean wage, SOC 31-0000"
24029,MD,Kent County,19346.0,5305.0,0.27421689238085395,0.29010367577756835,0.15005685929907991,80147.0,13.7,8.1,8.1,13.3,194.0,36.56927426955702,43660,state,2025,"BLS OEWS annual mean wage, SOC 31-0000"
24031,MD,Montgomery County,1065949.0,181139.0,0.1699321449712885,0.22784160230541187,0.09335061996399452,132450.0,10.8,5.3,4.5,10.5,14223.0,78.51981075306809,43660,state,2025,"BLS OEWS annual mean wage, SOC 31-0000"
24033,MD,Prince George's County,959754.0,143116.0,0.14911737799477784,0.2506498225215909,0.10383285716964973,101798.0,15.2,5.5,5.5,12.6,17508.0,122.33433019368904,43660,state,2025,"BLS OEWS annual mean wage, SOC 31-0000"
24035,MD,Queen Anne's County,51825.0,10720.0,0.20684997588036663,0.22975746268656716,0.10444766039556198,112826.0,11.6,6.7,6.8,12.4,522.0,48.69402985074627,43660,state,2025,"BLS OEWS annual mean wage, SOC 31-0000"
24039,MD,Somerset County,24822.0,4419.0,0.17802755620014504,0.3530210454854039,0.12915961646926113,64943.0,14.2,7.5,8.7,14.9,275.0,62.23127404390134,43660,state,2025,"BLS OEWS annual mean wage, SOC 31-0000"
24037,MD,St. Mary's County,115126.0,16144.0,0.14022896652363498,0.21766600594648167,0.11470041519726212,119446.0,11.4,5.7,5.9,11.9,1273.0,78.85282457879087,43660,state,2025,"BLS OEWS annual mean wage, SOC 31-0000"
24041,MD,Talbot County,37917.0,11210.0,0.2956457525648126,0.3024085637823372,0.15167339188226917,84811.0,13.1,8.4,8.0,13.6,425.0,37.91257805530776,43660,state,2025,"BLS OEWS annual mean wage, SOC 31-0000"
24043,MD,Washington County,155709.0,28153.0,0.18080521999370622,0.2646254395623912,0.14611229922483607,77747.0,13.3,7.2,8.4,14.3,2084.0,74.02408269100984,43660,state,2025,"BLS OEWS annual mean wage, SOC 31-0000"
24045,MD,Wicomico County,104914.0,17448.0,0.16630764245000668,0.27968821641448877,0.11785843643365042,76210.0,12.6,6.5,7.4,13.1,3031.0,173.71618523613023,43660,state,2025,"BLS OEWS annual mean wage, SOC 31-0000"
24047,MD,Worcester County,53700.0,15371.0,0.2862383612662942,0.25378960379936244,0.15160148975791435,81745.0,13.7,8.1,8.0,13.9,628.0,40.856157699564115,43660,state,2025,"BLS OEWS annual mean wage, SOC 31-0000"
26001,MI,Alcona County,10397.0,3843.0,0.36962585361161876,0.2792089513400989,0.22958545734346447,54993.0,16.0,11.0,11.9,17.0,194.0,50.481394743689826,39680,state,2025,"BLS OEWS annual mean wage, SOC 31-0000"
26003,MI,Alger County,8762.0,2380.0,0.2716274823099749,0.2323529411764706,0.18100890207715134,61286.0,13.2,8.7,9.6,15.2,98.0,41.1764705882353,39680,state,2025,"BLS OEWS annual mean wage, SOC 31-0000"
26005,MI,Allegan County,121456.0,22378.0,0.18424779343959952,0.21127893466797748,0.11525984718745884,83283.0,11.6,7.1,8.2,14.2,1686.0,75.3418536062204,39680,state,2025,"BLS OEWS annual mean wage, SOC 31-0000"
26007,MI,Alpena County,28880.0,7265.0,0.2515581717451524,0.29745354439091537,0.21810941828254848,53950.0,14.2,9.5,11.4,16.6,673.0,92.63592567102546,39680,state,2025,"BLS OEWS annual mean wage, SOC 31-0000"
26009,MI,Antrim County,24127.0,6930.0,0.28723007419074065,0.25497835497835497,0.16123015708542296,72054.0,12.8,8.5,9.0,14.3,406.0,58.58585858585859,39680,state,2025,"BLS OEWS annual mean wage, SOC 31-0000"
26011,MI,Arenac County,15077.0,4104.0,0.27220269284340387,0.27266081871345027,0.17530012601976522,58811.0,14.7,9.8,11.4,16.8,239.0,58.23586744639376,39680,state,2025,"BLS OEWS annual mean wage, SOC 31-0000"
26013,MI,Baraga County,8191.0,1901.0,0.23208399462825052,0.3072067332982641,0.19423757782932488,55327.0,14.5,9.0,10.6,16.7,76.0,39.97895844292478,39680,state,2025,"BLS OEWS annual mean wage, SOC 31-0000"
26015,MI,Barry County,63409.0,12372.0,0.1951142582283272,0.23302618816682832,0.12876720970209277,77500.0,11.2,7.2,8.3,13.9,1039.0,83.97995473650177,39680,state,2025,"BLS OEWS annual mean wage, SOC 31-0000"
26017,MI,Bay County,103008.0,22568.0,0.21908977943460703,0.331664303438497,0.16669579061820441,61763.0,12.6,7.8,9.3,15.0,2867.0,127.0382842963488,39680,state,2025,"BLS OEWS annual mean wage, SOC 31-0000"
26019,MI,Benzie County,18310.0,5261.0,0.28732932823593665,0.22220110245200533,0.17438558164937193,74834.0,12.8,8.5,9.0,14.6,267.0,50.7508078312108,39680,state,2025,"BLS OEWS annual mean wage, SOC 31-0000"
26021,MI,Berrien County,153288.0,32703.0,0.2133435102552059,0.2733388374155276,0.14154402171076666,65425.0,13.5,8.0,9.2,15.2,2617.0,80.0232394581537,39680,state,2025,"BLS OEWS annual mean wage, SOC 31-0000"
26023,MI,Branch County,45300.0,8787.0,0.19397350993377482,0.28052805280528054,0.15286975717439294,63724.0,13.3,8.3,10.2,16.3,640.0,72.83486969386594,39680,state,2025,"BLS OEWS annual mean wage, SOC 31-0000"
26025,MI,Calhoun County,133778.0,24927.0,0.1863310858287611,0.2835479600433265,0.14122650959051564,63177.0,13.3,7.6,9.2,15.0,2379.0,95.43868094836924,39680,state,2025,"BLS OEWS annual mean wage, SOC 31-0000"
26027,MI,Cass County,51520.0,11620.0,0.22554347826086957,0.2576592082616179,0.16057841614906831,70443.0,13.1,8.3,9.7,15.4,731.0,62.908777969018935,39680,state,2025,"BLS OEWS annual mean wage, SOC 31-0000"
26029,MI,Charlevoix County,26108.0,7067.0,0.2706833154588632,0.21720673553134287,0.14608549103722998,76531.0,12.3,8.2,8.6,13.9,389.0,55.044573369180696,39680,state,2025,"BLS OEWS annual mean wage, SOC 31-0000"
26031,MI,Cheboygan County,25865.0,7494.0,0.28973516334815386,0.255404323458767,0.19025710419485792,62875.0,14.6,9.5,10.9,16.3,454.0,60.58179877235122,39680,state,2025,"BLS OEWS annual mean wage, SOC 31-0000"
26033,MI,Chippewa County,36295.0,7114.0,0.19600495936079348,0.2971605285352825,0.15671580107452818,62217.0,12.7,7.8,9.1,15.6,398.0,55.946021928591506,39680,state,2025,"BLS OEWS annual mean wage, SOC 31-0000"
26035,MI,Clare County,31218.0,7988.0,0.2558780190915497,0.2975713570355533,0.24117496316227818,49384.0,15.4,10.2,12.7,18.1,551.0,68.97846770155233,39680,state,2025,"BLS OEWS annual mean wage, SOC 31-0000"
26037,MI,Clinton County,79626.0,14971.0,0.1880164770301158,0.25121902344532765,0.12822444930047974,88210.0,10.6,6.6,7.3,13.1,893.0,59.64865406452475,39680,state,2025,"BLS OEWS annual mean wage, SOC 31-0000"
26039,MI,Crawford County,13369.0,3645.0,0.2726456728251926,0.23072702331961592,0.23614331662802004,60392.0,14.9,10.0,11.6,16.9,192.0,52.674897119341566,39680,state,2025,"BLS OEWS annual mean wage, SOC 31-0000"
26041,MI,Delta County,36813.0,9658.0,0.2623529731344905,0.2986125491820253,0.16850025806101104,57809.0,13.8,9.1,10.5,15.9,592.0,61.29633464485401,39680,state,2025,"BLS OEWS annual mean wage, SOC 31-0000"
26043,MI,Dickinson County,25954.0,6278.0,0.24188949680203436,0.29483912073908886,0.17557987208137474,65156.0,12.6,8.3,9.2,14.8,485.0,77.25390251672506,39680,state,2025,"BLS OEWS annual mean wage, SOC 31-0000"
26045,MI,Eaton County,109130.0,21940.0,0.2010446256757995,0.2716955332725615,0.15184642169889123,79597.0,11.4,6.8,7.5,13.4,1256.0,57.247037374658156,39680,state,2025,"BLS OEWS annual mean wage, SOC 31-0000"
26047,MI,Emmet County,34125.0,8521.0,0.2496996336996337,0.23518366388921488,0.13227838827838828,78112.0,11.5,7.5,7.8,13.2,449.0,52.69334585142589,39680,state,2025,"BLS OEWS annual mean wage, SOC 31-0000"
26049,MI,Genesee County,403305.0,75735.0,0.18778591884553875,0.3006007790321516,0.1773198943727452,62281.0,13.2,7.8,9.5,16.0,7246.0,95.67571136198586,39680,state,2025,"BLS OEWS annual mean wage, SOC 31-0000"
26051,MI,Gladwin County,25693.0,7019.0,0.2731872494453742,0.281094172959111,0.19908146187677578,55349.0,15.0,10.1,11.9,17.1,407.0,57.98546801538681,39680,state,2025,"BLS OEWS annual mean wage, SOC 31-0000"
26053,MI,Gogebic County,14319.0,4203.0,0.29352608422375864,0.2957411372828932,0.18835114183951393,52732.0,15.2,10.3,11.3,16.7,240.0,57.102069950035684,39680,state,2025,"BLS OEWS annual mean wage, SOC 31-0000"
26055,MI,Grand Traverse County,96166.0,21109.0,0.21950585445999626,0.28187029229238714,0.12554333132292078,81647.0,10.7,6.8,7.4,13.2,1313.0,62.20095693779904,39680,state,2025,"BLS OEWS annual mean wage, SOC 31-0000"
26057,MI,Gratiot County,41385.0,7377.0,0.1782529902138456,0.26799511996746644,0.1428536909508276,63556.0,11.6,7.3,8.8,14.8,897.0,121.59414396095974,39680,state,2025,"BLS OEWS annual mean wage, SOC 31-0000"
26059,MI,Hillsdale County,45654.0,9763.0,0.21384763657072764,0.25391785311891835,0.16180400403031497,64242.0,13.5,8.7,10.5,16.1,716.0,73.33811328485098,39680,state,2025,"BLS OEWS annual mean wage, SOC 31-0000"
26061,MI,Houghton County,37693.0,6775.0,0.1797415965829199,0.3077490774907749,0.11394688668983631,58899.0,10.0,6.6,7.6,12.8,529.0,78.08118081180812,39680,state,2025,"BLS OEWS annual mean wage, SOC 31-0000"
26063,MI,Huron County,31113.0,8465.0,0.27207276701057437,0.3034849379799173,0.15903320155561984,58870.0,14.3,9.4,10.8,16.3,625.0,73.83343177790903,39680,state,2025,"BLS OEWS annual mean wage, SOC 31-0000"
26065,MI,Ingham County,283913.0,42210.0,0.14867230454399763,0.3434968017057569,0.1377499445252595,65526.0,10.2,5.6,6.5,12.5,4417.0,104.64344941956882,39680,state,2025,"BLS OEWS annual mean wage, SOC 31-0000"
26067,MI,Ionia County,66574.0,10522.0,0.15804968906780426,0.24767154533358676,0.13687024964700933,75611.0,11.1,6.7,8.1,14.0,839.0,79.7376924539061,39680,state,2025,"BLS OEWS annual mean wage, SOC 31-0000"
26069,MI,Iosco County,25347.0,7872.0,0.3105692981417919,0.3163109756097561,0.2019962914743362,50066.0,15.9,10.9,12.7,18.0,258.0,32.77439024390244,39680,state,2025,"BLS OEWS annual mean wage, SOC 31-0000"
26071,MI,Iron County,11667.0,3662.0,0.3138767463786749,0.315401419989077,0.22405074140738837,55940.0,15.3,10.3,11.5,16.7,194.0,52.97651556526488,39680,state,2025,"BLS OEWS annual mean wage, SOC 31-0000"
26073,MI,Isabella County,64565.0,9022.0,0.13973515062340278,0.28851695854577697,0.14775807325950593,55237.0,10.5,6.2,8.2,14.3,1201.0,133.11904234094436,39680,state,2025,"BLS OEWS annual mean wage, SOC 31-0000"
26075,MI,Jackson County,160060.0,30511.0,0.19062226665000626,0.2707548097407492,0.13774834437086092,66073.0,12.5,7.5,8.7,14.9,2758.0,90.39362852741634,39680,state,2025,"BLS OEWS annual mean wage, SOC 31-0000"
26077,MI,Kalamazoo County,262375.0,42340.0,0.16137208194378275,0.28623051487954654,0.11772081943782754,72532.0,9.7,5.9,6.9,12.7,4356.0,102.8814359943316,39680,state,2025,"BLS OEWS annual mean wage, SOC 31-0000"
26079,MI,Kalkaska County,18239.0,3961.0,0.21717199407862273,0.27871749558192377,0.18570097044794123,68578.0,13.5,8.7,10.5,16.3,432.0,109.06336783640495,39680,state,2025,"BLS OEWS annual mean wage, SOC 31-0000"
26081,MI,Kent County,663150.0,98825.0,0.1490235994872955,0.2631621553250696,0.1095046369599638,82631.0,10.3,5.7,6.4,12.5,9064.0,91.71768277257779,39680,state,2025,"BLS OEWS annual mean wage, SOC 31-0000"
26083,MI,Keweenaw County,2133.0,779.0,0.3652133145804032,0.21566110397946084,0.180028129395218,52583.0,13.4,9.5,9.0,14.0,82.0,105.26315789473684,39680,state,2025,"BLS OEWS annual mean wage, SOC 31-0000"
26085,MI,Lake County,12563.0,3423.0,0.2724667674918411,0.2754893368390301,0.23760248348324445,50805.0,17.2,10.9,13.4,19.0,186.0,54.338299737072745,39680,state,2025,"BLS OEWS annual mean wage, SOC 31-0000"
26087,MI,Lapeer County,88837.0,17916.0,0.20167272645406756,0.23738557713775396,0.1530668527753076,77306.0,11.9,7.6,9.0,14.8,1447.0,80.76579593659298,39680,state,2025,"BLS OEWS annual mean wage, SOC 31-0000"
26089,MI,Leelanau County,22734.0,7673.0,0.33751209641945984,0.19979147660628177,0.1264185801002903,99422.0,12.2,8.3,7.8,13.0,247.0,32.19079890525219,39680,state,2025,"BLS OEWS annual mean wage, SOC 31-0000"
26091,MI,Lenawee County,98415.0,20023.0,0.20345475791291978,0.2567047894920841,0.14135040390184422,70518.0,12.4,7.6,8.8,14.9,1849.0,92.34380462468161,39680,state,2025,"BLS OEWS annual mean wage, SOC 31-0000"
26093,MI,Livingston County,195833.0,38667.0,0.19744884672144122,0.21783432901440505,0.11391849177615622,103039.0,9.7,6.2,6.8,12.3,2555.0,66.0770165774433,39680,state,2025,"BLS OEWS annual mean wage, SOC 31-0000"
26095,MI,Luce County,6271.0,1418.0,0.22612023600701642,0.23201692524682652,0.2014032849625259,54893.0,14.1,8.9,10.1,15.8,118.0,83.21579689703808,39680,state,2025,"BLS OEWS annual mean wage, SOC 31-0000"
26097,MI,Mackinac County,10957.0,3255.0,0.2970703659760883,0.23440860215053763,0.199598430227252,63909.0,16.4,10.4,11.7,17.6,85.0,26.113671274961597,39680,state,2025,"BLS OEWS annual mean wage, SOC 31-0000"
26099,MI,Macomb County,879853.0,160868.0,0.18283508722479777,0.30768704776587014,0.13920166209582738,77837.0,11.4,6.8,8.2,14.1,14213.0,88.3519407215854,39680,state,2025,"BLS OEWS annual mean wage, SOC 31-0000"
26101,MI,Manistee County,25350.0,7095.0,0.2798816568047337,0.25651867512332627,0.17842209072978304,63516.0,13.7,9.1,10.2,15.7,444.0,62.579281183932345,39680,state,2025,"BLS OEWS annual mean wage, SOC 31-0000"
26103,MI,Marquette County,67112.0,13634.0,0.2031529383716772,0.27768813260965236,0.1506437000834426,65429.0,10.6,6.9,7.8,13.4,1458.0,106.93853601290891,39680,state,2025,"BLS OEWS annual mean wage, SOC 31-0000"
26105,MI,Mason County,29207.0,7689.0,0.26325880782004313,0.289634542853427,0.16896634368473312,64748.0,13.8,8.9,10.1,15.7,490.0,63.72740278319677,39680,state,2025,"BLS OEWS annual mean wage, SOC 31-0000"
26107,MI,Mecosta County,41242.0,8399.0,0.20365161728335193,0.27658054530301224,0.15889142136656806,60951.0,12.4,8.2,10.0,15.5,497.0,59.173711156090015,39680,state,2025,"BLS OEWS annual mean wage, SOC 31-0000"
26109,MI,Menominee County,23247.0,6261.0,0.26932507420312296,0.2991534898578502,0.16449434335613197,56435.0,13.9,9.3,10.6,16.1,377.0,60.21402331895864,39680,state,2025,"BLS OEWS annual mean wage, SOC 31-0000"
26111,MI,Midland County,83757.0,16923.0,0.20204878398223433,0.2870649412042782,0.14558783146483278,77705.0,10.8,7.1,7.7,13.5,1550.0,91.59132541511552,39680,state,2025,"BLS OEWS annual mean wage, SOC 31-0000"
26113,MI,Missaukee County,15207.0,3341.0,0.21970145327809562,0.2642921281053577,0.18228447425527716,66194.0,13.3,8.6,10.3,16.0,221.0,66.147859922179,39680,state,2025,"BLS OEWS annual mean wage, SOC 31-0000"
26115,MI,Monroe County,155505.0,30930.0,0.19890035690170735,0.28105399288716454,0.14650975852866469,77335.0,12.3,7.4,8.6,14.6,2738.0,88.5224700937601,39680,state,2025,"BLS OEWS annual mean wage, SOC 31-0000"
26117,MI,Montcalm County,67816.0,12113.0,0.178615665919547,0.22265334764302816,0.15598088946561284,67344.0,12.4,7.6,9.5,15.5,1116.0,92.13241971435647,39680,state,2025,"BLS OEWS annual mean wage, SOC 31-0000"
26119,MI,Montmorency County,9516.0,3152.0,0.3312316099201345,0.2887055837563452,0.24516603614964272,49756.0,16.5,11.2,12.9,18.0,196.0,62.18274111675127,39680,state,2025,"BLS OEWS annual mean wage, SOC 31-0000"
26121,MI,Muskegon County,175961.0,32488.0,0.18463182182415422,0.25988057128786013,0.14737924881081604,65024.0,12.7,7.4,9.1,15.0,3259.0,100.31396207830583,39680,state,2025,"BLS OEWS annual mean wage, SOC 31-0000"
26123,MI,Newaygo County,50792.0,10512.0,0.20696172625610332,0.2274543378995434,0.1762482280674122,63304.0,13.2,8.5,10.4,16.0,780.0,74.20091324200912,39680,state,2025,"BLS OEWS annual mean wage, SOC 31-0000"
26125,MI,Oakland County,1279825.0,235056.0,0.18366261012247767,0.29363641004696756,0.11401558806868127,97760.0,10.2,5.9,5.9,11.2,15988.0,68.01783404805663,39680,state,2025,"BLS OEWS annual mean wage, SOC 31-0000"
26127,MI,Oceana County,26915.0,6047.0,0.22467025822032324,0.23896146849677527,0.17815344603381014,62417.0,13.7,8.7,10.0,16.3,317.0,52.4226889366628,39680,state,2025,"BLS OEWS annual mean wage, SOC 31-0000"
26129,MI,Ogemaw County,20885.0,5834.0,0.2793392386880536,0.24151525539938293,0.2011970313622217,54666.0,15.3,10.1,12.0,17.4,358.0,61.36441549537196,39680,state,2025,"BLS OEWS annual mean wage, SOC 31-0000"
26131,MI,Ontonagon County,5850.0,2236.0,0.38222222222222224,0.26610017889087656,0.2188034188034188,54398.0,16.5,11.6,12.4,17.3,93.0,41.59212880143113,39680,state,2025,"BLS OEWS annual mean wage, SOC 31-0000"
26133,MI,Osceola County,23227.0,5119.0,0.22039006328841435,0.2418441101777691,0.18844448271408276,58267.0,13.7,9.1,10.9,16.8,372.0,72.67044344598554,39680,state,2025,"BLS OEWS annual mean wage, SOC 31-0000"
26135,MI,Oscoda County,8425.0,2474.0,0.2936498516320475,0.28294260307194824,0.22623145400593472,49515.0,16.5,11.2,13.5,18.6,58.0,23.443815683104283,39680,state,2025,"BLS OEWS annual mean wage, SOC 31-0000"
26137,MI,Otsego County,25584.0,5654.0,0.22099749843652283,0.23682348779625045,0.16002188868042527,68183.0,12.3,7.9,9.1,14.8,352.0,62.2568093385214,39680,state,2025,"BLS OEWS annual mean wage, SOC 31-0000"
26139,MI,Ottawa County,301203.0,50320.0,0.16706340906299075,0.22651033386327504,0.10015504493647141,90502.0,9.4,5.8,6.4,12.2,3747.0,74.46343402225756,39680,state,2025,"BLS OEWS annual mean wage, SOC 31-0000"
26141,MI,Presque Isle County,13209.0,4450.0,0.3368915133621016,0.2548314606741573,0.19706260882731472,59321.0,15.6,10.8,11.9,17.0,164.0,36.853932584269664,39680,state,2025,"BLS OEWS annual mean wage, SOC 31-0000"
26143,MI,Roscommon County,23737.0,8192.0,0.34511522096305347,0.2772216796875,0.24105826347053125,55246.0,15.7,10.7,12.0,17.1,252.0,30.76171875,39680,state,2025,"BLS OEWS annual mean wage, SOC 31-0000"
26145,MI,Saginaw County,188665.0,38429.0,0.20368907852542867,0.30050222488225037,0.1712135266212599,60622.0,14.1,8.0,9.6,15.9,3506.0,91.233183273049,39680,state,2025,"BLS OEWS annual mean wage, SOC 31-0000"
26151,MI,Sanilac County,40462.0,9406.0,0.23246502891601997,0.2952370827131618,0.16259700459690574,58863.0,13.8,8.9,10.7,16.2,676.0,71.86901977461196,39680,state,2025,"BLS OEWS annual mean wage, SOC 31-0000"
26153,MI,Schoolcraft County,8128.0,2352.0,0.28937007874015747,0.2614795918367347,0.18540846456692914,56782.0,15.8,10.3,11.9,17.5,99.0,42.09183673469388,39680,state,2025,"BLS OEWS annual mean wage, SOC 31-0000"
26155,MI,Shiawassee County,67991.0,13473.0,0.19815857981203394,0.28048689972537666,0.16183024223794326,67404.0,12.5,7.7,9.2,15.4,1304.0,96.78616492243746,39680,state,2025,"BLS OEWS annual mean wage, SOC 31-0000"
26147,MI,St. Clair County,160221.0,32649.0,0.20377478607673152,0.28019234892339734,0.16773082180238547,71270.0,12.2,7.7,9.2,15.2,3229.0,98.90042574045147,39680,state,2025,"BLS OEWS annual mean wage, SOC 31-0000"
26149,MI,St. Joseph County,60969.0,11403.0,0.18702947399498104,0.29395773042181883,0.16465744886745723,66425.0,12.8,7.8,9.6,15.5,556.0,48.759098482855386,39680,state,2025,"BLS OEWS annual mean wage, SOC 31-0000"
26157,MI,Tuscola County,52980.0,11619.0,0.21930917327293317,0.27635768999053273,0.19350698376745942,63811.0,13.2,8.4,10.2,15.9,1318.0,113.43489112660298,39680,state,2025,"BLS OEWS annual mean wage, SOC 31-0000"
26159,MI,Van Buren County,75795.0,15078.0,0.19893132792400553,0.28146969094044305,0.11616861270532357,68114.0,13.5,8.0,9.5,15.8,994.0,65.9238625812442,39680,state,2025,"BLS OEWS annual mean wage, SOC 31-0000"
26161,MI,Washtenaw County,369822.0,58242.0,0.1574865746223859,0.27397754198001445,0.10427178480458166,89180.0,8.7,5.1,5.4,10.8,4965.0,85.24775934892345,39680,state,2025,"BLS OEWS annual mean wage, SOC 31-0000"
26163,MI,Wayne County,1772259.0,293523.0,0.1656208263013476,0.33097917369337326,0.15820599585049364,60539.0,14.3,7.4,9.2,15.5,32412.0,110.42405535511698,39680,state,2025,"BLS OEWS annual mean wage, SOC 31-0000"
26165,MI,Wexford County,34077.0,7065.0,0.2073245884320803,0.25916489738145787,0.18863162837104205,61085.0,13.0,8.4,10.2,15.7,584.0,82.66100495399859,39680,state,2025,"BLS OEWS annual mean wage, SOC 31-0000"
29001,MO,Adair County,25301.0,3893.0,0.15386743606972056,0.2840996660673003,0.12295956681554089,61536.0,10.0,6.1,7.5,13.5,474.0,121.75699974312869,37690,state,2025,"BLS OEWS annual mean wage, SOC 31-0000"
29003,MO,Andrew County,18065.0,3802.0,0.21046221976197066,0.2480273540241978,0.11010240797121505,75625.0,11.6,7.1,8.1,14.2,130.0,34.192530247238295,37690,state,2025,"BLS OEWS annual mean wage, SOC 31-0000"
29005,MO,Atchison County,5187.0,1307.0,0.25197609408135724,0.260902830910482,0.17640254482359746,58750.0,14.9,9.4,10.9,16.6,83.0,63.50420811017597,37690,state,2025,"BLS OEWS annual mean wage, SOC 31-0000"
29007,MO,Audrain County,24548.0,4675.0,0.1904432132963989,0.26994652406417113,0.18551409483460973,59448.0,14.1,8.3,10.7,17.1,551.0,117.86096256684492,37690,state,2025,"BLS OEWS annual mean wage, SOC 31-0000"
29009,MO,Barry County,35033.0,7702.0,0.2198498558501984,0.2509737730459621,0.15896440498958125,58346.0,15.0,9.2,11.3,17.7,355.0,46.09192417553882,37690,state,2025,"BLS OEWS annual mean wage, SOC 31-0000"
29011,MO,Barton County,11690.0,2501.0,0.21394354148845166,0.24750099960015995,0.20436270316509839,51635.0,15.2,9.5,12.2,18.3,138.0,55.177928828468616,37690,state,2025,"BLS OEWS annual mean wage, SOC 31-0000"
29013,MO,Bates County,16186.0,3131.0,0.1934387742493513,0.2810603641009262,0.17657234647225997,60733.0,13.8,8.5,10.7,16.8,247.0,78.88853401469179,37690,state,2025,"BLS OEWS annual mean wage, SOC 31-0000"
29015,MO,Benton County,20151.0,6322.0,0.31373132847005114,0.24043024359379944,0.24549650141432186,52567.0,16.7,10.9,12.4,18.0,227.0,35.906358747231884,37690,state,2025,"BLS OEWS annual mean wage, SOC 31-0000"
29017,MO,Bollinger County,10559.0,2232.0,0.21138365375509044,0.20698924731182797,0.19177952457619094,63814.0,14.1,8.9,11.2,17.3,149.0,66.75627240143369,37690,state,2025,"BLS OEWS annual mean wage, SOC 31-0000"
29019,MO,Boone County,188043.0,25346.0,0.13478831969283622,0.29120965832873036,0.12460979669543668,72758.0,9.5,5.2,6.0,11.9,3226.0,127.27846603014281,37690,state,2025,"BLS OEWS annual mean wage, SOC 31-0000"
29021,MO,Buchanan County,83568.0,14577.0,0.17443279724296382,0.320436303766207,0.17772353053800496,62158.0,13.0,7.6,9.3,15.6,1466.0,100.5693901351444,37690,state,2025,"BLS OEWS annual mean wage, SOC 31-0000"
29023,MO,Butler County,42020.0,8184.0,0.19476439790575917,0.34591886608015643,0.23921941932413138,49089.0,15.3,9.0,11.8,18.5,924.0,112.90322580645162,37690,state,2025,"BLS OEWS annual mean wage, SOC 31-0000"
29025,MO,Caldwell County,8927.0,1808.0,0.20253164556962025,0.2948008849557522,0.14439341324073038,64806.0,13.0,8.1,9.8,16.0,188.0,103.98230088495575,37690,state,2025,"BLS OEWS annual mean wage, SOC 31-0000"
29027,MO,Callaway County,44741.0,8018.0,0.17920922643660178,0.24943876278373658,0.1488120515857938,74176.0,11.9,7.1,8.4,14.4,641.0,79.94512347218757,37690,state,2025,"BLS OEWS annual mean wage, SOC 31-0000"
29029,MO,Camden County,43667.0,12960.0,0.2967916275448279,0.2027006172839506,0.17903680124579202,66387.0,14.7,9.4,10.2,16.0,636.0,49.074074074074076,37690,state,2025,"BLS OEWS annual mean wage, SOC 31-0000"
29031,MO,Cape Girardeau County,82735.0,14766.0,0.17847343929413187,0.3049573344169037,0.1442315827642473,68464.0,11.2,6.6,7.7,13.9,1477.0,100.02708925910876,37690,state,2025,"BLS OEWS annual mean wage, SOC 31-0000"
29033,MO,Carroll County,8411.0,1879.0,0.22339793128046606,0.2506652474720596,0.1481393413387231,62154.0,13.9,8.6,10.3,16.4,78.0,41.51144225651942,37690,state,2025,"BLS OEWS annual mean wage, SOC 31-0000"
29035,MO,Carter County,5297.0,1092.0,0.20615442703417028,0.27289377289377287,0.2833679441193128,50000.0,15.7,9.7,12.7,18.8,114.0,104.3956043956044,37690,state,2025,"BLS OEWS annual mean wage, SOC 31-0000"
29037,MO,Cass County,110773.0,19908.0,0.17971888456573354,0.25909182238296163,0.1391765141325052,87535.0,11.5,6.4,7.3,13.2,1358.0,68.21378340365682,37690,state,2025,"BLS OEWS annual mean wage, SOC 31-0000"
29039,MO,Cedar County,14615.0,3380.0,0.23126924392747178,0.27603550295857987,0.18720492644543277,48181.0,15.6,9.9,12.2,18.0,289.0,85.50295857988166,37690,state,2025,"BLS OEWS annual mean wage, SOC 31-0000"
29041,MO,Chariton County,7390.0,1840.0,0.2489851150202977,0.23641304347826086,0.14235453315290933,71520.0,14.0,9.1,10.4,16.3,81.0,44.02173913043479,37690,state,2025,"BLS OEWS annual mean wage, SOC 31-0000"
29043,MO,Christian County,92915.0,15557.0,0.1674325996878868,0.21642990293758438,0.1254157025238121,83437.0,10.7,6.3,7.2,13.5,1364.0,87.67757279681172,37690,state,2025,"BLS OEWS annual mean wage, SOC 31-0000"
29045,MO,Clark County,6675.0,1451.0,0.21737827715355806,0.31702274293590627,0.130936329588015,51781.0,14.9,9.5,11.7,17.7,48.0,33.08063404548587,37690,state,2025,"BLS OEWS annual mean wage, SOC 31-0000"
29047,MO,Clay County,258122.0,39430.0,0.15275722332850358,0.2823231042353538,0.1319918488156763,88468.0,10.8,5.8,6.4,12.6,2788.0,70.70758305858483,37690,state,2025,"BLS OEWS annual mean wage, SOC 31-0000"
29049,MO,Clinton County,21414.0,4049.0,0.18908190903147473,0.23833045196344776,0.14980853647146727,70627.0,12.0,7.5,8.6,15.0,302.0,74.58631760928624,37690,state,2025,"BLS OEWS annual mean wage, SOC 31-0000"
29051,MO,Cole County,77032.0,13890.0,0.18031467442101984,0.3053275737940965,0.12519472427043307,74876.0,11.0,6.3,7.1,13.1,724.0,52.12383009359251,37690,state,2025,"BLS OEWS annual mean wage, SOC 31-0000"
29053,MO,Cooper County,16824.0,3334.0,0.1981692819781265,0.27174565086982605,0.13968140751307656,70625.0,12.2,7.3,8.6,14.7,181.0,54.289142171565686,37690,state,2025,"BLS OEWS annual mean wage, SOC 31-0000"
29055,MO,Crawford County,22797.0,4857.0,0.21305434925648112,0.2445954292773317,0.19800850989165242,57629.0,14.1,8.7,11.0,17.0,428.0,88.12023883055383,37690,state,2025,"BLS OEWS annual mean wage, SOC 31-0000"
29057,MO,Dade County,7641.0,1883.0,0.24643371286480828,0.2867764206054169,0.18230598089255334,53750.0,16.0,10.0,12.2,18.1,147.0,78.06691449814126,37690,state,2025,"BLS OEWS annual mean wage, SOC 31-0000"
29059,MO,Dallas County,17551.0,3693.0,0.21041536094809413,0.21202274573517466,0.2173095550111105,53464.0,14.9,9.1,11.7,17.7,357.0,96.6693744922827,37690,state,2025,"BLS OEWS annual mean wage, SOC 31-0000"
29061,MO,Daviess County,8477.0,1838.0,0.2168219889111714,0.20511425462459196,0.15524360033030554,63984.0,14.2,9.1,11.2,17.0,102.0,55.49510337323178,37690,state,2025,"BLS OEWS annual mean wage, SOC 31-0000"
29063,MO,DeKalb County,10876.0,2125.0,0.1953843324751747,0.3129411764705882,0.13083854358219935,69826.0,12.5,7.8,9.0,15.3,196.0,92.23529411764706,37690,state,2025,"BLS OEWS annual mean wage, SOC 31-0000"
29065,MO,Dent County,14539.0,3233.0,0.22236742554508562,0.32075471698113206,0.2029713185225944,56312.0,14.6,9.2,11.2,17.3,335.0,103.61892978657595,37690,state,2025,"BLS OEWS annual mean wage, SOC 31-0000"
29067,MO,Douglas County,11965.0,2977.0,0.24880902632678645,0.23681558616056433,0.18955286251567072,45985.0,15.3,9.6,11.7,17.7,162.0,54.41719852200202,37690,state,2025,"BLS OEWS annual mean wage, SOC 31-0000"
29069,MO,Dunklin County,27493.0,5151.0,0.18735678172625758,0.29450592118035335,0.21594587713236096,47849.0,16.0,9.3,12.3,19.3,666.0,129.2952824694234,37690,state,2025,"BLS OEWS annual mean wage, SOC 31-0000"
29071,MO,Franklin County,105950.0,20343.0,0.19200566304860783,0.26741385243081156,0.142397357243983,73165.0,12.2,7.3,8.5,14.8,1538.0,75.60340166150519,37690,state,2025,"BLS OEWS annual mean wage, SOC 31-0000"
29073,MO,Gasconade County,14746.0,3448.0,0.23382612233826122,0.22708816705336426,0.16167096161670963,64232.0,13.5,8.6,10.0,15.9,293.0,84.97679814385151,37690,state,2025,"BLS OEWS annual mean wage, SOC 31-0000"
29075,MO,Gentry County,6245.0,1167.0,0.18686949559647717,0.31533847472150817,0.16172938350680544,55848.0,13.2,8.0,10.1,16.2,186.0,159.38303341902312,37690,state,2025,"BLS OEWS annual mean wage, SOC 31-0000"
29077,MO,Greene County,303375.0,52036.0,0.17152369180057683,0.30842109308939963,0.14982117840955914,61479.0,11.0,6.5,7.8,14.2,5202.0,99.96925205626873,37690,state,2025,"BLS OEWS annual mean wage, SOC 31-0000"
29079,MO,Grundy County,9787.0,2198.0,0.22458363134770615,0.36396724294813465,0.13364667415959947,51975.0,14.3,9.2,11.2,17.3,125.0,56.86988171064604,37690,state,2025,"BLS OEWS annual mean wage, SOC 31-0000"
29081,MO,Harrison County,8190.0,1865.0,0.2277167277167277,0.24557640750670243,0.20073260073260074,54367.0,14.7,9.4,11.5,17.4,141.0,75.60321715817695,37690,state,2025,"BLS OEWS annual mean wage, SOC 31-0000"
29083,MO,Henry County,22328.0,5009.0,0.22433715514152633,0.34038730285486124,0.18384987459691868,57926.0,14.4,9.1,11.1,17.1,365.0,72.86883609502895,37690,state,2025,"BLS OEWS annual mean wage, SOC 31-0000"
29085,MO,Hickory County,8585.0,2777.0,0.3234711706464764,0.3172488296723082,0.2450786255096098,39390.0,19.7,13.1,16.0,21.0,212.0,76.34137558516385,37690,state,2025,"BLS OEWS annual mean wage, SOC 31-0000"
29087,MO,Holt County,4240.0,1089.0,0.25683962264150945,0.3149678604224059,0.1865566037735849,61187.0,14.1,9.1,10.3,16.1,98.0,89.99081726354453,37690,state,2025,"BLS OEWS annual mean wage, SOC 31-0000"
29089,MO,Howard County,10147.0,2042.0,0.20124174632896422,0.2394711067580803,0.15906179166256038,65938.0,12.0,7.3,8.5,14.5,216.0,105.77864838393731,37690,state,2025,"BLS OEWS annual mean wage, SOC 31-0000"
29091,MO,Howell County,40383.0,8046.0,0.19924225540450188,0.29480487198608,0.19367060396701583,50993.0,14.9,9.1,12.0,17.9,397.0,49.34128759632116,37690,state,2025,"BLS OEWS annual mean wage, SOC 31-0000"
29093,MO,Iron County,9446.0,2103.0,0.22263391911920388,0.25582501188777934,0.2213635401228033,48850.0,15.0,9.3,11.5,17.8,242.0,115.07370423204945,37690,state,2025,"BLS OEWS annual mean wage, SOC 31-0000"
29095,MO,Jackson County,719976.0,114304.0,0.15876084758380835,0.325684140537514,0.1366795559851995,68577.0,12.1,6.2,7.4,13.9,12057.0,105.48187290033594,37690,state,2025,"BLS OEWS annual mean wage, SOC 31-0000"
29097,MO,Jasper County,124357.0,20051.0,0.16123740521241264,0.30881252805346365,0.17029198195517745,60694.0,12.8,7.2,9.2,15.7,2295.0,114.45813176400179,37690,state,2025,"BLS OEWS annual mean wage, SOC 31-0000"
29099,MO,Jefferson County,229458.0,38261.0,0.16674511239529674,0.2316458012074959,0.13201108699631306,82851.0,11.2,6.6,7.9,14.0,3115.0,81.41449517785735,37690,state,2025,"BLS OEWS annual mean wage, SOC 31-0000"
29101,MO,Johnson County,54732.0,7196.0,0.13147701527442812,0.2801556420233463,0.12924797193597895,67272.0,9.6,5.5,6.9,13.2,684.0,95.05280711506391,37690,state,2025,"BLS OEWS annual mean wage, SOC 31-0000"
29103,MO,Knox County,3756.0,808.0,0.21512247071352503,0.3032178217821782,0.12486687965921192,57788.0,15.1,9.7,12.4,18.0,82.0,101.48514851485149,37690,state,2025,"BLS OEWS annual mean wage, SOC 31-0000"
29105,MO,Laclede County,36390.0,6652.0,0.18279747183292114,0.2739025856885147,0.19329486122561143,53282.0,14.0,8.6,11.1,17.2,691.0,103.87853277209862,37690,state,2025,"BLS OEWS annual mean wage, SOC 31-0000"
29107,MO,Lafayette County,33115.0,6393.0,0.19305450702098748,0.2559048959799781,0.1710101162615129,80612.0,11.8,7.2,8.5,14.6,391.0,61.16064445487252,37690,state,2025,"BLS OEWS annual mean wage, SOC 31-0000"
29109,MO,Lawrence County,38593.0,6996.0,0.18127639727411707,0.2745854774156661,0.15241105900033686,61215.0,13.7,8.4,10.7,17.1,889.0,127.07261292166952,37690,state,2025,"BLS OEWS annual mean wage, SOC 31-0000"
29111,MO,Lewis County,9924.0,1912.0,0.19266424828698106,0.24843096234309622,0.11124546553808948,59934.0,12.7,7.9,9.9,16.1,303.0,158.47280334728035,37690,state,2025,"BLS OEWS annual mean wage, SOC 31-0000"
29113,MO,Lincoln County,63057.0,9348.0,0.14824682430182215,0.25770218228498076,0.14183992260970232,89278.0,11.1,6.3,7.9,14.4,647.0,69.21266581086863,37690,state,2025,"BLS OEWS annual mean wage, SOC 31-0000"
29115,MO,Linn County,11852.0,2580.0,0.21768477894026325,0.3085271317829457,0.14681066486668917,61635.0,13.5,8.5,10.4,16.3,149.0,57.751937984496124,37690,state,2025,"BLS OEWS annual mean wage, SOC 31-0000"
29117,MO,Livingston County,14364.0,2882.0,0.2006404901141743,0.3289382373351839,0.14940128098022834,63627.0,12.6,7.8,9.7,16.0,256.0,88.82720333102012,37690,state,2025,"BLS OEWS annual mean wage, SOC 31-0000"
29121,MO,Macon County,15163.0,3378.0,0.22277913341687,0.2841918294849023,0.15775242366286354,62357.0,12.9,8.2,9.3,15.5,182.0,53.87803433984607,37690,state,2025,"BLS OEWS annual mean wage, SOC 31-0000"
29123,MO,Madison County,12729.0,2489.0,0.19553774844842486,0.25833668139815186,0.20260821745620236,54434.0,13.2,7.9,9.8,16.1,446.0,179.18842908798715,37690,state,2025,"BLS OEWS annual mean wage, SOC 31-0000"
29125,MO,Maries County,8450.0,1862.0,0.2203550295857988,0.2889366272824919,0.22224852071005918,59455.0,13.6,8.5,10.3,16.5,100.0,53.70569280343717,37690,state,2025,"BLS OEWS annual mean wage, SOC 31-0000"
29127,MO,Marion County,28457.0,5406.0,0.1899708331869136,0.32204957454679983,0.1586604350423446,62903.0,12.8,7.5,9.1,15.3,539.0,99.7040325564188,37690,state,2025,"BLS OEWS annual mean wage, SOC 31-0000"
29119,MO,McDonald County,23701.0,3687.0,0.1555630564111219,0.23542175210197994,0.15197670984346653,52375.0,15.8,9.0,11.9,18.7,403.0,109.30295633306211,37690,state,2025,"BLS OEWS annual mean wage, SOC 31-0000"
29129,MO,Mercer County,3482.0,777.0,0.2231476163124641,0.2084942084942085,0.16283744974152786,62679.0,15.6,9.8,11.8,17.6,45.0,57.915057915057915,37690,state,2025,"BLS OEWS annual mean wage, SOC 31-0000"
29131,MO,Miller County,25269.0,5072.0,0.200720250108829,0.3069794952681388,0.1785982824805097,56736.0,13.2,8.2,9.9,16.0,299.0,58.951104100946374,37690,state,2025,"BLS OEWS annual mean wage, SOC 31-0000"
29133,MO,Mississippi County,11902.0,2244.0,0.18853974121996303,0.36452762923351156,0.23794320282305495,48160.0,16.7,9.2,12.3,18.7,228.0,101.60427807486631,37690,state,2025,"BLS OEWS annual mean wage, SOC 31-0000"
29135,MO,Moniteau County,15262.0,2550.0,0.16708164067618922,0.3729411764705882,0.13772768968680382,65715.0,11.9,7.1,8.7,15.2,164.0,64.31372549019608,37690,state,2025,"BLS OEWS annual mean wage, SOC 31-0000"
29137,MO,Monroe County,8734.0,2180.0,0.24959926723150905,0.29862385321100915,0.17471948706205634,54516.0,15.0,9.6,11.4,17.0,123.0,56.42201834862386,37690,state,2025,"BLS OEWS annual mean wage, SOC 31-0000"
29139,MO,Montgomery County,11426.0,2339.0,0.20470855942587082,0.23428815733219324,0.17775249431122003,65500.0,13.9,8.5,10.6,16.6,115.0,49.166310389055155,37690,state,2025,"BLS OEWS annual mean wage, SOC 31-0000"
29141,MO,Morgan County,21717.0,5211.0,0.23995026937422295,0.3028209556706966,0.2034350969286734,53412.0,15.8,10.1,12.5,18.5,310.0,59.48954135482633,37690,state,2025,"BLS OEWS annual mean wage, SOC 31-0000"
29143,MO,New Madrid County,15731.0,3125.0,0.19865234250842287,0.31648,0.1980802237619986,51881.0,16.1,9.1,11.9,18.2,438.0,140.16,37690,state,2025,"BLS OEWS annual mean wage, SOC 31-0000"
29145,MO,Newton County,60118.0,11328.0,0.18842942213646496,0.2514124293785311,0.148740809740843,66301.0,13.4,7.9,9.5,15.8,677.0,59.76341807909605,37690,state,2025,"BLS OEWS annual mean wage, SOC 31-0000"
29147,MO,Nodaway County,20774.0,3701.0,0.1781553865408684,0.3150499864901378,0.1269856551458554,59315.0,10.6,6.7,7.7,13.8,278.0,75.11483382869496,37690,state,2025,"BLS OEWS annual mean wage, SOC 31-0000"
29149,MO,Oregon County,8673.0,1993.0,0.22979361236019832,0.2488710486703462,0.2322149198662516,43069.0,16.5,10.4,13.3,18.8,182.0,91.31961866532865,37690,state,2025,"BLS OEWS annual mean wage, SOC 31-0000"
29151,MO,Osage County,13402.0,2449.0,0.18273392031040142,0.28460596161698654,0.13557677958513656,76681.0,11.2,6.9,8.0,14.1,70.0,28.583095140873827,37690,state,2025,"BLS OEWS annual mean wage, SOC 31-0000"
29153,MO,Ozark County,8873.0,2603.0,0.29336188436830835,0.2558586246638494,0.24151921559788123,44163.0,18.3,12.0,14.9,20.3,65.0,24.971187091817132,37690,state,2025,"BLS OEWS annual mean wage, SOC 31-0000"
29155,MO,Pemiscot County,14958.0,2729.0,0.18244417702901458,0.3213631366801026,0.22516379195079556,40089.0,17.9,9.7,13.3,19.6,360.0,131.916452913155,37690,state,2025,"BLS OEWS annual mean wage, SOC 31-0000"
29157,MO,Perry County,18976.0,3731.0,0.19661677908937605,0.289198606271777,0.15166526138279932,62981.0,12.5,7.7,9.2,15.3,403.0,108.01393728222996,37690,state,2025,"BLS OEWS annual mean wage, SOC 31-0000"
29159,MO,Pettis County,43397.0,7516.0,0.17319169527847547,0.26397019691325174,0.17091043159665414,60430.0,12.6,7.4,9.0,15.7,1008.0,134.1138903672166,37690,state,2025,"BLS OEWS annual mean wage, SOC 31-0000"
29161,MO,Phelps County,45194.0,7713.0,0.17066424746647785,0.2786205108258784,0.16057441253263707,58396.0,11.7,7.1,8.4,14.5,576.0,74.67911318553091,37690,state,2025,"BLS OEWS annual mean wage, SOC 31-0000"
29163,MO,Pike County,17711.0,3377.0,0.1906724634407995,0.26265916493929525,0.1543108802439162,54989.0,13.5,8.3,10.3,16.5,221.0,65.44270062185372,37690,state,2025,"BLS OEWS annual mean wage, SOC 31-0000"
29165,MO,Platte County,110371.0,17756.0,0.1608755923204465,0.25946159044829914,0.12421741218254795,96227.0,10.0,5.6,5.9,11.9,1629.0,91.74363595404371,37690,state,2025,"BLS OEWS annual mean wage, SOC 31-0000"
29167,MO,Polk County,32444.0,5931.0,0.18280729873011958,0.3092227280391165,0.16089261496732832,59647.0,13.0,8.1,10.1,16.1,749.0,126.2856179396392,37690,state,2025,"BLS OEWS annual mean wage, SOC 31-0000"
29169,MO,Pulaski County,53894.0,5201.0,0.09650424908153041,0.30148048452220727,0.1325936096782573,64466.0,8.6,4.5,5.8,12.3,742.0,142.66487213997308,37690,state,2025,"BLS OEWS annual mean wage, SOC 31-0000"
29171,MO,Putnam County,4642.0,1162.0,0.25032313657906075,0.30206540447504304,0.14411891426109436,63510.0,13.6,8.7,9.9,15.9,56.0,48.19277108433735,37690,state,2025,"BLS OEWS annual mean wage, SOC 31-0000"
29173,MO,Ralls County,10428.0,2415.0,0.23158803222094362,0.2165631469979296,0.18354430379746836,65388.0,14.1,8.8,10.5,16.5,148.0,61.28364389233954,37690,state,2025,"BLS OEWS annual mean wage, SOC 31-0000"
29175,MO,Randolph County,24365.0,4316.0,0.17713933921608865,0.32252085264133457,0.17479991791504207,53033.0,12.7,7.6,9.6,15.9,394.0,91.28822984244671,37690,state,2025,"BLS OEWS annual mean wage, SOC 31-0000"
29177,MO,Ray County,23145.0,4468.0,0.19304385396413912,0.3128916741271262,0.15014041909699719,74573.0,13.3,7.9,9.6,15.9,369.0,82.58728737690242,37690,state,2025,"BLS OEWS annual mean wage, SOC 31-0000"
29179,MO,Reynolds County,6010.0,1424.0,0.23693843594009983,0.3103932584269663,0.2815307820299501,45028.0,15.9,10.2,12.7,18.6,135.0,94.80337078651685,37690,state,2025,"BLS OEWS annual mean wage, SOC 31-0000"
29181,MO,Ripley County,10708.0,2134.0,0.19929025028016437,0.3013120899718838,0.26036608143444157,42037.0,15.6,9.7,12.8,18.5,316.0,148.07872539831303,37690,state,2025,"BLS OEWS annual mean wage, SOC 31-0000"
29195,MO,Saline County,23231.0,3997.0,0.17205458223924927,0.3212409306980235,0.1612070078774052,57931.0,12.4,7.1,8.2,14.8,409.0,102.32674505879409,37690,state,2025,"BLS OEWS annual mean wage, SOC 31-0000"
29197,MO,Schuyler County,4038.0,775.0,0.1919266963843487,0.327741935483871,0.19366022783556217,61205.0,12.2,7.6,8.9,15.3,22.0,28.38709677419355,37690,state,2025,"BLS OEWS annual mean wage, SOC 31-0000"
29199,MO,Scotland County,4686.0,907.0,0.19355527102005976,0.23814773980154355,0.09773794280836534,68913.0,12.8,8.4,10.4,16.5,9.0,9.922822491730981,37690,state,2025,"BLS OEWS annual mean wage, SOC 31-0000"
29201,MO,Scott County,37933.0,7099.0,0.1871457569925922,0.28989998591350896,0.1641314950043498,62782.0,13.4,7.8,9.9,15.9,813.0,114.5231722777856,37690,state,2025,"BLS OEWS annual mean wage, SOC 31-0000"
29203,MO,Shannon County,7177.0,1616.0,0.22516371743068134,0.20544554455445543,0.20955831127211927,55222.0,15.2,9.5,11.7,17.6,69.0,42.6980198019802,37690,state,2025,"BLS OEWS annual mean wage, SOC 31-0000"
29205,MO,Shelby County,5986.0,1332.0,0.2225192114934848,0.25825825825825827,0.14934847978616772,51594.0,14.9,9.6,11.8,17.6,122.0,91.5915915915916,37690,state,2025,"BLS OEWS annual mean wage, SOC 31-0000"
29183,MO,St. Charles County,414535.0,70408.0,0.1698481431001001,0.25772639472787184,0.11671873303822355,104692.0,10.3,5.6,5.8,11.9,3666.0,52.06794682422452,37690,state,2025,"BLS OEWS annual mean wage, SOC 31-0000"
29185,MO,St. Clair County,9587.0,2457.0,0.2562845519974966,0.31216931216931215,0.20423490142901846,53043.0,16.2,10.5,12.5,18.5,252.0,102.56410256410255,37690,state,2025,"BLS OEWS annual mean wage, SOC 31-0000"
29187,MO,St. Francois County,66999.0,11539.0,0.1722264511410618,0.2795736198977381,0.19780892252123167,57477.0,12.9,7.7,10.1,16.6,1260.0,109.19490423780223,37690,state,2025,"BLS OEWS annual mean wage, SOC 31-0000"
29189,MO,St. Louis County,995569.0,190319.0,0.19116605679767049,0.30585490676180516,0.11960195626822451,82936.0,11.5,6.1,6.5,12.6,16419.0,86.27094509744167,37690,state,2025,"BLS OEWS annual mean wage, SOC 31-0000"
29510,MO,St. Louis city,288512.0,44707.0,0.15495715949423247,0.42550383608830833,0.16578166592724047,56160.0,13.3,6.1,7.4,13.7,6970.0,155.9039971369137,37690,state,2025,"BLS OEWS annual mean wage, SOC 31-0000"
29186,MO,Ste. Genevieve County,18571.0,3985.0,0.21458187496634537,0.2685069008782936,0.1593882935760056,66339.0,12.5,7.9,9.1,15.2,319.0,80.05018820577165,37690,state,2025,"BLS OEWS annual mean wage, SOC 31-0000"
29207,MO,Stoddard County,28470.0,5879.0,0.20649806814190375,0.28474230311277426,0.20512820512820512,57957.0,14.2,8.8,11.4,17.5,858.0,145.94318761694166,37690,state,2025,"BLS OEWS annual mean wage, SOC 31-0000"
29209,MO,Stone County,32048.0,10255.0,0.31998876684972544,0.23578742077035592,0.19495756365451822,63520.0,15.6,10.2,11.3,16.9,362.0,35.29985372988786,37690,state,2025,"BLS OEWS annual mean wage, SOC 31-0000"
29211,MO,Sullivan County,5857.0,1218.0,0.2079562916168687,0.28078817733990147,0.13641796141369303,56964.0,15.1,8.9,10.3,17.1,131.0,107.55336617405582,37690,state,2025,"BLS OEWS annual mean wage, SOC 31-0000"
29213,MO,Taney County,56529.0,12868.0,0.22763537299439227,0.2398974199564812,0.16265987369314866,56497.0,13.3,8.3,9.5,15.9,773.0,60.071495181846444,37690,state,2025,"BLS OEWS annual mean wage, SOC 31-0000"
29215,MO,Texas County,25161.0,5417.0,0.21529350979690792,0.2610300904559719,0.23468860538134415,50036.0,15.8,9.6,12.2,18.1,349.0,64.42680450433821,37690,state,2025,"BLS OEWS annual mean wage, SOC 31-0000"
29217,MO,Vernon County,19687.0,4048.0,0.20561792045512267,0.31101778656126483,0.1893635393914766,52230.0,14.3,9.0,11.3,17.4,481.0,118.82411067193675,37690,state,2025,"BLS OEWS annual mean wage, SOC 31-0000"
29219,MO,Warren County,37177.0,6777.0,0.18229012561529978,0.2096797993212336,0.14463243403179385,81209.0,12.3,7.3,8.7,15.1,535.0,78.94348531798731,37690,state,2025,"BLS OEWS annual mean wage, SOC 31-0000"
29221,MO,Washington County,23470.0,4208.0,0.17929271410311035,0.24857414448669202,0.22428632296548787,56043.0,14.8,8.8,11.9,17.8,869.0,206.51140684410646,37690,state,2025,"BLS OEWS annual mean wage, SOC 31-0000"
29223,MO,Wayne County,10862.0,2731.0,0.2514269931872583,0.33723910655437567,0.2937764684220217,47226.0,17.4,11.1,14.3,20.0,310.0,113.5115342365434,37690,state,2025,"BLS OEWS annual mean wage, SOC 31-0000"
29225,MO,Webster County,40500.0,6388.0,0.1577283950617284,0.21681277395115842,0.13064197530864197,71155.0,12.2,7.4,9.4,15.8,599.0,93.7695679398873,37690,state,2025,"BLS OEWS annual mean wage, SOC 31-0000"
29227,MO,Worth County,1934.0,510.0,0.26370217166494314,0.3235294117647059,0.1892450879007239,47847.0,15.5,9.9,11.7,17.3,73.0,143.13725490196077,37690,state,2025,"BLS OEWS annual mean wage, SOC 31-0000"
29229,MO,Wright County,18965.0,3739.0,0.19715264961771684,0.2773468841936347,0.1767993672554706,47909.0,15.5,9.5,12.6,18.6,342.0,91.4683070339663,37690,state,2025,"BLS OEWS annual mean wage, SOC 31-0000"
36001,NY,Albany County,317018.0,57602.0,0.18169946186020983,0.32462414499496545,0.1274722570958116,85333.0,9.2,5.5,5.7,11.6,4887.0,84.84080413874518,43170,state,2025,"BLS OEWS annual mean wage, SOC 31-0000"
36003,NY,Allegany County,47159.0,9456.0,0.20051315761572552,0.2840524534686971,0.16497381199770988,62869.0,11.1,7.3,8.1,14.2,817.0,86.40016920473774,43170,state,2025,"BLS OEWS annual mean wage, SOC 31-0000"
36005,NY,Bronx County,1404779.0,203214.0,0.14465905313220087,0.3411428346472192,0.175310137751205,48676.0,16.1,7.0,6.9,16.8,70680.0,347.8106823348785,43170,state,2025,"BLS OEWS annual mean wage, SOC 31-0000"
36007,NY,Broome County,197378.0,40036.0,0.2028392222030824,0.30787291437706066,0.15866509945383983,62616.0,10.9,7.1,7.7,13.6,3977.0,99.33559796183435,43170,state,2025,"BLS OEWS annual mean wage, SOC 31-0000"
36009,NY,Cattaraugus County,76145.0,15843.0,0.20806356293912928,0.3021523701319195,0.16687898089171974,59540.0,12.1,8.0,9.4,15.6,1320.0,83.3175534936565,43170,state,2025,"BLS OEWS annual mean wage, SOC 31-0000"
36011,NY,Cayuga County,75102.0,16029.0,0.2134297355596389,0.3026389668725435,0.13787915102127773,67904.0,11.8,7.7,8.6,15.0,1222.0,76.23682076236821,43170,state,2025,"BLS OEWS annual mean wage, SOC 31-0000"
36013,NY,Chautauqua County,125544.0,26917.0,0.2144029184986937,0.2969498829735855,0.17545243102020008,58351.0,12.6,7.9,8.8,15.3,2067.0,76.79161867964483,43170,state,2025,"BLS OEWS annual mean wage, SOC 31-0000"
36015,NY,Chemung County,82147.0,16693.0,0.203208881639013,0.33804588749775355,0.1607362411287083,63716.0,11.5,7.3,8.2,14.5,1619.0,96.98676091774995,43170,state,2025,"BLS OEWS annual mean wage, SOC 31-0000"
36017,NY,Chenango County,46321.0,10347.0,0.22337600656289805,0.31013820431042816,0.1686707972625807,62948.0,12.3,8.1,9.0,15.1,847.0,81.85947617666957,43170,state,2025,"BLS OEWS annual mean wage, SOC 31-0000"
36019,NY,Clinton County,78493.0,14913.0,0.18999146420699936,0.2721115805002347,0.17020626043086645,71224.0,10.7,7.0,7.8,14.1,1326.0,88.91571112452223,43170,state,2025,"BLS OEWS annual mean wage, SOC 31-0000"
36021,NY,Columbia County,61100.0,16023.0,0.2622422258592471,0.27279535667478,0.1565466448445172,81528.0,11.8,7.8,7.7,13.5,1004.0,62.65992635586344,43170,state,2025,"BLS OEWS annual mean wage, SOC 31-0000"
36023,NY,Cortland County,46246.0,7929.0,0.17145266617653418,0.3009206709547232,0.1404013320070925,70418.0,9.3,6.2,6.9,13.1,937.0,118.17379240761761,43170,state,2025,"BLS OEWS annual mean wage, SOC 31-0000"
36025,NY,Delaware County,44487.0,11747.0,0.26405466765571967,0.2894356005788712,0.17391597545350326,63337.0,12.5,8.5,9.0,15.2,585.0,49.799948923129314,43170,state,2025,"BLS OEWS annual mean wage, SOC 31-0000"
36027,NY,Dutchess County,298220.0,57052.0,0.19130843001810743,0.28807053214611233,0.1305579773321709,99478.0,9.9,6.0,5.9,11.9,5059.0,88.67349085045221,43170,state,2025,"BLS OEWS annual mean wage, SOC 31-0000"
36029,NY,Erie County,950622.0,183350.0,0.19287371847064344,0.33120807199345514,0.13702502151223095,72839.0,10.8,6.5,6.9,13.1,17588.0,95.92582492500681,43170,state,2025,"BLS OEWS annual mean wage, SOC 31-0000"
36031,NY,Essex County,36973.0,9757.0,0.2638952749303546,0.29384031977042124,0.16920455467503312,71661.0,11.8,8.1,8.3,14.4,955.0,97.87844624372245,43170,state,2025,"BLS OEWS annual mean wage, SOC 31-0000"
36033,NY,Franklin County,46696.0,9120.0,0.19530580777796813,0.29989035087719296,0.17170635600479697,65151.0,12.2,7.6,8.6,15.2,942.0,103.28947368421053,43170,state,2025,"BLS OEWS annual mean wage, SOC 31-0000"
36035,NY,Fulton County,52487.0,10934.0,0.20831825023339112,0.30574355222242544,0.16244022329338692,66533.0,12.1,7.8,9.1,15.5,1509.0,138.00987744649717,43170,state,2025,"BLS OEWS annual mean wage, SOC 31-0000"
36037,NY,Genesee County,57787.0,11717.0,0.20276186685586722,0.2959801997098233,0.153927353903127,73314.0,10.7,6.9,7.4,13.8,800.0,68.27686267815994,43170,state,2025,"BLS OEWS annual mean wage, SOC 31-0000"
36039,NY,Greene County,47409.0,11442.0,0.24134657976333607,0.2991609858416361,0.14326393722710878,77945.0,11.7,7.6,8.0,14.5,555.0,48.50550603041427,43170,state,2025,"BLS OEWS annual mean wage, SOC 31-0000"
36041,NY,Hamilton County,5089.0,1718.0,0.3375908822951464,0.2019790454016298,0.156415798781686,68835.0,13.4,9.3,9.4,15.2,72.0,41.90919674039581,43170,state,2025,"BLS OEWS annual mean wage, SOC 31-0000"
36043,NY,Herkimer County,59757.0,13318.0,0.2228692872801513,0.3202432797717375,0.15698579245946082,68515.0,11.3,7.6,8.4,14.7,1341.0,100.69079441357562,43170,state,2025,"BLS OEWS annual mean wage, SOC 31-0000"
36045,NY,Jefferson County,115040.0,17381.0,0.151086578581363,0.28007594499741095,0.13332753824756607,66301.0,10.0,6.0,6.9,12.8,2370.0,136.3557908060526,43170,state,2025,"BLS OEWS annual mean wage, SOC 31-0000"
36047,NY,Kings County,2631580.0,406596.0,0.15450641819743272,0.27524127143405247,0.11415841433663426,80263.0,12.0,5.7,5.8,12.8,95165.0,234.052966581078,43170,state,2025,"BLS OEWS annual mean wage, SOC 31-0000"
36049,NY,Lewis County,26607.0,5466.0,0.20543466005186606,0.2764361507500915,0.1491336866238208,68182.0,11.8,7.7,8.6,15.1,467.0,85.43724844493231,43170,state,2025,"BLS OEWS annual mean wage, SOC 31-0000"
36051,NY,Livingston County,61498.0,12384.0,0.20137240235454812,0.28189599483204136,0.14379329409086475,74001.0,10.1,6.6,7.1,13.0,1011.0,81.63759689922482,43170,state,2025,"BLS OEWS annual mean wage, SOC 31-0000"
36053,NY,Madison County,67328.0,13683.0,0.2032289686311787,0.2883139662354747,0.1318916349809886,75499.0,10.3,6.7,7.1,13.2,1020.0,74.54505590879192,43170,state,2025,"BLS OEWS annual mean wage, SOC 31-0000"
36055,NY,Monroe County,753753.0,141504.0,0.18773258613896063,0.30298083446404345,0.1451576312134081,76382.0,11.2,6.3,6.3,13.1,14466.0,102.23032564450475,43170,state,2025,"BLS OEWS annual mean wage, SOC 31-0000"
36057,NY,Montgomery County,49528.0,9626.0,0.19435470844774672,0.3241221691252857,0.1574664836052334,64943.0,11.5,7.4,8.2,14.9,920.0,95.57448576771245,43170,state,2025,"BLS OEWS annual mean wage, SOC 31-0000"
36059,NY,Nassau County,1389591.0,259500.0,0.186745596366125,0.19816184971098266,0.09346347234545992,146202.0,10.1,5.4,4.8,11.2,22692.0,87.44508670520231,43170,state,2025,"BLS OEWS annual mean wage, SOC 31-0000"
36061,NY,New York County,1629477.0,295693.0,0.18146497311714127,0.41101412613758187,0.11820909408356178,103931.0,8.9,4.9,4.4,11.1,28070.0,94.9295384063877,43170,state,2025,"BLS OEWS annual mean wage, SOC 31-0000"
36063,NY,Niagara County,210721.0,43688.0,0.20732627502716863,0.31134407617652443,0.15566554828422416,69633.0,11.3,7.0,7.7,14.3,3271.0,74.87181834828786,43170,state,2025,"BLS OEWS annual mean wage, SOC 31-0000"
36065,NY,Oneida County,229124.0,45430.0,0.19827691555664181,0.3208452564384768,0.1520704945793544,70154.0,11.5,7.3,8.0,14.1,4496.0,98.96544133832269,43170,state,2025,"BLS OEWS annual mean wage, SOC 31-0000"
36067,NY,Onondaga County,471129.0,87986.0,0.18675564442010575,0.3277339576750847,0.13842705501041117,76945.0,10.9,6.5,6.8,13.2,8853.0,100.61828018093789,43170,state,2025,"BLS OEWS annual mean wage, SOC 31-0000"
36069,NY,Ontario County,112625.0,24963.0,0.22164705882352942,0.29038977686976725,0.14665482796892343,82324.0,10.5,6.8,6.8,12.8,1370.0,54.88122421183351,43170,state,2025,"BLS OEWS annual mean wage, SOC 31-0000"
36071,NY,Orange County,406616.0,59535.0,0.14641578295000687,0.28460569412950365,0.11403142030810397,97178.0,11.2,5.8,6.1,13.2,7705.0,129.4196691022088,43170,state,2025,"BLS OEWS annual mean wage, SOC 31-0000"
36073,NY,Orleans County,39608.0,7867.0,0.198621490607958,0.29630100419473754,0.15282266208846698,65969.0,11.7,7.5,8.5,15.0,760.0,96.60607601372823,43170,state,2025,"BLS OEWS annual mean wage, SOC 31-0000"
36075,NY,Oswego County,117953.0,21183.0,0.17958848015735082,0.28678657413964026,0.1584953328868278,69183.0,11.2,7.2,8.3,14.7,1597.0,75.39064344049473,43170,state,2025,"BLS OEWS annual mean wage, SOC 31-0000"
36077,NY,Otsego County,60108.0,12911.0,0.21479669927463899,0.25745488343273176,0.13600519065681774,68885.0,10.2,6.8,7.2,13.4,1259.0,97.51374796684998,43170,state,2025,"BLS OEWS annual mean wage, SOC 31-0000"
36079,NY,Putnam County,98107.0,18910.0,0.19274873352564037,0.214806980433633,0.10057386323096211,126257.0,9.7,5.8,5.3,11.6,1137.0,60.12691697514543,43170,state,2025,"BLS OEWS annual mean wage, SOC 31-0000"
36081,NY,Queens County,2323052.0,413538.0,0.17801495618694718,0.21589793440989705,0.10883871734253044,86136.0,14.3,6.0,5.4,12.8,75204.0,181.85511367758224,43170,state,2025,"BLS OEWS annual mean wage, SOC 31-0000"
36083,NY,Rensselaer County,160332.0,29330.0,0.1829329142030287,0.29839754517558814,0.14513010503205848,87915.0,9.9,6.0,6.5,12.6,2157.0,73.54244800545516,43170,state,2025,"BLS OEWS annual mean wage, SOC 31-0000"
36085,NY,Richmond County,494956.0,85255.0,0.17224763413313507,0.22545305260688522,0.11031485627005229,98333.0,11.9,5.8,6.0,12.8,13235.0,155.24016186733917,43170,state,2025,"BLS OEWS annual mean wage, SOC 31-0000"
36087,NY,Rockland County,341883.0,53669.0,0.1569806044758002,0.23533138310756674,0.08994305069278086,109959.0,11.3,6.3,6.1,12.4,6030.0,112.3553634314036,43170,state,2025,"BLS OEWS annual mean wage, SOC 31-0000"
36091,NY,Saratoga County,238284.0,47584.0,0.19969448221450034,0.285221923335575,0.11453139950647127,100787.0,9.6,6.0,5.8,11.8,2533.0,53.23217888365837,43170,state,2025,"BLS OEWS annual mean wage, SOC 31-0000"
36093,NY,Schenectady County,160369.0,28630.0,0.17852577493156407,0.3375829549423681,0.12960110744595277,79623.0,10.2,6.1,6.4,12.5,2342.0,81.80230527418792,43170,state,2025,"BLS OEWS annual mean wage, SOC 31-0000"
36095,NY,Schoharie County,30049.0,7181.0,0.23897633864687676,0.3161119621222671,0.16532996106359613,70133.0,11.3,7.6,7.9,13.9,359.0,49.99303718145105,43170,state,2025,"BLS OEWS annual mean wage, SOC 31-0000"
36097,NY,Schuyler County,17562.0,4045.0,0.23032684204532514,0.3045735475896168,0.1504953877690468,67663.0,12.4,8.2,9.0,15.1,386.0,95.42645241038319,43170,state,2025,"BLS OEWS annual mean wage, SOC 31-0000"
36099,NY,Seneca County,32920.0,7104.0,0.2157958687727825,0.34023085585585583,0.16327460510328068,68089.0,11.6,7.8,8.7,15.0,308.0,43.35585585585586,43170,state,2025,"BLS OEWS annual mean wage, SOC 31-0000"
36089,NY,St. Lawrence County,107226.0,20152.0,0.18793949228731838,0.3031460897181421,0.172737955346651,62850.0,11.9,7.3,8.6,14.7,1565.0,77.65978562921794,43170,state,2025,"BLS OEWS annual mean wage, SOC 31-0000"
36101,NY,Steuben County,92588.0,19262.0,0.2080399187799715,0.30661405876855985,0.15417764721130167,65887.0,11.5,7.5,8.3,14.4,1058.0,54.92679887862112,43170,state,2025,"BLS OEWS annual mean wage, SOC 31-0000"
36103,NY,Suffolk County,1530146.0,274038.0,0.17909271402859597,0.22438493931498552,0.10457694886631733,130686.0,10.0,5.7,5.4,11.9,27324.0,99.70879950955707,43170,state,2025,"BLS OEWS annual mean wage, SOC 31-0000"
36105,NY,Sullivan County,79721.0,15349.0,0.1925339621931486,0.32021630073620433,0.15465184832101955,72382.0,12.1,7.2,7.5,14.3,2545.0,165.80884748192065,43170,state,2025,"BLS OEWS annual mean wage, SOC 31-0000"
36107,NY,Tioga County,47864.0,10439.0,0.2180971084740097,0.27215250502921734,0.15867875647668395,72739.0,11.3,7.6,8.1,14.3,605.0,57.955742887249734,43170,state,2025,"BLS OEWS annual mean wage, SOC 31-0000"
36109,NY,Tompkins County,104537.0,16994.0,0.16256445086428728,0.28721901847710957,0.11920181371189148,74024.0,7.6,4.8,4.8,10.5,1549.0,91.14981758267623,43170,state,2025,"BLS OEWS annual mean wage, SOC 31-0000"
36111,NY,Ulster County,182601.0,38843.0,0.2127206313218438,0.30244831758618024,0.14018543162414226,86271.0,10.9,6.8,6.9,13.3,3907.0,100.58440388229539,43170,state,2025,"BLS OEWS annual mean wage, SOC 31-0000"
36113,NY,Warren County,65517.0,15928.0,0.2431124746249065,0.292817679558011,0.16615534899339102,78442.0,11.2,7.2,7.4,13.7,1101.0,69.12355600200904,43170,state,2025,"BLS OEWS annual mean wage, SOC 31-0000"
36115,NY,Washington County,60522.0,13108.0,0.21658239978850666,0.27876106194690264,0.14358415121773901,73495.0,11.2,7.4,8.1,14.5,963.0,73.46658529142508,43170,state,2025,"BLS OEWS annual mean wage, SOC 31-0000"
36117,NY,Wayne County,90929.0,18932.0,0.2082064027977873,0.28332981195858864,0.1456740973726754,74506.0,11.2,7.3,7.7,14.1,1958.0,103.42277625184872,43170,state,2025,"BLS OEWS annual mean wage, SOC 31-0000"
36119,NY,Westchester County,999677.0,181529.0,0.18158765281185824,0.2661282770246076,0.10546006360054297,118976.0,10.5,5.6,4.9,11.2,16378.0,90.22249888447575,43170,state,2025,"BLS OEWS annual mean wage, SOC 31-0000"
36121,NY,Wyoming County,39753.0,8112.0,0.2040600709380424,0.2938856015779093,0.12726083566020174,69110.0,11.2,7.3,8.1,14.3,654.0,80.62130177514793,43170,state,2025,"BLS OEWS annual mean wage, SOC 31-0000"
36123,NY,Yates County,24526.0,5543.0,0.2260050558590883,0.25257081003066933,0.11391992171573025,69701.0,11.6,7.9,8.9,14.8,374.0,67.47248782247881,43170,state,2025,"BLS OEWS annual mean wage, SOC 31-0000"
39001,OH,Adams County,27540.0,5229.0,0.18986928104575163,0.30196978389749474,0.21612200435729848,50264.0,15.7,9.2,11.8,17.4,546.0,104.41767068273091,39890,state,2025,"BLS OEWS annual mean wage, SOC 31-0000"
39003,OH,Allen County,101348.0,19375.0,0.1911729881201405,0.3270709677419355,0.15867111339148282,64038.0,14.5,7.9,9.1,14.6,2006.0,103.53548387096774,39890,state,2025,"BLS OEWS annual mean wage, SOC 31-0000"
39005,OH,Ashland County,52256.0,10587.0,0.2025987446417636,0.2521016340795315,0.1421080832823025,69860.0,13.9,8.2,9.6,15.7,739.0,69.80258807972041,39890,state,2025,"BLS OEWS annual mean wage, SOC 31-0000"
39007,OH,Ashtabula County,97167.0,19694.0,0.20268198050778558,0.29318574185030977,0.1661572344520259,57728.0,16.2,9.2,11.0,16.9,1740.0,88.35178226871128,39890,state,2025,"BLS OEWS annual mean wage, SOC 31-0000"
39009,OH,Athens County,61737.0,9302.0,0.1506713964073408,0.28800258009030316,0.17751105495893874,56001.0,11.5,6.2,7.7,13.3,1280.0,137.6048161685659,39890,state,2025,"BLS OEWS annual mean wage, SOC 31-0000"
39011,OH,Auglaize County,46125.0,9071.0,0.19666124661246612,0.30900672472715246,0.13784281842818427,78660.0,12.2,7.5,8.1,13.7,839.0,92.49255870356079,39890,state,2025,"BLS OEWS annual mean wage, SOC 31-0000"
39013,OH,Belmont County,65473.0,14378.0,0.21960197333251874,0.3191681735985534,0.15823316481603103,57017.0,14.5,8.6,9.8,16.2,1101.0,76.57532341076644,39890,state,2025,"BLS OEWS annual mean wage, SOC 31-0000"
39015,OH,Brown County,43845.0,8392.0,0.19140152811038888,0.2490467111534795,0.1771011517846961,71270.0,14.5,8.7,10.4,16.1,720.0,85.7959961868446,39890,state,2025,"BLS OEWS annual mean wage, SOC 31-0000"
39017,OH,Butler County,392876.0,62338.0,0.15867092924994144,0.26961083127466395,0.12385078243517038,81590.0,12.5,6.6,7.2,13.3,5579.0,89.49597356347654,39890,state,2025,"BLS OEWS annual mean wage, SOC 31-0000"
39019,OH,Carroll County,26659.0,5954.0,0.22333921002288157,0.2655357742693987,0.1858284256723808,64835.0,14.9,9.1,10.5,16.4,414.0,69.53308700033591,39890,state,2025,"BLS OEWS annual mean wage, SOC 31-0000"
39021,OH,Champaign County,38804.0,7495.0,0.1931501907019895,0.2712474983322215,0.13962478095041747,75556.0,12.7,7.5,8.5,14.4,527.0,70.31354236157439,39890,state,2025,"BLS OEWS annual mean wage, SOC 31-0000"
39023,OH,Clark County,135158.0,27405.0,0.20276269255242013,0.32337164750957853,0.16741147397860281,63132.0,15.0,8.4,9.9,15.8,2297.0,83.81682174785624,39890,state,2025,"BLS OEWS annual mean wage, SOC 31-0000"
39025,OH,Clermont County,211181.0,38826.0,0.18385176696767228,0.2861999690928759,0.14496569293639106,85510.0,12.6,7.0,7.6,13.3,2511.0,64.67315716272601,39890,state,2025,"BLS OEWS annual mean wage, SOC 31-0000"
39027,OH,Clinton County,42012.0,7803.0,0.18573264781491003,0.3230808663334615,0.15959725792630677,70407.0,13.5,8.0,9.3,15.0,724.0,92.7848263488402,39890,state,2025,"BLS OEWS annual mean wage, SOC 31-0000"
39029,OH,Columbiana County,100704.0,22107.0,0.2195245471877979,0.31130411181978557,0.1783742453129965,58180.0,15.2,8.8,10.3,16.4,1945.0,87.98118243090424,39890,state,2025,"BLS OEWS annual mean wage, SOC 31-0000"
39031,OH,Coshocton County,36744.0,7378.0,0.2007946875680383,0.2975060992138791,0.15931852819507947,55577.0,15.3,9.1,11.1,16.8,410.0,55.57061534291135,39890,state,2025,"BLS OEWS annual mean wage, SOC 31-0000"
39033,OH,Crawford County,41711.0,8862.0,0.212461940495313,0.32283908824193186,0.1583515139891156,58044.0,14.6,8.8,10.3,15.8,741.0,83.61543669600542,39890,state,2025,"BLS OEWS annual mean wage, SOC 31-0000"
39035,OH,Cuyahoga County,1245873.0,242818.0,0.19489787482351734,0.3563862646097077,0.15370828326803776,64468.0,13.4,6.9,7.7,13.5,21109.0,86.93342338706356,39890,state,2025,"BLS OEWS annual mean wage, SOC 31-0000"
39037,OH,Darke County,51594.0,10564.0,0.20475249059968215,0.31351760696705794,0.14141179206884522,64486.0,14.3,8.5,9.7,15.6,879.0,83.20711851571374,39890,state,2025,"BLS OEWS annual mean wage, SOC 31-0000"
39039,OH,Defiance County,38343.0,7741.0,0.20188821949247582,0.24208758558325796,0.14367681193438175,73064.0,13.3,7.6,8.2,14.3,281.0,36.30021960986952,39890,state,2025,"BLS OEWS annual mean wage, SOC 31-0000"
39041,OH,Delaware County,226834.0,34165.0,0.15061675057531057,0.21402019610712716,0.08366029783894831,133540.0,10.1,5.0,4.9,9.8,2295.0,67.17400848821893,39890,state,2025,"BLS OEWS annual mean wage, SOC 31-0000"
39043,OH,Erie County,74581.0,17683.0,0.2370979203818667,0.2864332975173896,0.15521379439803704,71993.0,14.4,8.3,8.9,14.3,660.0,37.323983486964885,39890,state,2025,"BLS OEWS annual mean wage, SOC 31-0000"
39045,OH,Fairfield County,163453.0,27165.0,0.16619456357485027,0.22300754647524387,0.1354517812459851,90966.0,12.2,6.6,7.2,12.9,2378.0,87.53911282900792,39890,state,2025,"BLS OEWS annual mean wage, SOC 31-0000"
39047,OH,Fayette County,28876.0,5170.0,0.17904141847901373,0.30599613152804644,0.16460036016068708,63275.0,14.3,8.2,10.2,16.1,415.0,80.27079303675049,39890,state,2025,"BLS OEWS annual mean wage, SOC 31-0000"
39049,OH,Franklin County,1333048.0,173679.0,0.13028713144612947,0.3165034344969743,0.11831681979943708,75176.0,11.8,5.6,6.3,12.8,21794.0,125.48437059172382,39890,state,2025,"BLS OEWS annual mean wage, SOC 31-0000"
39051,OH,Fulton County,42240.0,8209.0,0.19434185606060606,0.2795712023388963,0.1465435606060606,72864.0,13.3,7.4,8.1,13.9,521.0,63.46692654403703,39890,state,2025,"BLS OEWS annual mean wage, SOC 31-0000"
39053,OH,Gallia County,29068.0,5790.0,0.19918811063712674,0.29740932642487045,0.1989816980872437,56830.0,15.3,9.2,11.0,17.3,642.0,110.88082901554404,39890,state,2025,"BLS OEWS annual mean wage, SOC 31-0000"
39055,OH,Geauga County,95481.0,21289.0,0.22296582566164996,0.20325050495561087,0.09695122589834627,107860.0,12.4,7.4,7.6,12.8,1015.0,47.67720418995725,39890,state,2025,"BLS OEWS annual mean wage, SOC 31-0000"
39057,OH,Greene County,169688.0,31551.0,0.1859353637263684,0.2359354695572248,0.13484748479562492,87309.0,11.2,6.4,6.6,12.1,2256.0,71.5032804031568,39890,state,2025,"BLS OEWS annual mean wage, SOC 31-0000"
39059,OH,Guernsey County,38223.0,7664.0,0.2005075478115271,0.3157620041753653,0.16879889072024698,58478.0,14.8,8.9,10.6,16.1,1143.0,149.13883089770354,39890,state,2025,"BLS OEWS annual mean wage, SOC 31-0000"
39061,OH,Hamilton County,830774.0,137755.0,0.16581525180133225,0.32560705600522666,0.12897972252381515,72470.0,13.2,6.5,7.1,12.2,12690.0,92.12006823708758,39890,state,2025,"BLS OEWS annual mean wage, SOC 31-0000"
39063,OH,Hancock County,74866.0,13960.0,0.186466486789731,0.31189111747851,0.12394144204311704,73141.0,12.5,6.9,7.5,13.3,1011.0,72.42120343839542,39890,state,2025,"BLS OEWS annual mean wage, SOC 31-0000"
39065,OH,Hardin County,30475.0,4919.0,0.1614109926168991,0.2959951209595446,0.12285479901558655,62484.0,12.9,7.5,9.1,15.2,341.0,69.32303313681642,39890,state,2025,"BLS OEWS annual mean wage, SOC 31-0000"
39067,OH,Harrison County,14306.0,3264.0,0.2281560184537956,0.33609068627450983,0.1692995945757025,54414.0,15.6,9.1,10.6,16.2,402.0,123.16176470588236,39890,state,2025,"BLS OEWS annual mean wage, SOC 31-0000"
39069,OH,Henry County,27567.0,5492.0,0.19922370950774476,0.2749453750910415,0.12855950955853013,80099.0,13.1,7.6,8.3,14.4,333.0,60.63364894391843,39890,state,2025,"BLS OEWS annual mean wage, SOC 31-0000"
39071,OH,Highland County,43517.0,8333.0,0.19148838384998965,0.28381135245409816,0.17981478502654136,65785.0,14.7,8.5,10.4,16.2,771.0,92.52370094803793,39890,state,2025,"BLS OEWS annual mean wage, SOC 31-0000"
39073,OH,Hocking County,27799.0,5617.0,0.2020576279722292,0.2745237671354816,0.17446670743551926,62960.0,15.7,9.2,10.9,16.7,568.0,101.12159515755742,39890,state,2025,"BLS OEWS annual mean wage, SOC 31-0000"
39075,OH,Holmes County,44418.0,6429.0,0.14473861947858976,0.19645356976201586,0.07861677698230447,76140.0,12.7,7.8,10.7,17.0,269.0,41.84165500077772,39890,state,2025,"BLS OEWS annual mean wage, SOC 31-0000"
39077,OH,Huron County,58319.0,10808.0,0.185325537131981,0.3106957809030348,0.159930725835491,67878.0,13.5,7.7,9.0,15.0,590.0,54.58919319022946,39890,state,2025,"BLS OEWS annual mean wage, SOC 31-0000"
39079,OH,Jackson County,32650.0,5857.0,0.1793874425727412,0.29673894485231345,0.2291271056661562,57106.0,14.9,8.4,10.5,16.9,597.0,101.92931534915486,39890,state,2025,"BLS OEWS annual mean wage, SOC 31-0000"
39081,OH,Jefferson County,64518.0,14513.0,0.22494497659567872,0.31268517880520913,0.1721535075482811,59055.0,15.1,8.7,10.1,16.1,919.0,63.322538413835865,39890,state,2025,"BLS OEWS annual mean wage, SOC 31-0000"
39083,OH,Knox County,63142.0,12126.0,0.1920433309049444,0.26100940128649186,0.12802888726996295,73878.0,12.6,7.5,8.5,13.8,1148.0,94.67260432129308,39890,state,2025,"BLS OEWS annual mean wage, SOC 31-0000"
39085,OH,Lake County,232216.0,50308.0,0.21664312536603852,0.309950703665421,0.13832380197746924,80925.0,12.9,7.3,7.7,13.9,3419.0,67.96135803450744,39890,state,2025,"BLS OEWS annual mean wage, SOC 31-0000"
39087,OH,Lawrence County,56819.0,10854.0,0.1910276492018515,0.3469688594066703,0.22872630634118868,58325.0,15.1,8.6,10.6,16.3,1201.0,110.65045144647134,39890,state,2025,"BLS OEWS annual mean wage, SOC 31-0000"
39089,OH,Licking County,181837.0,31778.0,0.17476091224558257,0.2616275410661464,0.15172929601786214,84426.0,12.9,6.8,7.6,13.3,2448.0,77.03442633268298,39890,state,2025,"BLS OEWS annual mean wage, SOC 31-0000"
39091,OH,Logan County,46089.0,8932.0,0.19379895419731388,0.2816838334079713,0.15409316756709843,71551.0,14.0,8.0,9.2,15.0,539.0,60.3448275862069,39890,state,2025,"BLS OEWS annual mean wage, SOC 31-0000"
39093,OH,Lorain County,317129.0,62902.0,0.19834830620977584,0.30165972465104446,0.1501754806403703,73347.0,14.2,7.6,8.2,14.5,5562.0,88.42326158150775,39890,state,2025,"BLS OEWS annual mean wage, SOC 31-0000"
39095,OH,Lucas County,428018.0,75209.0,0.17571457275161326,0.3334175431131912,0.15196790789172418,62224.0,14.0,7.5,8.6,14.6,7443.0,98.96421970774774,39890,state,2025,"BLS OEWS annual mean wage, SOC 31-0000"
39097,OH,Madison County,44423.0,7324.0,0.16486954955766156,0.23402512288367014,0.12684870449992122,87045.0,12.4,6.8,7.8,13.6,559.0,76.32441288913162,39890,state,2025,"BLS OEWS annual mean wage, SOC 31-0000"
39099,OH,Mahoning County,226491.0,50896.0,0.22471533085199855,0.3200447972335744,0.16719869663695247,56942.0,14.8,8.4,9.5,15.3,4616.0,90.69475007859164,39890,state,2025,"BLS OEWS annual mean wage, SOC 31-0000"
39101,OH,Marion County,65020.0,12140.0,0.18671178099046448,0.3409390444810544,0.15838203629652414,59371.0,14.8,8.3,10.0,16.1,1144.0,94.2339373970346,39890,state,2025,"BLS OEWS annual mean wage, SOC 31-0000"
39103,OH,Medina County,183660.0,36355.0,0.19794729391266472,0.24555081831935086,0.12972884678209734,94968.0,11.9,6.8,7.0,12.7,2147.0,59.05652592490716,39890,state,2025,"BLS OEWS annual mean wage, SOC 31-0000"
39105,OH,Meigs County,21896.0,4639.0,0.21186518085495068,0.3129984910541065,0.2193551333576909,46873.0,17.3,10.3,12.9,18.5,291.0,62.72903643026515,39890,state,2025,"BLS OEWS annual mean wage, SOC 31-0000"
39107,OH,Mercer County,42484.0,8142.0,0.1916486206571886,0.2684844018668632,0.10794652104321627,76782.0,12.1,7.3,7.9,13.4,629.0,77.25374600835177,39890,state,2025,"BLS OEWS annual mean wage, SOC 31-0000"
39109,OH,Miami County,110296.0,21382.0,0.1938601581199681,0.29660462070900756,0.12502719953579458,76817.0,12.7,7.3,8.0,13.8,1334.0,62.38892526424095,39890,state,2025,"BLS OEWS annual mean wage, SOC 31-0000"
39111,OH,Monroe County,13227.0,3138.0,0.23724200498979361,0.23454429572976418,0.17040901186966054,60134.0,16.1,9.9,11.6,16.9,78.0,24.8565965583174,39890,state,2025,"BLS OEWS annual mean wage, SOC 31-0000"
39113,OH,Montgomery County,536096.0,99611.0,0.18580813884080463,0.3572697794420295,0.14970639586939652,66139.0,14.5,7.2,8.1,14.0,10050.0,100.89247171497124,39890,state,2025,"BLS OEWS annual mean wage, SOC 31-0000"
39115,OH,Morgan County,13651.0,3074.0,0.22518496813420263,0.25959661678594664,0.18174492711156692,59351.0,16.0,9.4,11.1,16.7,258.0,83.92973324658426,39890,state,2025,"BLS OEWS annual mean wage, SOC 31-0000"
39117,OH,Morrow County,35404.0,6840.0,0.19319850864309118,0.20833333333333334,0.15303355553044853,75283.0,13.8,7.8,9.2,15.2,747.0,109.21052631578948,39890,state,2025,"BLS OEWS annual mean wage, SOC 31-0000"
39119,OH,Muskingum County,86411.0,16071.0,0.18598326601937254,0.2808163773256176,0.15803543530337572,60780.0,14.4,8.0,9.6,15.3,1406.0,87.48677742517579,39890,state,2025,"BLS OEWS annual mean wage, SOC 31-0000"
39121,OH,Noble County,14282.0,4243.0,0.2970872426830976,0.24181004006599105,0.1741352751715446,56098.0,18.0,11.9,11.8,17.2,140.0,32.99552203629508,39890,state,2025,"BLS OEWS annual mean wage, SOC 31-0000"
39123,OH,Ottawa County,39994.0,11070.0,0.27679151872780916,0.2763324299909666,0.15414812221833274,76101.0,13.8,8.5,8.5,14.3,450.0,40.65040650406504,39890,state,2025,"BLS OEWS annual mean wage, SOC 31-0000"
39125,OH,Paulding County,18791.0,3625.0,0.19291150018625938,0.3293793103448276,0.15832047256665424,67731.0,14.1,8.1,9.2,15.0,375.0,103.44827586206897,39890,state,2025,"BLS OEWS annual mean wage, SOC 31-0000"
39127,OH,Perry County,35535.0,6517.0,0.1833966511889686,0.2462789627129047,0.16169973265794288,67460.0,14.3,8.3,10.1,15.9,710.0,108.94583397268683,39890,state,2025,"BLS OEWS annual mean wage, SOC 31-0000"
39129,OH,Pickaway County,60131.0,9860.0,0.1639753205501322,0.29645030425963487,0.13420698142389118,74040.0,12.6,7.1,8.5,14.4,718.0,72.81947261663286,39890,state,2025,"BLS OEWS annual mean wage, SOC 31-0000"
39131,OH,Pike County,27044.0,5155.0,0.19061529359562196,0.33365664403491757,0.21960508800473302,52736.0,16.2,9.6,12.5,18.1,399.0,77.40058195926285,39890,state,2025,"BLS OEWS annual mean wage, SOC 31-0000"
39133,OH,Portage County,161956.0,29702.0,0.18339549013312256,0.27227122752676586,0.13395613623453284,75766.0,11.8,6.8,7.6,13.1,2453.0,82.58703117635176,39890,state,2025,"BLS OEWS annual mean wage, SOC 31-0000"
39135,OH,Preble County,40765.0,8298.0,0.20355697289341346,0.2752470474813208,0.15670305409051882,69223.0,13.4,7.9,9.1,14.8,630.0,75.92190889370933,39890,state,2025,"BLS OEWS annual mean wage, SOC 31-0000"
39137,OH,Putnam County,34314.0,6492.0,0.1891939150201084,0.2784966112138016,0.10401002506265664,84928.0,12.3,7.0,7.4,13.4,510.0,78.55822550831792,39890,state,2025,"BLS OEWS annual mean wage, SOC 31-0000"
39139,OH,Richland County,125099.0,25199.0,0.20143246548733404,0.3063216794317235,0.15674785569828695,59509.0,14.5,8.3,9.7,15.6,2059.0,81.70959165046231,39890,state,2025,"BLS OEWS annual mean wage, SOC 31-0000"
39141,OH,Ross County,76492.0,13697.0,0.1790644773309627,0.2941520040884865,0.17677665638236678,61303.0,15.0,8.1,10.0,15.7,1440.0,105.13251076878149,39890,state,2025,"BLS OEWS annual mean wage, SOC 31-0000"
39143,OH,Sandusky County,58778.0,11904.0,0.20252475415971963,0.2935987903225806,0.16538500799618905,62295.0,14.4,8.0,8.8,15.1,932.0,78.29301075268818,39890,state,2025,"BLS OEWS annual mean wage, SOC 31-0000"
39145,OH,Scioto County,72627.0,13671.0,0.18823578008178776,0.337063857801185,0.21329533093753011,50609.0,15.3,9.0,11.4,17.6,1206.0,88.21593153390388,39890,state,2025,"BLS OEWS annual mean wage, SOC 31-0000"
39147,OH,Seneca County,54770.0,10538.0,0.1924046010589739,0.3187511861833365,0.14960744933357678,66025.0,13.2,7.4,8.5,14.5,997.0,94.60998291895996,39890,state,2025,"BLS OEWS annual mean wage, SOC 31-0000"
39149,OH,Shelby County,47929.0,8689.0,0.18128898996432222,0.26504776153757625,0.1462162782449039,73978.0,13.3,7.7,8.8,14.8,536.0,61.68719070088618,39890,state,2025,"BLS OEWS annual mean wage, SOC 31-0000"
39151,OH,Stark County,373713.0,76627.0,0.20504237208767156,0.2863873047359286,0.1400513228065387,67934.0,13.7,7.9,8.8,14.6,5969.0,77.89682487895912,39890,state,2025,"BLS OEWS annual mean wage, SOC 31-0000"
39153,OH,Summit County,537864.0,104607.0,0.194485966712775,0.317655606221381,0.14045372064313655,71622.0,13.7,7.0,7.9,13.9,9608.0,91.84853786075502,39890,state,2025,"BLS OEWS annual mean wage, SOC 31-0000"
39155,OH,Trumbull County,200929.0,44931.0,0.22361630227592832,0.32474238276468365,0.17303126975200195,56435.0,15.5,8.9,10.2,15.7,3086.0,68.68309185195078,39890,state,2025,"BLS OEWS annual mean wage, SOC 31-0000"
39157,OH,Tuscarawas County,92385.0,18645.0,0.20181847702549116,0.3009385894341647,0.15393191535422418,65044.0,13.6,8.2,9.7,15.0,1655.0,88.76374363100027,39890,state,2025,"BLS OEWS annual mean wage, SOC 31-0000"
39159,OH,Union County,67324.0,8889.0,0.13203315311033212,0.18247271909101137,0.10061790743271344,112322.0,10.2,5.2,5.7,11.4,716.0,80.54899313758578,39890,state,2025,"BLS OEWS annual mean wage, SOC 31-0000"
39161,OH,Van Wert County,28826.0,5760.0,0.19981960729896622,0.27152777777777776,0.1417817248317491,67917.0,13.2,7.8,8.8,14.4,604.0,104.86111111111111,39890,state,2025,"BLS OEWS annual mean wage, SOC 31-0000"
39163,OH,Vinton County,12630.0,2477.0,0.19612034837688044,0.23213564796124345,0.22082343626286619,55336.0,15.4,8.9,11.4,17.1,287.0,115.86596689543804,39890,state,2025,"BLS OEWS annual mean wage, SOC 31-0000"
39165,OH,Warren County,250008.0,39428.0,0.1577069533774919,0.2213655270366237,0.10302470320949729,110132.0,11.0,5.8,5.8,11.4,2549.0,64.64948767373441,39890,state,2025,"BLS OEWS annual mean wage, SOC 31-0000"
39167,OH,Washington County,58978.0,13114.0,0.22235409813828885,0.2764983986579228,0.16209434026247074,63603.0,13.8,8.6,9.6,15.1,1075.0,81.97346347414975,39890,state,2025,"BLS OEWS annual mean wage, SOC 31-0000"
39169,OH,Wayne County,116588.0,22186.0,0.19029402682951932,0.2661137654376634,0.12429238000480324,73574.0,12.9,7.6,8.7,14.4,1387.0,62.51690255115838,39890,state,2025,"BLS OEWS annual mean wage, SOC 31-0000"
39171,OH,Williams County,36719.0,7368.0,0.2006590593425747,0.28759500542888167,0.1675971567853155,61048.0,14.4,8.3,9.5,15.3,472.0,64.06080347448426,39890,state,2025,"BLS OEWS annual mean wage, SOC 31-0000"
39173,OH,Wood County,132064.0,22040.0,0.1668887811969954,0.3129310344827586,0.12343257814393022,74216.0,10.7,6.1,6.6,12.2,1795.0,81.44283121597095,39890,state,2025,"BLS OEWS annual mean wage, SOC 31-0000"
39175,OH,Wyandot County,21598.0,4493.0,0.2080285211593666,0.3087024259959938,0.1352903046578387,69768.0,13.0,7.6,8.4,14.0,385.0,85.68884932116626,39890,state,2025,"BLS OEWS annual mean wage, SOC 31-0000"
48001,TX,Anderson County,58439.0,8865.0,0.1516966409418368,0.23959390862944163,0.15999589315354473,62068.0,13.9,6.9,7.8,14.9,601.0,67.79469825155104,34160,state,2025,"BLS OEWS annual mean wage, SOC 31-0000"
48003,TX,Andrews County,18610.0,1806.0,0.09704459967759269,0.3122923588039867,0.12853304674905963,72242.0,12.7,5.6,6.1,14.6,240.0,132.89036544850498,34160,state,2025,"BLS OEWS annual mean wage, SOC 31-0000"
48005,TX,Angelina County,87275.0,14722.0,0.168685190489831,0.24534709957886155,0.19464909767974792,60960.0,14.9,7.9,8.8,17.0,1445.0,98.15242494226328,34160,state,2025,"BLS OEWS annual mean wage, SOC 31-0000"
48007,TX,Aransas County,24876.0,7054.0,0.2835664897893552,0.24709384746243265,0.22829232995658466,69466.0,15.9,9.1,9.1,15.7,165.0,23.390983838956622,34160,state,2025,"BLS OEWS annual mean wage, SOC 31-0000"
48009,TX,Archer County,8867.0,1932.0,0.21788654561858578,0.275879917184265,0.18224878763956243,72159.0,12.7,7.5,8.1,14.3,116.0,60.041407867494826,34160,state,2025,"BLS OEWS annual mean wage, SOC 31-0000"
48011,TX,Armstrong County,1822.0,459.0,0.2519209659714599,0.20261437908496732,0.11031833150384193,72750.0,12.6,7.4,7.4,13.7,51.0,111.1111111111111,34160,state,2025,"BLS OEWS annual mean wage, SOC 31-0000"
48013,TX,Atascosa County,51008.0,7768.0,0.15228983688833125,0.25463439752832134,0.13999764742785445,70770.0,15.4,6.6,6.3,15.3,829.0,106.71987641606592,34160,state,2025,"BLS OEWS annual mean wage, SOC 31-0000"
48015,TX,Austin County,31170.0,6556.0,0.21033044594161052,0.25457596095179985,0.12743022136669874,75789.0,14.7,7.9,8.2,15.1,272.0,41.48871262965223,34160,state,2025,"BLS OEWS annual mean wage, SOC 31-0000"
48017,TX,Bailey County,6913.0,1361.0,0.1968754520468682,0.25495958853783984,0.14465499783017502,61420.0,15.5,7.2,7.1,16.3,62.0,45.554739162380606,34160,state,2025,"BLS OEWS annual mean wage, SOC 31-0000"
48019,TX,Bandera County,22021.0,6554.0,0.2976249943236002,0.24992371071101618,0.21279687570954997,75813.0,15.7,9.1,9.0,15.5,208.0,31.736344217271895,34160,state,2025,"BLS OEWS annual mean wage, SOC 31-0000"
48021,TX,Bastrop County,106582.0,16402.0,0.15389090090259144,0.20290208511157176,0.11666134994652005,86226.0,13.4,6.5,6.8,14.4,1370.0,83.52639921960736,34160,state,2025,"BLS OEWS annual mean wage, SOC 31-0000"
48023,TX,Baylor County,3485.0,950.0,0.27259684361549497,0.2231578947368421,0.230416068866571,45370.0,14.9,8.9,9.7,16.1,137.0,144.21052631578948,34160,state,2025,"BLS OEWS annual mean wage, SOC 31-0000"
48025,TX,Bee County,31083.0,3950.0,0.1270791107679439,0.3382278481012658,0.12720779847505068,57673.0,13.9,5.9,5.7,14.6,495.0,125.31645569620254,34160,state,2025,"BLS OEWS annual mean wage, SOC 31-0000"
48027,TX,Bell County,386897.0,46147.0,0.11927463898660368,0.25626801308860814,0.14234020940973954,68865.0,12.6,5.4,5.9,13.6,4995.0,108.2410557566039,34160,state,2025,"BLS OEWS annual mean wage, SOC 31-0000"
48029,TX,Bexar County,2067341.0,266184.0,0.12875669761302078,0.2603687674691191,0.14775694962756508,72341.0,13.9,5.4,5.1,13.9,33950.0,127.5433534697803,34160,state,2025,"BLS OEWS annual mean wage, SOC 31-0000"
48031,TX,Blanco County,12446.0,3285.0,0.26394022175799453,0.1659056316590563,0.149445605013659,92425.0,13.1,7.4,7.2,13.4,248.0,75.49467275494673,34160,state,2025,"BLS OEWS annual mean wage, SOC 31-0000"
48033,TX,Borden County,713.0,123.0,0.17251051893408134,0.2032520325203252,0.1150070126227209,65625.0,13.2,7.9,7.4,13.9,3.0,24.390243902439025,34160,state,2025,"BLS OEWS annual mean wage, SOC 31-0000"
48035,TX,Bosque County,18687.0,4785.0,0.2560603628190721,0.23531870428422152,0.16615829186065179,68914.0,14.3,8.4,8.7,15.2,326.0,68.12957157784744,34160,state,2025,"BLS OEWS annual mean wage, SOC 31-0000"
48037,TX,Bowie County,92115.0,16165.0,0.17548716278564838,0.32285802660068047,0.13851164305487706,59803.0,13.8,7.1,8.1,14.6,1280.0,79.18342097123416,34160,state,2025,"BLS OEWS annual mean wage, SOC 31-0000"
48039,TX,Brazoria County,391255.0,50224.0,0.128366410652899,0.20362774769034725,0.1128496760424787,97993.0,12.0,5.1,5.1,12.0,5170.0,102.93883402357439,34160,state,2025,"BLS OEWS annual mean wage, SOC 31-0000"
48041,TX,Brazos County,242311.0,24712.0,0.10198463957476137,0.2471673680802849,0.10118814251107049,58553.0,9.7,4.6,5.2,11.8,2644.0,106.99255422466818,34160,state,2025,"BLS OEWS annual mean wage, SOC 31-0000"
48043,TX,Brewster County,9503.0,2515.0,0.2646532673892455,0.30775347912524853,0.13395769756918868,56212.0,12.8,6.6,5.5,12.4,26.0,10.337972166998012,34160,state,2025,"BLS OEWS annual mean wage, SOC 31-0000"
48045,TX,Briscoe County,1301.0,320.0,0.24596464258262873,0.2875,0.20292083013066872,45417.0,17.5,9.9,10.4,17.7,3.0,9.375,34160,state,2025,"BLS OEWS annual mean wage, SOC 31-0000"
48047,TX,Brooks County,6943.0,1497.0,0.21561284747227424,0.218436873747495,0.21374045801526717,47764.0,19.8,8.1,7.1,18.4,157.0,104.87641950567803,34160,state,2025,"BLS OEWS annual mean wage, SOC 31-0000"
48049,TX,Brown County,38347.0,8062.0,0.21023808902912874,0.24510047134706028,0.22179049208543042,57470.0,14.0,7.8,8.5,15.5,556.0,68.9655172413793,34160,state,2025,"BLS OEWS annual mean wage, SOC 31-0000"
48051,TX,Burleson County,18857.0,4170.0,0.22113803892453732,0.26187050359712233,0.14827385055947392,70000.0,14.0,7.4,7.8,14.5,341.0,81.77458033573141,34160,state,2025,"BLS OEWS annual mean wage, SOC 31-0000"
48053,TX,Burnet County,52652.0,12426.0,0.23600243105674998,0.1958796072750684,0.15948112132492592,78732.0,13.5,7.7,7.8,14.3,889.0,71.54353774344118,34160,state,2025,"BLS OEWS annual mean wage, SOC 31-0000"
48055,TX,Caldwell County,48669.0,7446.0,0.15299266473525241,0.24120333064732744,0.14156855493229778,69758.0,14.6,6.5,6.8,15.3,678.0,91.05560032232071,34160,state,2025,"BLS OEWS annual mean wage, SOC 31-0000"
48057,TX,Calhoun County,19868.0,3815.0,0.1920173142742098,0.28309305373525556,0.19906382122005234,79959.0,14.7,7.3,6.9,14.8,236.0,61.8610747051114,34160,state,2025,"BLS OEWS annual mean wage, SOC 31-0000"
48059,TX,Callahan County,14241.0,2985.0,0.20960606698967768,0.2338358458961474,0.18172881117899023,72436.0,13.2,7.6,8.2,14.6,207.0,69.34673366834171,34160,state,2025,"BLS OEWS annual mean wage, SOC 31-0000"
48061,TX,Cameron County,426120.0,60919.0,0.14296207641040082,0.2382015463155994,0.12244907537782784,52601.0,18.3,7.1,6.2,16.2,13363.0,219.35685090037592,34160,state,2025,"BLS OEWS annual mean wage, SOC 31-0000"
48063,TX,Camp County,12798.0,2401.0,0.187607438662291,0.2573927530195752,0.18166901078293482,58843.0,16.1,8.3,9.5,16.7,206.0,85.79758433985839,34160,state,2025,"BLS OEWS annual mean wage, SOC 31-0000"
48065,TX,Carson County,5801.0,1196.0,0.2061713497672815,0.4188963210702341,0.10980865368039994,85231.0,11.7,6.8,6.9,13.2,38.0,31.77257525083612,34160,state,2025,"BLS OEWS annual mean wage, SOC 31-0000"
48067,TX,Cass County,28568.0,6432.0,0.22514701764211706,0.24891169154228857,0.19273312797535705,53813.0,15.7,8.7,9.9,16.3,593.0,92.19527363184079,34160,state,2025,"BLS OEWS annual mean wage, SOC 31-0000"
48069,TX,Castro County,7344.0,1376.0,0.18736383442265794,0.20494186046511628,0.0915032679738562,56776.0,15.5,7.2,6.7,15.5,194.0,140.98837209302326,34160,state,2025,"BLS OEWS annual mean wage, SOC 31-0000"
48071,TX,Chambers County,51498.0,6491.0,0.12604372985358656,0.20474503158219073,0.11165482154646783,109804.0,10.8,5.2,5.7,12.8,260.0,40.05546140810353,34160,state,2025,"BLS OEWS annual mean wage, SOC 31-0000"
48073,TX,Cherokee County,51886.0,9527.0,0.1836140770149944,0.216017634092579,0.12546737077439002,61261.0,14.7,7.8,8.9,15.9,468.0,49.123543612889684,34160,state,2025,"BLS OEWS annual mean wage, SOC 31-0000"
48075,TX,Childress County,6743.0,1154.0,0.17114044193978942,0.3717504332755633,0.11256117455138662,58654.0,12.0,6.3,6.9,14.0,0.0,0.0,34160,state,2025,"BLS OEWS annual mean wage, SOC 31-0000"
48077,TX,Clay County,10495.0,2455.0,0.23392091472129586,0.24969450101832993,0.2005717008099095,80114.0,13.2,7.9,8.3,14.5,217.0,88.39103869653768,34160,state,2025,"BLS OEWS annual mean wage, SOC 31-0000"
48079,TX,Cochran County,2550.0,368.0,0.14431372549019608,0.358695652173913,0.21098039215686273,45313.0,18.6,8.8,9.7,19.2,23.0,62.5,34160,state,2025,"BLS OEWS annual mean wage, SOC 31-0000"
48081,TX,Coke County,3353.0,906.0,0.2702057858634059,0.33002207505518766,0.19982105577095138,43333.0,15.9,9.6,9.9,16.4,77.0,84.98896247240619,34160,state,2025,"BLS OEWS annual mean wage, SOC 31-0000"
48083,TX,Coleman County,7833.0,2053.0,0.26209625941529424,0.3365806137359961,0.26005361930294907,49159.0,15.4,9.0,9.4,16.0,68.0,33.12226010716025,34160,state,2025,"BLS OEWS annual mean wage, SOC 31-0000"
48085,TX,Collin County,1163337.0,134714.0,0.11579963501547703,0.20251792686728923,0.08101521743054678,121600.0,9.5,4.3,4.1,10.2,10594.0,78.64067580206957,34160,state,2025,"BLS OEWS annual mean wage, SOC 31-0000"
48087,TX,Collingsworth County,2588.0,628.0,0.2426584234930448,0.23089171974522293,0.14412673879443585,61280.0,15.5,8.2,9.3,16.5,38.0,60.50955414012739,34160,state,2025,"BLS OEWS annual mean wage, SOC 31-0000"
48089,TX,Colorado County,21006.0,4910.0,0.23374274016947538,0.24134419551934827,0.19008854612967724,66377.0,14.9,7.9,7.9,14.8,312.0,63.543788187372705,34160,state,2025,"BLS OEWS annual mean wage, SOC 31-0000"
48091,TX,Comal County,183826.0,34386.0,0.18705732594953925,0.19813296108881523,0.14079074777234993,101889.0,11.2,5.8,5.6,12.0,1987.0,57.78514511719886,34160,state,2025,"BLS OEWS annual mean wage, SOC 31-0000"
48093,TX,Comanche County,13950.0,3338.0,0.2392831541218638,0.2231875374475734,0.17383512544802868,59635.0,14.8,8.5,8.7,15.7,259.0,77.59137207908927,34160,state,2025,"BLS OEWS annual mean wage, SOC 31-0000"
48095,TX,Concho County,3328.0,659.0,0.19801682692307693,0.18968133535660092,0.14453125,65795.0,14.2,7.6,7.8,15.1,45.0,68.28528072837632,34160,state,2025,"BLS OEWS annual mean wage, SOC 31-0000"
48097,TX,Cooke County,43046.0,8136.0,0.1890071086744413,0.25725172074729596,0.1475863030246713,73932.0,13.0,7.2,7.9,14.6,291.0,35.7669616519174,34160,state,2025,"BLS OEWS annual mean wage, SOC 31-0000"
48099,TX,Coryell County,84748.0,9621.0,0.11352480294520224,0.2685791497765305,0.14606834379572378,71301.0,10.3,4.9,5.7,12.8,713.0,74.10872050722378,34160,state,2025,"BLS OEWS annual mean wage, SOC 31-0000"
48101,TX,Cottle County,1368.0,317.0,0.23172514619883042,0.2902208201892745,0.25146198830409355,59063.0,18.8,10.2,11.0,18.1,40.0,126.18296529968454,34160,state,2025,"BLS OEWS annual mean wage, SOC 31-0000"
48103,TX,Crane County,4610.0,719.0,0.1559652928416486,0.14325452016689846,0.0878524945770065,62212.0,15.0,6.4,6.3,15.7,14.0,19.471488178025034,34160,state,2025,"BLS OEWS annual mean wage, SOC 31-0000"
48105,TX,Crockett County,2822.0,537.0,0.19029057406094968,0.15828677839851024,0.1739900779588944,81022.0,16.5,7.7,7.4,16.6,0.0,0.0,34160,state,2025,"BLS OEWS annual mean wage, SOC 31-0000"
48107,TX,Crosby County,5041.0,967.0,0.1918270184487205,0.22130299896587383,0.20849037889307678,52188.0,17.1,8.4,8.6,17.3,115.0,118.9245087900724,34160,state,2025,"BLS OEWS annual mean wage, SOC 31-0000"
48109,TX,Culberson County,2195.0,641.0,0.2920273348519362,0.45553822152886114,0.23280182232346242,58777.0,19.3,8.7,8.0,18.1,0.0,0.0,34160,state,2025,"BLS OEWS annual mean wage, SOC 31-0000"
48111,TX,Dallam County,7298.0,815.0,0.11167443135105508,0.20245398773006135,0.089065497396547,71500.0,14.7,6.7,7.4,16.1,25.0,30.67484662576687,34160,state,2025,"BLS OEWS annual mean wage, SOC 31-0000"
48113,TX,Dallas County,2621179.0,309055.0,0.11790686557461356,0.25717105369594406,0.10837718446546382,76547.0,12.5,5.3,5.6,12.6,34040.0,110.14220769765899,34160,state,2025,"BLS OEWS annual mean wage, SOC 31-0000"
48115,TX,Dawson County,12134.0,1687.0,0.13903082248228119,0.32957913455838767,0.12403164661282347,54360.0,15.3,7.0,7.6,16.5,87.0,51.57083580320094,34160,state,2025,"BLS OEWS annual mean wage, SOC 31-0000"
48123,TX,DeWitt County,20016.0,4060.0,0.2028377298161471,0.3061576354679803,0.13858912869704237,63730.0,16.0,8.2,8.6,16.2,285.0,70.19704433497537,34160,state,2025,"BLS OEWS annual mean wage, SOC 31-0000"
48117,TX,Deaf Smith County,18460.0,2435.0,0.1319068255687974,0.2246406570841889,0.08234019501625135,60799.0,16.4,7.1,7.2,17.2,230.0,94.45585215605749,34160,state,2025,"BLS OEWS annual mean wage, SOC 31-0000"
48119,TX,Delta County,5438.0,1110.0,0.2041191614564178,0.2873873873873874,0.2526664214784847,66575.0,13.7,7.8,8.7,15.2,102.0,91.8918918918919,34160,state,2025,"BLS OEWS annual mean wage, SOC 31-0000"
48121,TX,Denton County,979561.0,113125.0,0.11548540621768323,0.20531270718232045,0.09267110470915033,111498.0,9.9,4.3,4.3,10.6,9346.0,82.61657458563536,34160,state,2025,"BLS OEWS annual mean wage, SOC 31-0000"
48125,TX,Dickens County,1747.0,467.0,0.2673153978248426,0.30620985010706636,0.2724670864338867,49335.0,16.7,9.6,9.8,16.7,9.0,19.271948608137045,34160,state,2025,"BLS OEWS annual mean wage, SOC 31-0000"
48127,TX,Dimmit County,8380.0,1358.0,0.1620525059665871,0.20397643593519882,0.2305489260143198,38808.0,23.4,9.9,9.4,21.4,52.0,38.291605301914586,34160,state,2025,"BLS OEWS annual mean wage, SOC 31-0000"
48129,TX,Donley County,3257.0,818.0,0.2511513662879951,0.22127139364303178,0.07737181455326989,58750.0,14.0,8.4,8.9,15.3,102.0,124.69437652811736,34160,state,2025,"BLS OEWS annual mean wage, SOC 31-0000"
48131,TX,Duval County,9742.0,1656.0,0.16998562923424348,0.35688405797101447,0.20796551016218437,49038.0,18.8,8.2,7.0,17.8,260.0,157.0048309178744,34160,state,2025,"BLS OEWS annual mean wage, SOC 31-0000"
48133,TX,Eastland County,18011.0,3950.0,0.21931042140913887,0.3020253164556962,0.1727277774693243,53549.0,14.1,8.2,9.1,15.6,315.0,79.74683544303797,34160,state,2025,"BLS OEWS annual mean wage, SOC 31-0000"
48135,TX,Ector County,164654.0,16258.0,0.0987403889368008,0.3689260671669332,0.10820872860665395,71536.0,12.8,5.3,5.5,14.4,1847.0,113.60560954606963,34160,state,2025,"BLS OEWS annual mean wage, SOC 31-0000"
48137,TX,Edwards County,1290.0,238.0,0.18449612403100776,0.5252100840336135,0.10310077519379846,40313.0,19.3,10.5,9.9,17.8,29.0,121.84873949579831,34160,state,2025,"BLS OEWS annual mean wage, SOC 31-0000"
48141,TX,El Paso County,870779.0,114171.0,0.13111363503253984,0.2404288304385527,0.1337250898333561,59806.0,15.4,5.8,4.9,15.0,16618.0,145.55359942542327,34160,state,2025,"BLS OEWS annual mean wage, SOC 31-0000"
48139,TX,Ellis County,213160.0,27788.0,0.1303621692625258,0.19112566575500217,0.11644773878776506,99595.0,11.6,5.3,5.6,12.9,2479.0,89.21117028933352,34160,state,2025,"BLS OEWS annual mean wage, SOC 31-0000"
48143,TX,Erath County,43794.0,6497.0,0.1483536557519295,0.3144528243804833,0.13812394391925834,65115.0,10.8,5.8,6.6,13.1,531.0,81.73002924426659,34160,state,2025,"BLS OEWS annual mean wage, SOC 31-0000"
48145,TX,Falls County,17291.0,3341.0,0.19322190735064484,0.33313379227776113,0.15013590885431727,57247.0,16.1,8.1,9.1,16.4,210.0,62.85543250523795,34160,state,2025,"BLS OEWS annual mean wage, SOC 31-0000"
48147,TX,Fannin County,37326.0,6767.0,0.18129453999892836,0.2559479828579873,0.12940041793923807,72295.0,13.2,7.4,8.5,15.1,410.0,60.58814836707551,34160,state,2025,"BLS OEWS annual mean wage, SOC 31-0000"
48149,TX,Fayette County,25042.0,6734.0,0.2689082341666001,0.2361152361152361,0.14715278332401566,75854.0,13.8,8.0,7.7,14.2,456.0,67.71606771606771,34160,state,2025,"BLS OEWS annual mean wage, SOC 31-0000"
48151,TX,Fisher County,3655.0,761.0,0.20820793433652532,0.2233902759526938,0.1753761969904241,65533.0,14.5,8.0,7.6,14.7,39.0,51.24835742444152,34160,state,2025,"BLS OEWS annual mean wage, SOC 31-0000"
48153,TX,Floyd County,5216.0,995.0,0.19075920245398773,0.2321608040201005,0.17599693251533743,58462.0,17.0,8.3,8.3,17.0,102.0,102.51256281407035,34160,state,2025,"BLS OEWS annual mean wage, SOC 31-0000"
48155,TX,Foard County,991.0,316.0,0.31886982845610495,0.2626582278481013,0.21594349142280525,61563.0,18.2,10.9,11.8,18.7,28.0,88.60759493670886,34160,state,2025,"BLS OEWS annual mean wage, SOC 31-0000"
48157,TX,Fort Bend County,893767.0,112289.0,0.1256356522449363,0.1499701662673993,0.08161299309551595,114041.0,12.0,4.6,4.2,10.5,11812.0,105.19285059088601,34160,state,2025,"BLS OEWS annual mean wage, SOC 31-0000"
48159,TX,Franklin County,10632.0,2375.0,0.22338224228743417,0.21052631578947367,0.143058690744921,72360.0,13.0,7.5,7.6,13.9,110.0,46.31578947368421,34160,state,2025,"BLS OEWS annual mean wage, SOC 31-0000"
48161,TX,Freestone County,20049.0,4037.0,0.20135667614344854,0.2605895466930889,0.17422315327447754,59960.0,14.7,7.9,8.6,15.3,184.0,45.578399801833044,34160,state,2025,"BLS OEWS annual mean wage, SOC 31-0000"
48163,TX,Frio County,18582.0,2302.0,0.1238833279517813,0.29192006950477845,0.18695511785598967,66010.0,15.3,6.2,5.9,16.2,339.0,147.2632493483927,34160,state,2025,"BLS OEWS annual mean wage, SOC 31-0000"
48165,TX,Gaines County,22232.0,2151.0,0.09675242893127024,0.300790330079033,0.11164087801367398,74132.0,11.8,5.5,6.6,15.2,451.0,209.6699209669921,34160,state,2025,"BLS OEWS annual mean wage, SOC 31-0000"
48167,TX,Galveston County,358990.0,56604.0,0.15767570127301597,0.2563246413681012,0.1344828546756177,86105.0,12.3,5.9,6.0,12.9,4917.0,86.86665253338987,34160,state,2025,"BLS OEWS annual mean wage, SOC 31-0000"
48169,TX,Garza County,5118.0,763.0,0.14908167252833138,0.29882044560943644,0.11176240719030871,46314.0,14.9,6.9,7.5,16.3,18.0,23.591087811271297,34160,state,2025,"BLS OEWS annual mean wage, SOC 31-0000"
48171,TX,Gillespie County,27524.0,8301.0,0.3015913384682459,0.24442838212263582,0.13729835779683186,76162.0,13.6,8.3,7.7,13.8,478.0,57.58342368389351,34160,state,2025,"BLS OEWS annual mean wage, SOC 31-0000"
48173,TX,Glasscock County,1068.0,159.0,0.14887640449438203,0.37735849056603776,0.17883895131086142,101250.0,10.9,5.5,5.2,11.9,0.0,0.0,34160,state,2025,"BLS OEWS annual mean wage, SOC 31-0000"
48175,TX,Goliad County,7141.0,1752.0,0.24534378938524015,0.2888127853881279,0.16356252625682677,59359.0,15.6,8.5,8.4,15.6,172.0,98.17351598173515,34160,state,2025,"BLS OEWS annual mean wage, SOC 31-0000"
48177,TX,Gonzales County,19851.0,3596.0,0.18114956425369,0.2655728587319244,0.17157825802226587,58672.0,16.0,7.9,8.3,16.6,294.0,81.7575083426029,34160,state,2025,"BLS OEWS annual mean wage, SOC 31-0000"
48179,TX,Gray County,21045.0,3508.0,0.1666904252791637,0.2594070695553022,0.1247327156094084,59614.0,13.9,7.3,8.2,15.4,216.0,61.57354618015964,34160,state,2025,"BLS OEWS annual mean wage, SOC 31-0000"
48181,TX,Grayson County,143337.0,25876.0,0.1805256144610254,0.2645694852372855,0.13521979670287504,72182.0,12.5,6.7,7.4,13.9,1454.0,56.191065079610446,34160,state,2025,"BLS OEWS annual mean wage, SOC 31-0000"
48183,TX,Gregg County,125480.0,20175.0,0.1607825948358304,0.2786121437422553,0.13791839336946127,66550.0,13.5,6.7,7.7,14.7,1810.0,89.71499380421314,34160,state,2025,"BLS OEWS annual mean wage, SOC 31-0000"
48185,TX,Grimes County,31340.0,5825.0,0.1858647096362476,0.24394849785407724,0.13685386088066367,69803.0,14.4,7.5,8.1,15.2,404.0,69.35622317596567,34160,state,2025,"BLS OEWS annual mean wage, SOC 31-0000"
48187,TX,Guadalupe County,183642.0,27204.0,0.14813604730943902,0.2112924569916189,0.1355408893390401,92375.0,12.8,5.6,5.5,12.9,2515.0,92.44963975885899,34160,state,2025,"BLS OEWS annual mean wage, SOC 31-0000"
48189,TX,Hale County,32131.0,4575.0,0.14238585789424543,0.300327868852459,0.1422924901185771,51897.0,15.6,7.1,7.4,16.3,516.0,112.78688524590163,34160,state,2025,"BLS OEWS annual mean wage, SOC 31-0000"
48191,TX,Hall County,2820.0,688.0,0.24397163120567375,0.2616279069767442,0.19680851063829788,48459.0,17.5,9.5,9.6,17.1,18.0,26.16279069767442,34160,state,2025,"BLS OEWS annual mean wage, SOC 31-0000"
48193,TX,Hamilton County,8406.0,2095.0,0.24922674280275994,0.31742243436754175,0.20295027361408519,58219.0,14.6,8.9,9.4,15.7,193.0,92.12410501193317,34160,state,2025,"BLS OEWS annual mean wage, SOC 31-0000"
48195,TX,Hansford County,5119.0,722.0,0.14104317249462786,0.3670360110803324,0.11388943152959563,69441.0,13.6,6.7,7.0,15.0,50.0,69.25207756232687,34160,state,2025,"BLS OEWS annual mean wage, SOC 31-0000"
48197,TX,Hardeman County,3501.0,759.0,0.21679520137103683,0.23978919631093545,0.2662096543844616,63333.0,15.2,8.6,9.1,16.1,58.0,76.4163372859025,34160,state,2025,"BLS OEWS annual mean wage, SOC 31-0000"
48199,TX,Hardin County,57642.0,10209.0,0.17711044030394504,0.25879126261142127,0.15898129835883557,75808.0,12.4,6.8,7.9,14.5,702.0,68.76285630326183,34160,state,2025,"BLS OEWS annual mean wage, SOC 31-0000"
48201,TX,Harris County,4838303.0,567148.0,0.11722043865380072,0.24462574142904497,0.10903306386557436,74983.0,13.2,5.4,5.5,12.9,61698.0,108.78641906521754,34160,state,2025,"BLS OEWS annual mean wage, SOC 31-0000"
48203,TX,Harrison County,70155.0,12284.0,0.17509799729171122,0.24983718658417453,0.16627467749982183,66103.0,13.8,7.1,7.9,14.7,865.0,70.41680234451319,34160,state,2025,"BLS OEWS annual mean wage, SOC 31-0000"
48205,TX,Hartley County,5215.0,832.0,0.15953978906999042,0.265625,0.0788111217641419,75841.0,12.0,6.3,6.3,13.3,0.0,0.0,34160,state,2025,"BLS OEWS annual mean wage, SOC 31-0000"
48207,TX,Haskell County,5421.0,1230.0,0.22689540675152187,0.2788617886178862,0.1855746172292935,60653.0,14.9,8.2,9.0,16.1,98.0,79.67479674796749,34160,state,2025,"BLS OEWS annual mean wage, SOC 31-0000"
48209,TX,Hays County,268638.0,32662.0,0.12158369255280341,0.22870614169371134,0.11630521370766608,89097.0,10.2,4.7,4.8,11.7,2570.0,78.6847100606209,34160,state,2025,"BLS OEWS annual mean wage, SOC 31-0000"
48211,TX,Hemphill County,3234.0,744.0,0.2300556586270872,0.3629032258064516,0.17996289424860853,61563.0,11.6,6.3,6.2,13.0,94.0,126.34408602150538,34160,state,2025,"BLS OEWS annual mean wage, SOC 31-0000"
48213,TX,Henderson County,84862.0,19136.0,0.22549551035799298,0.2509928929765886,0.18699771393556597,65179.0,14.5,8.3,9.2,15.8,1039.0,54.29556856187291,34160,state,2025,"BLS OEWS annual mean wage, SOC 31-0000"
48215,TX,Hidalgo County,891977.0,104535.0,0.11719472587297655,0.2117185631606639,0.13051121273306374,54338.0,17.4,6.5,5.9,16.6,23069.0,220.68206820682067,34160,state,2025,"BLS OEWS annual mean wage, SOC 31-0000"
48217,TX,Hill County,37328.0,7620.0,0.2041363051864552,0.29015748031496064,0.18117766823831977,64591.0,14.2,7.8,8.4,15.5,572.0,75.06561679790026,34160,state,2025,"BLS OEWS annual mean wage, SOC 31-0000"
48219,TX,Hockley County,21363.0,3284.0,0.15372372794083228,0.2981120584652862,0.15671956185928942,63140.0,14.1,6.7,7.0,15.2,191.0,58.16077953714982,34160,state,2025,"BLS OEWS annual mean wage, SOC 31-0000"
48221,TX,Hood County,65894.0,16840.0,0.2555619631529426,0.2272565320665083,0.14142410538137007,88160.0,12.5,7.4,7.4,13.4,474.0,28.147268408551067,34160,state,2025,"BLS OEWS annual mean wage, SOC 31-0000"
48223,TX,Hopkins County,37784.0,7074.0,0.18722210459453736,0.24597116200169636,0.14397628625873385,70888.0,13.4,7.3,8.3,15.1,248.0,35.05795872208086,34160,state,2025,"BLS OEWS annual mean wage, SOC 31-0000"
48225,TX,Houston County,22051.0,4898.0,0.22212144573942225,0.2296855859534504,0.2141852977189243,56531.0,16.8,8.9,9.9,16.6,684.0,139.64883625969784,34160,state,2025,"BLS OEWS annual mean wage, SOC 31-0000"
48227,TX,Howard County,32290.0,4322.0,0.13384948900588417,0.2878297084683017,0.16218643542892536,69649.0,13.7,6.3,6.6,14.9,775.0,179.31513188338732,34160,state,2025,"BLS OEWS annual mean wage, SOC 31-0000"
48229,TX,Hudspeth County,3403.0,370.0,0.10872759330002939,0.3567567567567568,0.23743755509844255,48600.0,14.3,6.0,6.6,16.5,96.0,259.4594594594595,34160,state,2025,"BLS OEWS annual mean wage, SOC 31-0000"
48231,TX,Hunt County,108972.0,16897.0,0.1550581800829571,0.2278510978280168,0.15409462981316302,71938.0,12.3,6.5,7.4,14.4,1815.0,107.41551754749364,34160,state,2025,"BLS OEWS annual mean wage, SOC 31-0000"
48233,TX,Hutchinson County,20184.0,3624.0,0.17954815695600476,0.342439293598234,0.16042409829567975,67228.0,12.9,7.0,7.5,14.6,121.0,33.38852097130243,34160,state,2025,"BLS OEWS annual mean wage, SOC 31-0000"
48235,TX,Irion County,1409.0,309.0,0.21930447125621008,0.23624595469255663,0.12065294535131299,70357.0,13.4,7.3,7.2,14.1,30.0,97.08737864077669,34160,state,2025,"BLS OEWS annual mean wage, SOC 31-0000"
48237,TX,Jack County,8882.0,1497.0,0.168543120918712,0.25250501002004005,0.09659986489529385,68079.0,13.4,7.6,8.8,15.7,102.0,68.13627254509018,34160,state,2025,"BLS OEWS annual mean wage, SOC 31-0000"
48239,TX,Jackson County,15152.0,2994.0,0.19759767687434002,0.23814295257181028,0.1587249208025343,65414.0,14.7,7.8,8.2,15.5,163.0,54.442217768871075,34160,state,2025,"BLS OEWS annual mean wage, SOC 31-0000"
48241,TX,Jasper County,32727.0,6914.0,0.2112628716350414,0.27089962395140293,0.13890671311149816,56723.0,16.3,9.0,10.7,17.1,655.0,94.7353196413075,34160,state,2025,"BLS OEWS annual mean wage, SOC 31-0000"
48243,TX,Jeff Davis County,1865.0,632.0,0.3388739946380697,0.41930379746835444,0.16890080428954424,59286.0,21.2,12.3,11.6,18.2,0.0,0.0,34160,state,2025,"BLS OEWS annual mean wage, SOC 31-0000"
48245,TX,Jefferson County,253878.0,39263.0,0.1546530223178062,0.27282683442426714,0.14181614791356478,60026.0,15.6,7.0,7.8,15.1,4426.0,112.72699488067646,34160,state,2025,"BLS OEWS annual mean wage, SOC 31-0000"
48247,TX,Jim Hogg County,4727.0,453.0,0.0958324518722234,0.282560706401766,0.12566109583245189,42211.0,22.8,9.9,8.9,20.6,90.0,198.6754966887417,34160,state,2025,"BLS OEWS annual mean wage, SOC 31-0000"
48249,TX,Jim Wells County,38850.0,6319.0,0.16265122265122264,0.21902199715144802,0.16131274131274131,51896.0,18.0,7.6,6.9,17.2,1140.0,180.40829245133725,34160,state,2025,"BLS OEWS annual mean wage, SOC 31-0000"
48251,TX,Johnson County,195597.0,27436.0,0.1402680000204502,0.18778247557953054,0.1217707838054776,84859.0,11.9,5.9,6.6,13.5,3029.0,110.40239101909899,34160,state,2025,"BLS OEWS annual mean wage, SOC 31-0000"
48253,TX,Jones County,20304.0,3255.0,0.16031323877068557,0.23963133640552994,0.1291371158392435,59464.0,13.0,6.6,7.5,14.9,260.0,79.87711213517665,34160,state,2025,"BLS OEWS annual mean wage, SOC 31-0000"
48255,TX,Karnes County,14968.0,2268.0,0.15152324959914484,0.304673721340388,0.1594735435595938,60214.0,14.0,6.4,6.8,15.3,144.0,63.49206349206349,34160,state,2025,"BLS OEWS annual mean wage, SOC 31-0000"
48257,TX,Kaufman County,172604.0,18404.0,0.10662557067043638,0.1675179308845903,0.10993951472735279,89485.0,11.2,5.0,5.8,13.1,2245.0,121.98435122799393,34160,state,2025,"BLS OEWS annual mean wage, SOC 31-0000"
48259,TX,Kendall County,48567.0,9889.0,0.20361562377746206,0.1925371625037921,0.12071983033747194,114962.0,11.1,6.1,5.5,11.7,255.0,25.786227121043584,34160,state,2025,"BLS OEWS annual mean wage, SOC 31-0000"
48261,TX,Kenedy County,145.0,57.0,0.3931034482758621,0.12280701754385964,0.32413793103448274,38882.0,18.5,8.3,7.2,18.2,6.0,105.26315789473684,34160,state,2025,"BLS OEWS annual mean wage, SOC 31-0000"
48263,TX,Kent County,734.0,274.0,0.37329700272479566,0.3357664233576642,0.25340599455040874,72889.0,12.9,7.7,7.2,13.9,0.0,0.0,34160,state,2025,"BLS OEWS annual mean wage, SOC 31-0000"
48265,TX,Kerr County,53489.0,15544.0,0.29060180597879937,0.2610653628409676,0.1609115892987343,69395.0,14.7,8.7,8.4,14.8,1240.0,79.77354606278949,34160,state,2025,"BLS OEWS annual mean wage, SOC 31-0000"
48267,TX,Kimble County,4389.0,1371.0,0.31237183868762813,0.36032093362509116,0.22055137844611528,69455.0,16.6,9.9,10.1,16.5,28.0,20.423048869438368,34160,state,2025,"BLS OEWS annual mean wage, SOC 31-0000"
48269,TX,King County,211.0,65.0,0.3080568720379147,0.2,0.18009478672985782,46645.0,16.8,10.4,10.8,17.5,0.0,0.0,34160,state,2025,"BLS OEWS annual mean wage, SOC 31-0000"
48271,TX,Kinney County,3157.0,836.0,0.26480836236933797,0.22009569377990432,0.22743110547988596,70000.0,15.8,8.6,7.5,15.2,126.0,150.71770334928232,34160,state,2025,"BLS OEWS annual mean wage, SOC 31-0000"
48273,TX,Kleberg County,30579.0,4052.0,0.13250923836619902,0.18336623889437315,0.1286830831616469,61292.0,14.0,6.0,5.5,14.5,622.0,153.50444225074037,34160,state,2025,"BLS OEWS annual mean wage, SOC 31-0000"
48275,TX,Knox County,3307.0,619.0,0.1871787118234049,0.27463651050080773,0.16843060175385546,56667.0,15.6,8.2,8.7,16.1,84.0,135.702746365105,34160,state,2025,"BLS OEWS annual mean wage, SOC 31-0000"
48283,TX,La Salle County,6839.0,1097.0,0.16040356777306625,0.1340018231540565,0.1190232490130136,57716.0,15.5,6.9,6.8,16.8,68.0,61.987237921604375,34160,state,2025,"BLS OEWS annual mean wage, SOC 31-0000"
48277,TX,Lamar County,50669.0,9900.0,0.19538573881465984,0.32161616161616163,0.17649845072924272,61880.0,14.3,7.8,9.1,15.6,1186.0,119.79797979797979,34160,state,2025,"BLS OEWS annual mean wage, SOC 31-0000"
48279,TX,Lamb County,12828.0,2197.0,0.1712659806672903,0.2872098315885298,0.14226691612098535,60760.0,16.6,7.9,7.9,16.8,253.0,115.15703231679562,34160,state,2025,"BLS OEWS annual mean wage, SOC 31-0000"
48281,TX,Lampasas County,22715.0,4763.0,0.20968523002421308,0.20239344950661348,0.21871010345586617,81736.0,14.0,7.5,7.9,14.7,327.0,68.6542095318077,34160,state,2025,"BLS OEWS annual mean wage, SOC 31-0000"
48285,TX,Lavaca County,20552.0,4950.0,0.2408524717789023,0.29494949494949496,0.1394024912417283,63240.0,14.6,8.4,8.7,15.3,370.0,74.74747474747474,34160,state,2025,"BLS OEWS annual mean wage, SOC 31-0000"
48287,TX,Lee County,17971.0,3578.0,0.19909854766011909,0.24231414197875908,0.14629124700907017,76371.0,15.4,8.1,9.0,16.1,272.0,76.02012297372835,34160,state,2025,"BLS OEWS annual mean wage, SOC 31-0000"
48289,TX,Leon County,16263.0,3999.0,0.24589559121933222,0.23780945236309078,0.20303756994404476,61449.0,15.3,8.8,9.5,16.0,170.0,42.510627656914224,34160,state,2025,"BLS OEWS annual mean wage, SOC 31-0000"
48291,TX,Liberty County,103380.0,11905.0,0.11515767072934803,0.2479630407391852,0.13408783130199264,68703.0,13.9,6.5,8.0,16.2,1245.0,104.57790844183117,34160,state,2025,"BLS OEWS annual mean wage, SOC 31-0000"
48293,TX,Limestone County,22283.0,4657.0,0.20899340304267827,0.24049817479063776,0.1817080285419378,60573.0,16.1,8.4,9.3,16.3,387.0,83.10070861069357,34160,state,2025,"BLS OEWS annual mean wage, SOC 31-0000"
48295,TX,Lipscomb County,2918.0,542.0,0.18574366004112405,0.2656826568265683,0.11925976696367376,72560.0,14.8,8.0,8.3,15.5,10.0,18.45018450184502,34160,state,2025,"BLS OEWS annual mean wage, SOC 31-0000"
48297,TX,Live Oak County,11620.0,2376.0,0.2044750430292599,0.23106060606060605,0.16480206540447503,57150.0,16.2,8.5,8.7,16.8,142.0,59.764309764309765,34160,state,2025,"BLS OEWS annual mean wage, SOC 31-0000"
48299,TX,Llano County,22424.0,8299.0,0.3700945415626115,0.2578623930594047,0.19751159471994292,67530.0,15.7,10.0,9.5,15.3,176.0,21.20737438245572,34160,state,2025,"BLS OEWS annual mean wage, SOC 31-0000"
48301,TX,Loving County,33.0,27.0,0.8181818181818182,0.8518518518518519,0.7272727272727273,51250.0,,,,,0.0,0.0,34160,state,2025,"BLS OEWS annual mean wage, SOC 31-0000"
48303,TX,Lubbock County,318884.0,42314.0,0.1326940203961315,0.27619700335586334,0.13396721064713188,64155.0,11.4,5.4,5.8,13.1,5282.0,124.82866190858817,34160,state,2025,"BLS OEWS annual mean wage, SOC 31-0000"
48305,TX,Lynn County,5752.0,915.0,0.1590751043115438,0.2546448087431694,0.12082753824756606,73679.0,15.2,7.5,8.0,16.0,40.0,43.71584699453552,34160,state,2025,"BLS OEWS annual mean wage, SOC 31-0000"
48313,TX,Madison County,13648.0,2109.0,0.15452813599062135,0.27927927927927926,0.11642731535756155,74596.0,13.1,6.7,7.6,14.8,234.0,110.95305832147938,34160,state,2025,"BLS OEWS annual mean wage, SOC 31-0000"
48315,TX,Marion County,9737.0,2618.0,0.26887131560028754,0.30863254392666156,0.21731539488548834,49672.0,18.1,10.1,11.2,17.4,208.0,79.44996180290298,34160,state,2025,"BLS OEWS annual mean wage, SOC 31-0000"
48317,TX,Martin County,5218.0,570.0,0.10923725565350709,0.22456140350877193,0.11996933691069375,93734.0,12.1,5.5,6.0,14.0,25.0,43.859649122807014,34160,state,2025,"BLS OEWS annual mean wage, SOC 31-0000"
48319,TX,Mason County,3955.0,1392.0,0.3519595448798989,0.23563218390804597,0.24829329962073324,74180.0,14.4,8.8,8.1,14.4,21.0,15.086206896551724,34160,state,2025,"BLS OEWS annual mean wage, SOC 31-0000"
48321,TX,Matagorda County,36329.0,6607.0,0.18186572710506757,0.2830331466626305,0.1732224944259407,58628.0,16.4,7.9,8.3,16.1,326.0,49.34160738610564,34160,state,2025,"BLS OEWS annual mean wage, SOC 31-0000"
48323,TX,Maverick County,58082.0,6975.0,0.12008883991598085,0.3250179211469534,0.1255982920698323,49568.0,17.8,6.6,5.7,17.4,1517.0,217.4910394265233,34160,state,2025,"BLS OEWS annual mean wage, SOC 31-0000"
48307,TX,McCulloch County,7514.0,1778.0,0.23662496672877295,0.3880764904386952,0.20042587170614853,54043.0,15.5,8.6,8.9,16.0,159.0,89.42632170978628,34160,state,2025,"BLS OEWS annual mean wage, SOC 31-0000"
48309,TX,McLennan County,266067.0,40771.0,0.15323583909316074,0.2411272718353732,0.13283496262219666,66643.0,12.5,6.2,6.8,13.9,3737.0,91.65828652718844,34160,state,2025,"BLS OEWS annual mean wage, SOC 31-0000"
48311,TX,McMullen County,700.0,121.0,0.17285714285714285,0.14049586776859505,0.15,43875.0,17.8,9.5,9.1,17.0,12.0,99.17355371900827,34160,state,2025,"BLS OEWS annual mean wage, SOC 31-0000"
48325,TX,Medina County,53547.0,9493.0,0.17728350794629016,0.267249552301696,0.17072851887127197,78074.0,14.4,6.6,6.1,14.3,914.0,96.2814705572527,34160,state,2025,"BLS OEWS annual mean wage, SOC 31-0000"
48327,TX,Menard County,1955.0,653.0,0.3340153452685422,0.24196018376722817,0.2680306905370844,53043.0,17.6,10.3,9.8,17.0,11.0,16.84532924961715,34160,state,2025,"BLS OEWS annual mean wage, SOC 31-0000"
48329,TX,Midland County,174801.0,18782.0,0.10744789789532097,0.3242998615695879,0.11043415083437738,92874.0,10.8,4.7,4.9,12.4,1119.0,59.57831966776701,34160,state,2025,"BLS OEWS annual mean wage, SOC 31-0000"
48331,TX,Milam County,25567.0,5588.0,0.2185629913560449,0.2755905511811024,0.15609965971760473,66141.0,14.9,8.0,8.5,15.5,374.0,66.92913385826772,34160,state,2025,"BLS OEWS annual mean wage, SOC 31-0000"
48333,TX,Mills County,4511.0,1168.0,0.258922633562403,0.2183219178082192,0.15584127687874086,67620.0,14.1,8.6,8.3,14.6,79.0,67.63698630136987,34160,state,2025,"BLS OEWS annual mean wage, SOC 31-0000"
48335,TX,Mitchell County,9018.0,1317.0,0.14604125083167,0.30296127562642367,0.13628298957640275,60550.0,13.3,6.5,7.0,14.8,198.0,150.34168564920273,34160,state,2025,"BLS OEWS annual mean wage, SOC 31-0000"
48337,TX,Montague County,21046.0,4593.0,0.21823624441699135,0.27912040060962334,0.18336025848142165,64545.0,13.4,8.0,8.8,15.3,353.0,76.85608534726758,34160,state,2025,"BLS OEWS annual mean wage, SOC 31-0000"
48339,TX,Montgomery County,684432.0,94057.0,0.1374234401664446,0.19361663672028664,0.10433468920214134,97701.0,11.4,5.3,5.6,12.2,6820.0,72.50922313065482,34160,state,2025,"BLS OEWS annual mean wage, SOC 31-0000"
48341,TX,Moore County,21373.0,2394.0,0.11201048051279652,0.25856307435254805,0.1053197960043045,61762.0,14.9,6.5,6.8,16.0,158.0,65.99832915622389,34160,state,2025,"BLS OEWS annual mean wage, SOC 31-0000"
48343,TX,Morris County,12076.0,2643.0,0.2188638622060285,0.2709042754445706,0.21654521364690293,58645.0,15.9,8.4,9.4,16.1,267.0,101.02156640181612,34160,state,2025,"BLS OEWS annual mean wage, SOC 31-0000"
48345,TX,Motley County,1183.0,350.0,0.2958579881656805,0.16857142857142857,0.2231614539306847,61154.0,14.7,9.1,9.2,15.4,18.0,51.42857142857143,34160,state,2025,"BLS OEWS annual mean wage, SOC 31-0000"
48347,TX,Nacogdoches County,65162.0,10242.0,0.15717749608667628,0.26537785588752194,0.15377060249838864,53555.0,13.2,6.8,7.9,14.7,1031.0,100.66393282562,34160,state,2025,"BLS OEWS annual mean wage, SOC 31-0000"
48349,TX,Navarro County,54711.0,9125.0,0.16678547275684963,0.23473972602739726,0.16371479227212077,63111.0,15.3,7.6,8.6,16.0,798.0,87.45205479452055,34160,state,2025,"BLS OEWS annual mean wage, SOC 31-0000"
48351,TX,Newton County,12093.0,2839.0,0.23476391300752503,0.2726312081718915,0.1700157115686761,42618.0,18.6,10.5,13.0,19.2,265.0,93.34272631208172,34160,state,2025,"BLS OEWS annual mean wage, SOC 31-0000"
48353,TX,Nolan County,14454.0,2823.0,0.19530925695309256,0.32164364151611763,0.19427148194271482,50747.0,16.5,8.5,9.4,17.3,269.0,95.2886999645767,34160,state,2025,"BLS OEWS annual mean wage, SOC 31-0000"
48355,TX,Nueces County,352955.0,56776.0,0.16085903302120666,0.24269057348175285,0.14006601408111516,66897.0,15.8,6.5,6.0,14.6,7185.0,126.54995068338734,34160,state,2025,"BLS OEWS annual mean wage, SOC 31-0000"
48357,TX,Ochiltree County,9786.0,1144.0,0.11690169630083794,0.3741258741258741,0.15941140404659718,70183.0,14.1,6.7,7.1,15.5,196.0,171.32867132867133,34160,state,2025,"BLS OEWS annual mean wage, SOC 31-0000"
48359,TX,Oldham County,2249.0,264.0,0.11738550466874166,0.19318181818181818,0.07781236104935527,79900.0,13.3,6.8,7.6,14.8,27.0,102.27272727272728,34160,state,2025,"BLS OEWS annual mean wage, SOC 31-0000"
48361,TX,Orange County,85307.0,13769.0,0.1614052774098257,0.24003195584283535,0.16278851676884665,72104.0,12.4,6.7,7.7,14.5,1183.0,85.91764107778341,34160,state,2025,"BLS OEWS annual mean wage, SOC 31-0000"
48363,TX,Palo Pinto County,29295.0,6008.0,0.20508619218296636,0.22303595206391477,0.17235023041474654,67674.0,14.4,8.0,9.1,15.9,427.0,71.07190412782955,34160,state,2025,"BLS OEWS annual mean wage, SOC 31-0000"
48365,TX,Panola County,22726.0,4613.0,0.20298336706855583,0.27747669629308475,0.16602129719264277,64894.0,13.8,7.5,8.4,14.9,220.0,47.69130717537394,34160,state,2025,"BLS OEWS annual mean wage, SOC 31-0000"
48367,TX,Parker County,165168.0,26355.0,0.1595648067422261,0.18159741984443178,0.13582534147050276,104443.0,10.7,5.9,6.4,12.7,1879.0,71.29576930373743,34160,state,2025,"BLS OEWS annual mean wage, SOC 31-0000"
48369,TX,Parmer County,9731.0,1522.0,0.15640735792827049,0.13534822601839686,0.12002877402116946,69735.0,15.0,6.8,6.4,15.5,148.0,97.24047306176084,34160,state,2025,"BLS OEWS annual mean wage, SOC 31-0000"
48371,TX,Pecos County,14896.0,2043.0,0.13715091299677765,0.38472834067547723,0.08968850698174007,72750.0,16.5,6.9,6.5,16.3,133.0,65.10034263338228,34160,state,2025,"BLS OEWS annual mean wage, SOC 31-0000"
48373,TX,Polk County,52800.0,10101.0,0.1913068181818182,0.25086625086625086,0.21020833333333333,62259.0,15.4,8.1,9.8,16.6,760.0,75.24007524007524,34160,state,2025,"BLS OEWS annual mean wage, SOC 31-0000"
48375,TX,Potter County,115975.0,16611.0,0.1432291442121147,0.3321293119017519,0.14094416900194007,53249.0,15.3,7.2,8.2,16.3,1751.0,105.41207633495877,34160,state,2025,"BLS OEWS annual mean wage, SOC 31-0000"
48377,TX,Presidio County,5930.0,1157.0,0.19510961214165262,0.35350043215211757,0.16694772344013492,43802.0,22.2,10.6,8.4,19.2,58.0,50.129645635263614,34160,state,2025,"BLS OEWS annual mean wage, SOC 31-0000"
48379,TX,Rains County,12775.0,3150.0,0.2465753424657534,0.18571428571428572,0.1870058708414873,65413.0,14.1,8.3,8.8,15.0,79.0,25.07936507936508,34160,state,2025,"BLS OEWS annual mean wage, SOC 31-0000"
48381,TX,Randall County,146070.0,23213.0,0.15891695762305744,0.27088269504157153,0.12248921749845965,83864.0,10.8,5.6,5.8,12.5,1818.0,78.31818377633223,34160,state,2025,"BLS OEWS annual mean wage, SOC 31-0000"
48383,TX,Reagan County,3232.0,332.0,0.10272277227722772,0.5331325301204819,0.10922029702970297,57813.0,14.5,5.9,5.5,14.3,0.0,0.0,34160,state,2025,"BLS OEWS annual mean wage, SOC 31-0000"
48385,TX,Real County,2802.0,1062.0,0.37901498929336186,0.2495291902071563,0.3379728765167737,39605.0,18.3,10.5,11.0,17.8,63.0,59.32203389830509,34160,state,2025,"BLS OEWS annual mean wage, SOC 31-0000"
48387,TX,Red River County,11611.0,3000.0,0.25837567823615537,0.2813333333333333,0.18775299285160624,48491.0,16.9,9.7,10.7,17.0,87.0,29.0,34160,state,2025,"BLS OEWS annual mean wage, SOC 31-0000"
48389,TX,Reeves County,12664.0,1595.0,0.12594756790903347,0.30094043887147337,0.09752053063802905,64297.0,17.6,7.0,6.2,17.3,164.0,102.82131661442007,34160,state,2025,"BLS OEWS annual mean wage, SOC 31-0000"
48391,TX,Refugio County,6707.0,1511.0,0.2252870135679141,0.29185969556585045,0.20023855673177277,60181.0,17.6,8.6,8.4,16.9,129.0,85.37392455327597,34160,state,2025,"BLS OEWS annual mean wage, SOC 31-0000"
48393,TX,Roberts County,832.0,148.0,0.1778846153846154,0.16891891891891891,0.1141826923076923,67868.0,11.6,6.9,6.7,13.0,6.0,40.54054054054054,34160,state,2025,"BLS OEWS annual mean wage, SOC 31-0000"
48395,TX,Robertson County,17167.0,3576.0,0.2083066348226248,0.2681767337807606,0.1961903652356265,72236.0,15.4,8.0,8.7,15.7,362.0,101.23042505592841,34160,state,2025,"BLS OEWS annual mean wage, SOC 31-0000"
48397,TX,Rockwall County,123617.0,15613.0,0.12630139867493953,0.20143470185102158,0.08990672803902376,127981.0,9.4,4.5,4.5,10.7,1600.0,102.4787036443989,34160,state,2025,"BLS OEWS annual mean wage, SOC 31-0000"
48399,TX,Runnels County,9874.0,2113.0,0.21399635406117076,0.28206341694273546,0.1547498480858821,62632.0,14.7,7.8,7.8,15.2,340.0,160.9086606720303,34160,state,2025,"BLS OEWS annual mean wage, SOC 31-0000"
48401,TX,Rusk County,52842.0,9225.0,0.1745770409901215,0.23696476964769647,0.14140267211687674,68658.0,13.9,7.1,8.0,15.0,670.0,72.62872628726286,34160,state,2025,"BLS OEWS annual mean wage, SOC 31-0000"
48403,TX,Sabine County,10023.0,3061.0,0.3053975855532276,0.26037242731133614,0.25870497854933655,66585.0,16.6,10.4,11.1,16.9,81.0,26.461940542306436,34160,state,2025,"BLS OEWS annual mean wage, SOC 31-0000"
48405,TX,San Augustine County,7874.0,2111.0,0.2680975361950724,0.21269540502131692,0.21780543561087123,50408.0,20.9,11.9,14.1,20.1,150.0,71.05637138796779,34160,state,2025,"BLS OEWS annual mean wage, SOC 31-0000"
48407,TX,San Jacinto County,28441.0,6130.0,0.21553391230969376,0.19119086460032628,0.23416898140009143,65364.0,16.4,9.0,10.1,17.0,349.0,56.93311582381729,34160,state,2025,"BLS OEWS annual mean wage, SOC 31-0000"
48409,TX,San Patricio County,70181.0,10837.0,0.15441501261025065,0.2445326197287072,0.18448012994970148,69704.0,15.4,6.8,6.9,15.6,1552.0,143.21306634677495,34160,state,2025,"BLS OEWS annual mean wage, SOC 31-0000"
48411,TX,San Saba County,5696.0,1283.0,0.22524578651685392,0.2774746687451286,0.14027387640449437,55819.0,14.2,8.2,8.6,15.4,47.0,36.632891660171474,34160,state,2025,"BLS OEWS annual mean wage, SOC 31-0000"
48413,TX,Schleicher County,2381.0,545.0,0.22889542209155816,0.25321100917431194,0.0986980260394792,86694.0,14.8,7.4,6.7,14.7,13.0,23.853211009174313,34160,state,2025,"BLS OEWS annual mean wage, SOC 31-0000"
48415,TX,Scurry County,16488.0,2564.0,0.15550703541969918,0.3330733229329173,0.12263464337700146,60039.0,13.6,6.7,7.0,14.7,124.0,48.361934477379094,34160,state,2025,"BLS OEWS annual mean wage, SOC 31-0000"
48417,TX,Shackelford County,3175.0,638.0,0.20094488188976378,0.274294670846395,0.16,73047.0,12.3,7.0,7.1,13.4,31.0,48.589341692789965,34160,state,2025,"BLS OEWS annual mean wage, SOC 31-0000"
48419,TX,Shelby County,24155.0,4457.0,0.1845166632167253,0.3004262957146062,0.16294762989029188,49776.0,16.4,8.5,10.1,17.1,516.0,115.77294144043078,34160,state,2025,"BLS OEWS annual mean wage, SOC 31-0000"
48421,TX,Sherman County,2295.0,422.0,0.18387799564270152,0.23222748815165878,0.1655773420479303,61250.0,12.9,6.5,6.2,13.9,22.0,52.132701421800945,34160,state,2025,"BLS OEWS annual mean wage, SOC 31-0000"
48423,TX,Smith County,241740.0,42158.0,0.17439397700008274,0.22674225532520517,0.1333002399271945,74192.0,13.2,6.5,7.0,13.7,4133.0,98.03595996014991,34160,state,2025,"BLS OEWS annual mean wage, SOC 31-0000"
48425,TX,Somervell County,9691.0,1946.0,0.20080487049840057,0.24511819116135664,0.12258796821793416,79825.0,12.3,6.9,7.1,13.8,51.0,26.20760534429599,34160,state,2025,"BLS OEWS annual mean wage, SOC 31-0000"
48427,TX,Starr County,66067.0,7519.0,0.11380870934051796,0.2993749168772443,0.16664900782538938,37639.0,20.0,7.6,7.2,19.9,2667.0,354.7014230615773,34160,state,2025,"BLS OEWS annual mean wage, SOC 31-0000"
48429,TX,Stephens County,9351.0,1904.0,0.2036145866752219,0.296218487394958,0.17784194203828468,58008.0,13.8,7.7,8.4,15.3,178.0,93.4873949579832,34160,state,2025,"BLS OEWS annual mean wage, SOC 31-0000"
48431,TX,Sterling County,1468.0,230.0,0.1566757493188011,0.10869565217391304,0.12534059945504086,64954.0,10.5,5.1,4.9,12.0,14.0,60.869565217391305,34160,state,2025,"BLS OEWS annual mean wage, SOC 31-0000"
48433,TX,Stonewall County,1227.0,343.0,0.2795436022819886,0.3294460641399417,0.1466992665036675,56875.0,15.8,9.4,9.6,16.4,34.0,99.12536443148689,34160,state,2025,"BLS OEWS annual mean wage, SOC 31-0000"
48435,TX,Sutton County,3277.0,631.0,0.19255416539517853,0.35974643423137875,0.12175770521818736,78906.0,17.4,8.2,7.6,16.6,51.0,80.82408874801902,34160,state,2025,"BLS OEWS annual mean wage, SOC 31-0000"
48437,TX,Swisher County,6937.0,1127.0,0.16246215943491424,0.35048802129547474,0.13608187977511893,36165.0,16.6,8.2,8.9,17.0,137.0,121.56166814551908,34160,state,2025,"BLS OEWS annual mean wage, SOC 31-0000"
48439,TX,Tarrant County,2167390.0,266889.0,0.1231384291705692,0.24669057173581527,0.10393837749551303,84207.0,11.7,5.1,5.4,12.8,26283.0,98.47914301451165,34160,state,2025,"BLS OEWS annual mean wage, SOC 31-0000"
48441,TX,Taylor County,145863.0,21812.0,0.1495375797837697,0.26512928663121216,0.14116671122903,67139.0,11.2,5.8,6.3,13.0,2607.0,119.5213643865762,34160,state,2025,"BLS OEWS annual mean wage, SOC 31-0000"
48443,TX,Terrell County,835.0,317.0,0.37964071856287424,0.45425867507886436,0.25269461077844313,44886.0,15.0,7.8,5.6,13.0,0.0,0.0,34160,state,2025,"BLS OEWS annual mean wage, SOC 31-0000"
48445,TX,Terry County,11629.0,1882.0,0.16183678734198986,0.25770456960680127,0.14463840399002495,44100.0,16.4,7.6,8.2,17.2,302.0,160.4675876726886,34160,state,2025,"BLS OEWS annual mean wage, SOC 31-0000"
48447,TX,Throckmorton County,1639.0,434.0,0.2647956070774863,0.3870967741935484,0.17266625991458207,59216.0,15.4,9.7,9.7,15.9,11.0,25.34562211981567,34160,state,2025,"BLS OEWS annual mean wage, SOC 31-0000"
48449,TX,Titus County,31363.0,4763.0,0.15186684947230814,0.2200293932395549,0.15004942129260593,58425.0,15.6,7.5,8.5,16.5,465.0,97.62754566449716,34160,state,2025,"BLS OEWS annual mean wage, SOC 31-0000"
48451,TX,Tom Green County,119577.0,20295.0,0.16972327454276323,0.28322246858832223,0.14907549110614918,68370.0,12.9,6.4,6.5,13.9,2060.0,101.50283321015029,34160,state,2025,"BLS OEWS annual mean wage, SOC 31-0000"
48453,TX,Travis County,1330015.0,146405.0,0.11007770589053507,0.26160991769406783,0.09572298056788833,99611.0,9.0,4.1,4.0,10.3,12044.0,82.26494996755575,34160,state,2025,"BLS OEWS annual mean wage, SOC 31-0000"
48455,TX,Trinity County,14046.0,3815.0,0.2716075751103517,0.28859764089121887,0.24156343442973088,52018.0,16.4,9.5,10.5,16.8,139.0,36.435124508519,34160,state,2025,"BLS OEWS annual mean wage, SOC 31-0000"
48457,TX,Tyler County,20238.0,4538.0,0.22423164344302796,0.21881886293521374,0.23233521098922819,55396.0,15.3,9.0,10.7,16.9,181.0,39.88541207580432,34160,state,2025,"BLS OEWS annual mean wage, SOC 31-0000"
48459,TX,Upshur County,42567.0,7863.0,0.18472055817887095,0.2532112425282971,0.19745342636314517,66208.0,13.9,7.7,9.0,15.6,497.0,63.207427190639706,34160,state,2025,"BLS OEWS annual mean wage, SOC 31-0000"
48461,TX,Upton County,3191.0,611.0,0.19147602632403635,0.28805237315875615,0.10780319649012848,49167.0,16.6,7.7,8.0,17.0,27.0,44.189852700491,34160,state,2025,"BLS OEWS annual mean wage, SOC 31-0000"
48463,TX,Uvalde County,24881.0,4098.0,0.16470399099714642,0.25134211810639334,0.18194606326112295,53801.0,15.7,7.0,6.6,15.7,283.0,69.05807711078575,34160,state,2025,"BLS OEWS annual mean wage, SOC 31-0000"
48465,TX,Val Verde County,47741.0,6647.0,0.13923043086655076,0.28719723183391005,0.15098133679646425,66100.0,15.6,6.4,5.6,15.6,1215.0,182.7892282232586,34160,state,2025,"BLS OEWS annual mean wage, SOC 31-0000"
48467,TX,Van Zandt County,62649.0,12751.0,0.20353078261424765,0.25825425456826917,0.14511005762262766,69475.0,13.4,7.7,8.5,15.2,819.0,64.23025645047447,34160,state,2025,"BLS OEWS annual mean wage, SOC 31-0000"
48469,TX,Victoria County,91413.0,15625.0,0.17092754859812062,0.256896,0.15914585452834937,70896.0,14.5,6.8,6.9,14.9,1190.0,76.16000000000001,34160,state,2025,"BLS OEWS annual mean wage, SOC 31-0000"
48471,TX,Walker County,80209.0,11123.0,0.13867521101123315,0.31277533039647576,0.11997406774800833,52324.0,13.3,6.4,7.3,14.3,883.0,79.38505798795289,34160,state,2025,"BLS OEWS annual mean wage, SOC 31-0000"
48473,TX,Waller County,61552.0,7143.0,0.11604821939173382,0.1506369872602548,0.1068364959708864,80397.0,11.1,5.0,5.4,12.6,770.0,107.79784404311914,34160,state,2025,"BLS OEWS annual mean wage, SOC 31-0000"
48475,TX,Ward County,11144.0,1510.0,0.1354989231873654,0.27483443708609273,0.1342426417803302,65952.0,14.4,6.4,6.4,15.3,48.0,31.788079470198674,34160,state,2025,"BLS OEWS annual mean wage, SOC 31-0000"
48477,TX,Washington County,36647.0,8464.0,0.2309602423117854,0.2696124763705104,0.14186700139165553,77825.0,13.2,7.2,7.1,13.5,715.0,84.47542533081285,34160,state,2025,"BLS OEWS annual mean wage, SOC 31-0000"
48479,TX,Webb County,269294.0,27741.0,0.1030138064717372,0.2215132835874698,0.13445527936010457,63058.0,16.1,5.8,5.0,16.1,4702.0,169.4964132511445,34160,state,2025,"BLS OEWS annual mean wage, SOC 31-0000"
48481,TX,Wharton County,41794.0,7589.0,0.18158108819447769,0.22677559625774146,0.14255634780111978,66924.0,15.0,7.3,7.4,15.2,893.0,117.6703122941099,34160,state,2025,"BLS OEWS annual mean wage, SOC 31-0000"
48483,TX,Wheeler County,4862.0,1005.0,0.20670505964623612,0.21492537313432836,0.16680378445084326,60167.0,14.7,8.3,9.1,15.9,135.0,134.32835820895522,34160,state,2025,"BLS OEWS annual mean wage, SOC 31-0000"
48485,TX,Wichita County,129996.0,20006.0,0.15389704298593804,0.29416175147455764,0.14554293978276256,63524.0,12.1,6.2,7.1,13.8,2411.0,120.51384584624613,34160,state,2025,"BLS OEWS annual mean wage, SOC 31-0000"
48487,TX,Wilbarger County,12616.0,2499.0,0.19808180088776156,0.3405362144857943,0.2231293595434369,54102.0,16.5,8.5,9.9,17.3,529.0,211.68467386954782,34160,state,2025,"BLS OEWS annual mean wage, SOC 31-0000"
48489,TX,Willacy County,20139.0,2967.0,0.1473260837181588,0.2103134479271992,0.11837727791846665,54180.0,18.8,7.7,7.2,18.5,719.0,242.3323222109875,34160,state,2025,"BLS OEWS annual mean wage, SOC 31-0000"
48491,TX,Williamson County,672688.0,86908.0,0.12919510976857027,0.2290813273806784,0.10543520919059059,111340.0,9.8,4.5,4.3,10.5,6964.0,80.1307129378193,34160,state,2025,"BLS OEWS annual mean wage, SOC 31-0000"
48493,TX,Wilson County,52781.0,9039.0,0.17125480760122014,0.18586126783936277,0.1509065762300828,94565.0,13.1,6.3,6.1,13.5,544.0,60.18364863369842,34160,state,2025,"BLS OEWS annual mean wage, SOC 31-0000"
48495,TX,Winkler County,7454.0,933.0,0.12516769519720955,0.27116827438370844,0.11322779715588946,86900.0,14.1,6.1,6.0,15.0,5.0,5.359056806002144,34160,state,2025,"BLS OEWS annual mean wage, SOC 31-0000"
48497,TX,Wise County,75005.0,11658.0,0.15542963802413173,0.20415165551552583,0.150976601559896,93421.0,11.9,6.4,7.2,14.1,831.0,71.28152341739579,34160,state,2025,"BLS OEWS annual mean wage, SOC 31-0000"
48499,TX,Wood County,46961.0,12954.0,0.2758459146951726,0.2748957850856878,0.2143693703285705,60300.0,14.6,8.8,9.3,15.5,460.0,35.51026709896557,34160,state,2025,"BLS OEWS annual mean wage, SOC 31-0000"
48501,TX,Yoakum County,7571.0,971.0,0.12825254259675076,0.21730175077239958,0.13485669000132083,84925.0,13.5,6.0,5.8,14.6,141.0,145.21112255406797,34160,state,2025,"BLS OEWS annual mean wage, SOC 31-0000"
48503,TX,Young County,18029.0,3827.0,0.21226912197015918,0.32636529918996604,0.1773808863497698,68010.0,13.4,7.5,8.1,14.6,211.0,55.13457015939378,34160,state,2025,"BLS OEWS annual mean wage, SOC 31-0000"
48505,TX,Zapata County,13841.0,1950.0,0.14088577414926667,0.3112820512820513,0.15071165378224116,39239.0,20.8,8.4,7.8,20.0,597.0,306.1538461538462,34160,state,2025,"BLS OEWS annual mean wage, SOC 31-0000"
48507,TX,Zavala County,9412.0,1477.0,0.15692732681682958,0.17738659444820581,0.18827029324266895,36749.0,22.6,9.0,8.4,20.9,253.0,171.29316181448883,34160,state,2025,"BLS OEWS annual mean wage, SOC 31-0000"
