fips,state,county,total_population,senior_population,senior_share,living_alone_65_share,disability_share,median_income,diabetes_prev,chd_prev,copd_prev,poor_physical_health_prev,healthcare_support_workers,healthcare_support_per_1k_seniors,healthcare_support_wage,senior_share_score,living_alone_65_share_score,disability_share_score,diabetes_prev_score,chd_prev_score,copd_prev_score,poor_physical_health_prev_score,healthcare_support_per_1k_seniors_score,median_income_score,healthcare_support_wage_score,care_demand_score,access_constraint_score,care_gap_score,priority_tier,high_gap
29085,MO,Hickory County,8585.0,2777.0,0.3234711706464764,0.3172488296723082,0.2450786255096098,39390.0,19.7,13.1,16.0,21.0,212.0,76.34137558516385,39650,31.513659371951103,28.063168629794887,25.80498160166978,76.58227848101266,100.0,100.0,96.63865546218489,21.522714774085003,2.5172499921945737,50.0,54.570979852110725,79.90733187659488,63.43870306068018,Prioritize,1
48243,TX,Jeff Davis County,1865.0,632.0,0.3388739946380697,0.4193037974683544,0.1689008042895442,59286.0,21.2,12.3,11.6,18.2,0.0,0.0,39650,33.64598269221435,41.79580893344487,14.08352995740209,86.07594936708861,91.11111111111111,64.8,73.109243697479,0.0,18.046926223110308,50.0,49.007203422118614,87.08592213306692,62.33475497095052,Prioritize,1
29153,MO,Ozark County,8873.0,2603.0,0.2933618843683083,0.2558586246638494,0.2415192155978812,44163.0,18.3,12.0,14.9,20.3,65.0,24.97118709181713,39650,27.34541507321333,19.802428150866845,25.257296586605786,67.7215189873418,87.77777777777777,91.2,90.75630252100842,7.040058333084851,6.242779980642543,50.0,48.603737236867325,86.75513392261057,61.95672607687746,Prioritize,1
48385,TX,Real County,2802.0,1062.0,0.3790149892933618,0.2495291902071563,0.3379728765167737,39605.0,18.3,10.5,11.0,17.8,63.0,59.32203389830509,39650,39.202988280849134,18.950731770020386,40.098583778416305,67.7215189873418,71.11111111111111,60.0,69.74789915966389,16.724498420748255,2.6850666583408787,50.0,47.521126517210284,82.4960058710862,59.76233429106685,Prioritize,1
26135,MI,Oscoda County,8425.0,2474.0,0.2936498516320475,0.2829426030719482,0.2262314540059347,49515.0,16.5,11.2,13.5,18.6,58.0,23.443815683104283,39650,27.385280445451478,23.44688115009314,22.904974672180998,56.329113924050645,78.88888888888889,80.0,76.47058823529413,6.609450698210016,10.420244153735677,50.0,44.1132063231364,85.73872886986379,58.68213921449099,Prioritize,1
12119,FL,Sumter County,143408.0,82722.0,0.576829744505188,0.2025579652329489,0.1774377998438022,76508.0,16.0,12.1,10.1,15.6,723.0,8.740117501994632,39650,66.58790262256726,12.630226740988359,15.397114134186152,53.16455696202532,88.88888888888889,52.800000000000004,51.26050420168068,2.4640773714847257,31.489431452745947,50.0,46.23232749888679,81.69792800985962,58.64528767772728,Prioritize,1
26131,MI,Ontonagon County,5850.0,2236.0,0.3822222222222222,0.2661001788908765,0.2188034188034188,54398.0,16.5,11.6,12.4,17.3,93.0,41.59212880143113,39650,39.64698852206839,21.180544115110365,21.762025792261156,56.329113924050645,83.33333333333334,71.2,65.54621848739497,11.725954872814425,14.231633831839897,50.0,45.08210048071379,81.7812346704001,57.92679744710399,Prioritize,1
48405,TX,San Augustine County,7874.0,2111.0,0.2680975361950724,0.2126954050213169,0.2178054356108712,50408.0,20.9,11.9,14.1,20.1,150.0,71.05637138796779,39650,23.84789028097758,13.994332940029864,21.608466507604728,84.17721518987341,86.66666666666667,84.8,89.07563025210086,20.03272802647656,11.117268725217771,50.0,46.85476702363392,78.14681896787256,57.806985204117446,Prioritize,1
48109,TX,Culberson County,2195.0,641.0,0.2920273348519362,0.4555382215288611,0.2328018223234624,58777.0,19.3,8.7,8.0,18.1,0.0,0.0,39650,27.160663818679787,46.67155700312519,23.915954682969804,74.05063291139243,51.11111111111111,36.0,72.26890756302524,0.0,17.649630022791847,50.0,41.91715560028556,87.20511099316245,57.767939987792474,Prioritize,1
12055,FL,Highlands County,105702.0,38051.0,0.3599837278386407,0.246484980683819,0.226457399103139,54897.0,18.3,11.7,11.0,17.5,1397.0,36.71388399779244,39650,36.56835435683121,18.5410992426114,22.939740756176615,67.7215189873418,84.44444444444444,60.0,67.22689075630252,10.350644686141784,14.621124605825969,50.0,44.45048704564371,82.42080804087423,57.74009939397439,Prioritize,1
26069,MI,Iosco County,25347.0,7872.0,0.3105692981417919,0.3163109756097561,0.2019962914743362,50066.0,15.9,10.9,12.7,18.0,258.0,32.77439024390244,39650,29.727560690838,27.936969849113442,19.175919664366283,52.53164556962027,75.55555555555557,73.6,71.42857142857144,9.239994009895106,10.85032314465016,50.0,42.769196838324504,84.16290635116265,57.25699516781785,Prioritize,1
26119,MI,Montmorency County,9516.0,3152.0,0.3312316099201345,0.2887055837563452,0.2451660361496427,49756.0,16.5,11.2,12.9,18.0,196.0,62.18274111675127,39650,32.587992601217344,24.222354823984915,25.818431442764343,56.329113924050645,78.88888888888889,75.2,71.42857142857144,17.53100976591124,10.608354928346186,50.0,45.128695086606044,79.67543815024497,57.22005515887967,Prioritize,1
29015,MO,Benton County,20151.0,6322.0,0.3137313284700511,0.2404302435937994,0.2454965014143218,52567.0,16.7,10.9,12.4,18.0,227.0,35.906358747231884,39650,30.165303212079998,17.726366472751774,25.869280004169852,57.594936708860764,75.55555555555557,71.2,71.42857142857144,10.12298130560317,12.802460270379967,50.0,42.95204314406552,83.09162220080427,57.000895813924075,Prioritize,1
48327,TX,Menard County,1955.0,653.0,0.3340153452685422,0.2419601837672281,0.2680306905370844,53043.0,17.6,10.3,9.8,17.0,11.0,16.84532924961715,39650,32.97336503708304,17.932237078970463,29.336606896891105,63.29113924050635,68.8888888888889,50.4,63.025210084033624,4.749157503857194,13.173998563801556,50.0,41.361022021837435,85.93576380373808,56.96218164550267,Prioritize,1
26143,MI,Roscommon County,23737.0,8192.0,0.3451152209630534,0.2772216796875,0.2410582634705312,55246.0,15.7,10.7,12.0,17.1,252.0,30.76171875,39650,34.51000038449384,22.677066757516254,25.186370062526724,51.26582278481013,73.33333333333333,68.0,63.86554621848741,8.672567052165354,14.893533984826252,50.0,42.71280435591933,83.26202792586119,56.90503260539898,Prioritize,1
26085,MI,Lake County,12563.0,3423.0,0.2724667674918411,0.2754893368390301,0.2376024834832444,50805.0,17.2,10.9,13.4,19.0,186.0,54.338299737072745,39650,24.452754284540106,22.443960601741647,24.654630543524302,60.75949367088608,75.55555555555557,79.2,79.83193277310924,15.319447908625797,11.427144150613506,50.0,43.945406970056226,80.64616040507177,56.79067067231166,Prioritize,1
29223,MO,Wayne County,10862.0,2731.0,0.2514269931872583,0.3372391065543756,0.2937764684220217,47226.0,17.4,11.1,14.3,20.0,310.0,113.5115342365434,39650,21.540067531304235,30.75308454393657,33.29809970003338,62.0253164556962,77.77777777777779,86.4,88.23529411764707,32.001995722706035,8.633582066252458,50.0,48.101438339535335,72.30882773263595,56.57402462712055,Prioritize,1
26001,MI,Alcona County,10397.0,3843.0,0.3696258536116187,0.2792089513400989,0.2295854573434644,54993.0,16.0,11.0,11.9,17.0,194.0,50.48139474368983,39650,37.903182934620176,22.94447644251385,23.421053857774872,53.16455696202532,76.66666666666667,67.2,63.025210084033624,14.232081255260736,14.696056698616877,50.0,43.607321342859656,80.26353830002154,56.43699727786631,Prioritize,1
48127,TX,Dimmit County,8380.0,1358.0,0.1620525059665871,0.2039764359351988,0.2305489260143198,38808.0,23.4,9.9,9.4,21.4,52.0,38.291605301914586,39650,9.167316700598056,12.821097879904327,23.56930240643806,100.0,64.44444444444444,47.2,100.0,10.795447329024963,2.0629741796496925,50.0,40.093298782867215,85.94361171514137,56.140908309163166,Prioritize,1
12017,FL,Citrus County,162472.0,59271.0,0.3648074745186863,0.2494980681952388,0.2123996750209267,56546.0,15.8,11.1,11.1,17.1,1920.0,32.393582021561976,39650,37.236140182503014,18.946543954332242,20.77668423370015,51.8987341772152,77.77777777777779,60.8,63.86554621848741,9.132633791530727,15.908239408036467,50.0,41.74055930286366,82.70457959224717,56.07796640414789,Prioritize,1
48269,TX,King County,211.0,65.0,0.3080568720379147,0.2,0.1800947867298578,46645.0,16.8,10.4,10.8,17.5,0.0,0.0,39650,29.37974753822005,12.286023835319616,15.805943670205366,58.227848101265835,70.0,58.400000000000006,67.22689075630252,0.0,8.180086796340817,50.0,37.734503079650864,90.04597396109776,56.043517888157275,Prioritize,1
06091,CA,Sierra County,2746.0,963.0,0.3506919155134741,0.3146417445482866,0.1569555717407137,63355.0,15.3,10.3,10.2,17.5,0.0,0.0,39650,35.28202218038901,27.71235609197963,12.245521683364338,48.73417721518988,68.8888888888889,53.599999999999994,67.22689075630252,0.0,21.22295419775828,50.0,39.27145898160519,86.13311374067251,55.67303814727875,Prioritize,1
48045,TX,Briscoe County,1301.0,320.0,0.2459646425826287,0.2875,0.2029208301306687,45417.0,17.5,9.9,10.4,17.7,3.0,9.375,39650,20.783875187350755,24.060130010834236,19.318178066876264,62.658227848101276,64.44444444444444,55.2,68.90756302521008,2.643068053993251,7.221580442723781,50.0,37.78964744361366,88.87983843748658,55.671214291469184,Prioritize,1
39121,OH,Noble County,14282.0,4243.0,0.2970872426830976,0.241810040065991,0.1741352751715446,56098.0,18.0,11.9,11.8,17.2,140.0,32.99552203629508,39650,27.861143125114555,17.912033560342454,14.8889559507427,65.82278481012659,86.66666666666667,66.4,64.70588235294117,9.302337090022599,15.558556308345562,50.0,40.98941538845199,82.71614770798391,55.59377170028816,Prioritize,1
48125,TX,Dickens County,1747.0,467.0,0.2673153978248426,0.3062098501070663,0.2724670864338867,49335.0,16.7,9.6,9.8,16.7,9.0,19.271948608137045,39650,23.73961326064521,26.577750144417813,30.019233403482477,57.594936708860764,61.111111111111114,50.4,60.50420168067227,5.433287648465783,10.279746479752724,50.0,38.886437467584884,86.427767849418,55.525903101226476,Prioritize,1
12107,FL,Putnam County,75164.0,17887.0,0.2379729657814911,0.2825515737686588,0.1949071363950827,47934.0,17.5,10.8,13.0,19.3,1075.0,60.09951361323867,39650,19.677530089830118,23.39426377255409,18.085114136860632,62.658227848101276,74.44444444444446,76.0,82.35294117647061,16.94369114577959,9.186206250585407,50.0,41.5911062626144,80.42510799464561,55.18300686882532,Prioritize,1
12043,FL,Glades County,12563.0,3261.0,0.2595717583379766,0.1769395890831033,0.1926291490885935,45870.0,17.7,10.9,11.7,18.8,102.0,31.278748850046,39650,22.667605746272013,9.182986960044893,17.734601118351833,63.9240506329114,75.55555555555557,65.6,78.15126050420169,8.818331931139703,7.57516625558088,50.0,38.914356373511964,85.3773675611989,55.17641028920239,Prioritize,1
48403,TX,Sabine County,10023.0,3061.0,0.3053975855532276,0.2603724273113361,0.2587049785493365,66585.0,16.6,10.4,11.1,16.9,81.0,26.46194054230644,39650,29.01160345050899,20.4098109123163,27.901663230059615,56.96202531645571,70.0,60.8,62.184873949579824,7.460342367364159,23.744106903119047,50.0,40.88939507209017,81.273579627014,55.02385966631351,Prioritize,1
48377,TX,Presidio County,5930.0,1157.0,0.1951096121416526,0.3535004321521175,0.1669477234401349,43802.0,22.2,10.6,8.4,19.2,58.0,50.129645635263614,39650,13.743648835275584,32.94122824842145,13.78301016874126,92.40506329113924,72.22222222222221,39.2,81.5126050420168,14.132913593233864,5.961004090043398,50.0,39.667687535368195,82.93859629670835,54.81250560183725,Prioritize,1
26141,MI,Presque Isle County,13209.0,4450.0,0.3368915133621016,0.2548314606741573,0.1970626088273147,59321.0,15.6,10.8,11.9,17.0,164.0,36.853932584269664,39650,33.37153360034398,19.6642117180177,18.416775839444277,50.63291139240506,74.44444444444446,67.2,63.025210084033624,10.390128200267103,18.074245215273656,50.0,40.50612691776582,81.363155925271,54.806087070392635,Prioritize,1
48443,TX,Terrell County,835.0,317.0,0.3796407185628742,0.4542586750788643,0.2526946107784431,44886.0,15.0,7.8,5.6,13.0,0.0,0.0,39650,39.289612468354015,46.49937968016788,26.976850284999493,46.83544303797469,41.111111111111114,16.799999999999997,29.411764705882355,0.0,6.807112304474071,50.0,35.6085120116104,90.45786630865778,54.805786015576984,Prioritize,1
48267,TX,Kimble County,4389.0,1371.0,0.3123718386876281,0.3603209336250911,0.2205513784461152,69455.0,16.6,9.9,10.1,16.5,28.0,20.423048869438368,39650,29.977099297765168,33.85900320285625,22.03098366083564,56.96202531645571,64.44444444444444,52.800000000000004,58.82352941176471,5.757814190075257,25.98426426051391,50.0,40.28232195430335,81.53792291730444,54.72178229135373,Prioritize,1
39105,OH,Meigs County,21896.0,4639.0,0.2118651808549506,0.3129984910541065,0.2193551333576909,46873.0,17.3,10.3,12.9,18.5,291.0,62.72903643026515,39650,16.063242302755235,27.491237907822345,21.846917895576336,61.39240506329116,68.8888888888889,75.2,75.63025210084035,17.68502530630535,8.358050516719223,50.0,40.62003444627947,80.2658209265163,54.49605971436236,Prioritize,1
12027,FL,DeSoto County,35386.0,8417.0,0.2378624314700729,0.2005465130093857,0.2024246877296106,54417.0,17.6,10.7,12.1,19.5,360.0,42.77058334323393,39650,19.662228032879078,12.359563289020269,19.241836829104795,63.29113924050635,73.33333333333333,68.8,84.03361344537817,12.058193331750129,14.246464141871428,50.0,39.56366746931555,81.59405442497601,54.27430290379671,Prioritize,1
26071,MI,Iron County,11667.0,3662.0,0.3138767463786749,0.315401419989077,0.2240507414073883,55940.0,15.3,10.3,11.5,16.7,194.0,52.97651556526488,39650,30.185434455409904,27.814578941108742,22.569429275049398,48.73417721518988,68.8888888888889,64.0,60.50420168067227,14.9355238295923,15.43523057229386,50.0,40.445158088503774,79.65489272203608,54.168565210240075,Prioritize,1
26097,MI,Mackinac County,10957.0,3255.0,0.2970703659760883,0.2344086021505376,0.199598430227252,63909.0,16.4,10.4,11.7,17.6,85.0,26.1136712749616,39650,27.858806761604537,16.916087093279277,18.806961689365053,55.69620253164557,70.0,65.6,68.06722689075633,7.3621557673954365,21.655374816572483,50.0,39.19985003450623,81.95420188296077,54.16387318146532,Prioritize,1
26035,MI,Clare County,31218.0,7988.0,0.2558780190915497,0.2975713570355533,0.2411749631622781,49384.0,15.4,10.2,12.7,18.1,551.0,68.97846770155233,39650,22.156254948624365,25.415344034469907,25.20432659858675,49.367088607594944,67.77777777777777,73.6,72.26890756302524,19.446910335507013,10.317993068781417,50.0,40.693608056883726,78.70880139483671,53.99892572516727,Prioritize,1
29179,MO,Reynolds County,6010.0,1424.0,0.2369384359400998,0.3103932584269663,0.2815307820299501,45028.0,15.9,10.2,12.7,18.6,135.0,94.80337078651684,39650,19.534312709204922,27.14067464423534,31.41386071030331,52.53164556962027,67.77777777777777,73.6,76.47058823529413,26.727654478583435,6.9179493583939555,50.0,42.27545267426641,75.72440522926092,53.98258606851449,Prioritize,1
48155,TX,Foard County,991.0,316.0,0.3188698284561049,0.2626582278481013,0.2159434914228052,61563.0,18.2,10.9,11.8,18.7,28.0,88.60759493670886,39650,30.876662593802145,20.717391006212548,21.321969881484467,67.08860759493672,75.55555555555557,66.4,77.31092436974791,24.98089637529486,19.824221798994664,50.0,43.72667702770333,72.81324045388943,53.90697422686847,Prioritize,1
48455,TX,Trinity County,14046.0,3815.0,0.2716075751103517,0.2885976408912188,0.2415634344297308,52018.0,16.4,9.5,10.5,16.8,139.0,36.435124508519,39650,24.33381012516762,24.207829901071918,25.264100521018584,55.69620253164557,60.00000000000001,56.00000000000001,61.34453781512607,10.272054787384867,12.373942364731962,50.0,38.07152115533358,83.13818715751874,53.84485425609839,Prioritize,1
48387,TX,Red River County,11611.0,3000.0,0.2583756782361553,0.2813333333333333,0.1877529928516062,48491.0,16.9,9.7,10.7,17.0,87.0,29.0,39650,22.50202380523261,23.23033586132178,16.984308859708374,58.86075949367088,62.22222222222222,57.599999999999994,63.025210084033624,8.17589051368579,9.620968497299323,50.0,36.677737282440766,85.11696966828302,53.63146861748555,Prioritize,1
12075,FL,Levy County,45391.0,11401.0,0.2511731400497896,0.285676695026752,0.2159899539556299,56750.0,16.1,9.9,11.0,17.4,345.0,30.26050346460837,39650,21.504924822068446,23.814783881172918,21.329119053291336,53.7974683544304,64.44444444444444,60.0,66.38655462184873,8.53126080053957,16.067470105217147,50.0,37.67711934042367,82.98756552813809,53.53577550612371,Prioritize,1
26153,MI,Schoolcraft County,8128.0,2352.0,0.2893700787401574,0.2614795918367347,0.1854084645669291,56782.0,15.8,10.3,11.9,17.5,99.0,42.09183673469388,39650,26.792800810042504,20.558792314325515,16.62355720683461,51.8987341772152,68.8888888888889,67.2,67.22689075630252,11.866836160786026,16.092447469480785,50.0,38.62818187326704,81.14550587072345,53.50924527237679,Prioritize,1
29141,MO,Morgan County,21717.0,5211.0,0.2399502693742229,0.3028209556706966,0.2034350969286734,53412.0,15.8,10.1,12.5,18.5,310.0,59.48954135482633,39650,19.951262397900603,26.121736396858637,19.397308098537984,51.8987341772152,66.66666666666666,72.0,75.63025210084035,16.771723338842865,13.462018795466607,50.0,39.40510297318376,79.23694652499645,53.3462482163182,Prioritize,1
48351,TX,Newton County,12093.0,2839.0,0.234763913007525,0.2726312081718915,0.1700157115686761,42618.0,18.6,10.5,13.0,19.2,265.0,93.34272631208172,39650,19.233277914409683,22.059367340139683,14.255080305664666,69.62025316455697,71.11111111111111,76.0,81.5126050420168,26.315858985397174,5.036841612288863,50.0,40.7926375725248,76.5152250743449,53.29554319816183,Prioritize,1
48083,TX,Coleman County,7833.0,2053.0,0.2620962594152942,0.3365806137359961,0.260053619302949,49159.0,15.4,9.0,9.4,16.0,68.0,33.12226010716025,39650,23.01709052400706,30.66447695125755,28.109178056892098,49.367088607594944,54.44444444444445,47.2,54.6218487394958,9.338068006964303,10.142370976302725,50.0,36.53911796422234,84.32135130327882,53.26289963289211,Prioritize,1
48315,TX,Marion County,9737.0,2618.0,0.2688713156002875,0.3086325439266615,0.2173153948854883,49672.0,18.1,10.1,11.2,17.4,208.0,79.44996180290298,39650,23.955010109872603,26.90375076456269,21.533064132289944,66.45569620253167,66.66666666666666,61.6,66.38655462184873,22.399109966105268,10.542789347154141,50.0,40.44181971771525,77.01765271449587,53.243361266588465,Prioritize,1
29149,MO,Oregon County,8673.0,1993.0,0.2297936123601983,0.2488710486703462,0.2322149198662516,43069.0,16.5,10.4,13.3,18.8,182.0,91.31961866532863,39650,18.545203572665685,18.862171446215605,23.82564823075158,56.329113924050645,70.0,78.4,78.15126050420169,25.745489791698763,5.388866339879484,50.0,40.518793699074315,76.72332071260183,53.19037815380895,Prioritize,1
12015,FL,Charlotte County,201064.0,81528.0,0.4054828313372856,0.2124055539201256,0.19440576134962,69952.0,15.6,10.7,9.7,15.8,2811.0,34.47895201648513,39650,42.867121355284446,13.955330224138251,18.007967754135194,50.63291139240506,73.33333333333333,49.599999999999994,52.941176470588246,9.720556438393391,26.37219394923351,50.0,39.06241554290155,79.24203577411359,53.12528262382576,Prioritize,1
29209,MO,Stone County,32048.0,10255.0,0.3199887668497254,0.2357874207703559,0.1949575636545182,63520.0,15.6,10.2,11.3,16.9,362.0,35.29985372988786,39650,31.031565255285333,17.101622599868044,18.092873359604987,50.63291139240506,67.77777777777777,62.40000000000001,62.184873949579824,9.951991008437451,21.351743732242657,50.0,38.24126568769881,80.62088182568661,53.07413133599454,Prioritize,1
48299,TX,Llano County,22424.0,8299.0,0.3700945415626115,0.2578623930594047,0.1975115947199429,67530.0,15.7,10.0,9.5,15.3,176.0,21.20737438245572,39650,37.968066766856,20.07205765761438,18.485861123653137,51.26582278481013,65.55555555555556,48.0,48.73949579831934,5.978936932196646,24.481719691529552,50.0,37.55608497895529,81.86706877983298,53.06492930926248,Prioritize,1
12029,FL,Dixie County,17058.0,4081.0,0.2392425841247508,0.2717471208037246,0.2257005510610857,50110.0,16.1,10.6,12.2,18.5,315.0,77.1869639794168,39650,19.85329245669507,21.940403471097074,22.823284843091905,53.7974683544304,72.22222222222221,69.6,75.63025210084035,21.761109192397264,10.88466702051266,50.0,39.94403487120601,77.2659898380277,53.006719109593604,Prioritize,1
17153,IL,Pulaski County,5015.0,1172.0,0.2336989032901296,0.3438566552901024,0.2498504486540378,42463.0,18.4,9.5,11.6,17.5,117.0,99.82935153583618,39650,19.085840986093903,31.643549931777592,26.539220168047645,68.35443037974683,60.00000000000001,64.8,67.22689075630252,28.144615455491273,4.915857504136876,50.0,40.86396888350458,75.54570424823874,53.002576261161536,Prioritize,1
48191,TX,Hall County,2820.0,688.0,0.2439716312056737,0.2616279069767442,0.1968085106382978,48459.0,17.5,9.5,9.6,17.1,18.0,26.16279069767442,39650,20.50796833812943,20.578749779535897,18.377677850190246,62.658227848101276,60.00000000000001,48.8,63.86554621848741,7.376003871609073,9.595991133035685,50.0,35.42171752815966,85.56440053070432,52.97165657905029,Prioritize,1
26053,MI,Gogebic County,14319.0,4203.0,0.2935260842237586,0.2957411372828932,0.1883511418395139,52732.0,15.2,10.3,11.3,16.7,240.0,57.10206995003568,39650,27.368146436056378,25.16906744370026,17.07634581121915,48.10126582278481,68.8888888888889,62.40000000000001,60.50420168067227,16.098630069528244,12.931249804864342,50.0,38.02210152704757,79.76637852030017,52.63259847468598,Prioritize,1
48447,TX,Throckmorton County,1639.0,434.0,0.2647956070774863,0.3870967741935484,0.172666259914582,59216.0,15.4,9.7,9.7,15.9,11.0,25.34562211981567,39650,23.390780567646576,37.461992800475315,14.662919146021869,49.367088607594944,62.22222222222222,49.599999999999994,53.781512605042025,7.145621774236746,17.9922882387836,50.0,35.896660234673234,83.17222155253471,52.44310669592475,Prioritize,1
48261,TX,Kenedy County,145.0,57.0,0.3931034482758621,0.1228070175438596,0.3241379310344827,38882.0,18.5,8.3,7.2,18.2,6.0,105.26315789473684,39650,41.15335463258786,1.8988424473969316,37.96980611223334,68.98734177215191,46.66666666666668,29.600000000000005,73.109243697479,29.676553588696148,2.120734334509351,50.0,40.003451461332936,75.54167522586431,52.441829778918915,Prioritize,1
12079,FL,Madison County,18089.0,4143.0,0.2290342196915252,0.2734733285059136,0.1708773287633368,48485.0,16.8,9.4,11.1,17.7,153.0,36.92976104272267,39650,18.44007540282278,22.172684074143525,14.387657007404528,58.227848101265835,58.8888888888889,60.8,68.90756302521008,10.411506309719975,9.61628524149989,50.0,35.49588286484462,83.88878595720405,52.43339894717042,Prioritize,1
17003,IL,Alexander County,4875.0,1215.0,0.2492307692307692,0.3234567901234568,0.2338461538461538,47043.0,19.0,10.2,12.1,17.8,148.0,121.81069958847738,39650,21.23602850823298,28.898519321054533,24.07664556711112,72.15189873417722,67.77777777777777,68.8,69.74789915966389,34.34175666313316,8.49074276436979,50.0,42.30687170580054,71.06481100596582,52.37215046085839,Prioritize,1
26051,MI,Gladwin County,25693.0,7019.0,0.2731872494453742,0.281094172959111,0.1990814618767757,55349.0,15.0,10.1,11.9,17.1,407.0,57.98546801538681,39650,24.552495765205332,23.19815415116098,18.72741597087805,46.83544303797469,66.66666666666666,67.2,63.86554621848741,16.347684064780406,14.97392987604983,50.0,37.82009585046397,79.01659480155584,52.238870483346126,Prioritize,1
29215,MO,Texas County,25161.0,5417.0,0.2152935097969079,0.2610300904559719,0.2346886053813441,50036.0,15.8,9.6,12.2,18.1,349.0,64.42680450433821,39650,16.537850449706653,20.498306863089617,24.206273256302254,51.8987341772152,61.111111111111114,69.6,72.26890756302524,18.163672406003712,10.826906865653003,50.0,37.53833857828572,79.26190811700206,52.14158791683644,Prioritize,1
26129,MI,Ogemaw County,20885.0,5834.0,0.2793392386880536,0.2415152553993829,0.2011970313622217,54666.0,15.3,10.1,12.0,17.4,358.0,61.36441549537196,39650,25.4041597286015,17.872366977901798,19.05293782260058,48.73417721518988,66.66666666666666,68.0,66.38655462184873,17.30030146643051,14.440819257547846,50.0,37.82122239372629,78.65258841619887,52.11220050159169,Prioritize,1
29185,MO,St. Clair County,9587.0,2457.0,0.2562845519974966,0.3121693121693121,0.2042349014290184,53043.0,16.2,10.5,12.5,18.5,252.0,102.56410256410255,39650,22.21253421249689,27.379662590930188,19.52037370510842,54.43037974683544,71.11111111111111,72.0,75.63025210084035,28.915616317191116,13.173998563801556,50.0,40.88133197866413,72.64421145640443,51.998339795873235,Prioritize,1
29067,MO,Douglas County,11965.0,2977.0,0.2488090263267864,0.2368155861605643,0.1895528625156707,45985.0,15.3,9.6,11.7,17.7,162.0,54.41719852200202,39650,21.17764361531925,17.239973782385796,17.261254103027554,48.73417721518988,61.111111111111114,65.6,68.90756302521008,15.341691626806645,7.664928658403322,50.0,35.7679429269443,81.76259100773535,51.86606975522116,Prioritize,1
26039,MI,Crawford County,13369.0,3645.0,0.2726456728251926,0.2307270233196159,0.23614331662802,60392.0,14.9,10.0,11.6,16.9,192.0,52.674897119341566,39650,24.4775214320861,16.42068937843586,24.43010910853837,46.20253164556963,65.55555555555556,64.8,62.184873949579824,14.850489367841366,18.910206375472228,50.0,37.34280170156508,78.65916893504559,51.803530233283254,Prioritize,1
06105,CA,Trinity County,15860.0,4795.0,0.3023329129886506,0.2383733055265902,0.1719419924337957,53002.0,15.9,11.0,11.3,18.3,420.0,87.59124087591242,39650,28.587338862276003,17.44958239046859,14.551476391193956,52.53164556962027,76.66666666666667,62.40000000000001,73.9495798319328,24.694358460666873,13.141996315838773,50.0,39.229356559200056,74.97550395188159,51.74050814663859,Prioritize,1
48079,TX,Cochran County,2550.0,368.0,0.144313725490196,0.358695652173913,0.2109803921568627,45313.0,18.6,8.8,9.7,19.2,23.0,62.5,39650,6.711610181878916,33.64030335861322,20.558299732880613,69.62025316455697,52.222222222222236,49.599999999999994,81.5126050420168,17.62045369328834,7.140404008866964,50.0,36.13111603871744,80.66662926603132,51.718545668277294,Prioritize,1
39111,OH,Monroe County,13227.0,3138.0,0.2372420049897936,0.2345442957297641,0.1704090118696605,60134.0,16.1,9.9,11.6,16.9,78.0,24.8565965583174,39650,19.57633794849387,16.93434618595526,14.31559726960286,53.7974683544304,64.44444444444444,64.8,62.184873949579824,7.007752138057313,18.708826376096663,50.0,34.820034543782796,83.03308841123948,51.69460339739263,Prioritize,1
39131,OH,Pike County,27044.0,5155.0,0.1906152935956219,0.3336566440349175,0.219605088004733,52736.0,16.2,9.6,12.5,18.1,399.0,77.40058195926285,39650,13.121468107272502,30.27102404023484,21.885378319642548,54.43037974683544,61.111111111111114,72.0,72.26890756302524,21.82133392394816,12.934371975397296,50.0,38.17913613887904,76.61795474920933,51.63272265249464,Prioritize,1
29035,MO,Carter County,5297.0,1092.0,0.2061544270341702,0.2728937728937728,0.2833679441193128,50000.0,15.7,9.7,12.7,18.8,114.0,104.3956043956044,39650,15.272661721234684,22.094698367721115,31.696544124560305,51.26582278481013,62.22222222222222,73.6,78.15126050420169,29.43196660856953,10.79880733085641,50.0,39.9956095615023,73.07277616602984,51.57261787308694,Prioritize,1
29133,MO,Mississippi County,11902.0,2244.0,0.188539741219963,0.3645276292335115,0.2379432028230549,48160.0,16.7,9.2,12.3,18.7,228.0,101.60427807486631,39650,12.83413451601282,34.42506126847468,24.707056895471524,57.594936708860764,56.666666666666664,70.4,77.31092436974791,28.64501562973078,9.362608885697336,50.0,39.510956972896246,73.93645873793886,51.55988259066116,Prioritize,1
29011,MO,Barton County,11690.0,2501.0,0.2139435414884516,0.2475009996001599,0.2043627031650983,51635.0,15.2,9.5,12.2,18.3,138.0,55.177928828468616,39650,16.350964661275338,18.67781598086659,19.540038508400528,48.10126582278481,60.00000000000001,69.6,73.9495798319328,15.556162237017457,12.074994536201569,50.0,35.96250582960069,80.32161240877993,51.48819313231342,Prioritize,1
29045,MO,Clark County,6675.0,1451.0,0.217378277153558,0.3170227429359062,0.130936329588015,51781.0,14.9,9.5,11.7,17.7,48.0,33.08063404548587,39650,16.82645973683055,28.0327461242032,8.241951039983746,46.20253164556963,60.00000000000001,65.6,68.90756302521008,9.326332485489624,12.188953760654407,50.0,34.130926527912834,83.71383100478438,51.48494309481788,Prioritize,1
29155,MO,Pemiscot County,14958.0,2729.0,0.1824441770290145,0.3213631366801026,0.2251637919507955,40089.0,17.9,9.7,13.3,19.6,360.0,131.916452913155,39650,11.990281876937345,28.616794773205573,22.740693928110087,65.18987341772151,62.22222222222222,78.4,84.87394957983196,37.190843999025596,3.0628492928283744,50.0,40.90683299281476,71.12618101268741,51.48360479977019,Prioritize,1
29057,MO,Dade County,7641.0,1883.0,0.2464337128648082,0.2867764206054169,0.1823059808925533,53750.0,16.0,10.0,12.2,18.1,147.0,78.06691449814126,39650,20.848811948432992,23.962764289482973,16.146179253725773,53.16455696202532,65.55555555555556,69.6,72.26890756302524,22.009191230278372,13.725842205501266,50.0,38.094755489336464,76.27719216169652,51.458608324662485,Prioritize,1
12037,FL,Franklin County,12553.0,3326.0,0.264956584083486,0.2318099819603127,0.1785230622162033,64105.0,15.3,9.8,10.8,16.9,77.0,23.150932050511127,39650,23.41306576834138,16.566413607227346,15.564103032210605,48.73417721518988,63.33333333333334,58.400000000000006,62.184873949579824,6.526878818439939,21.808361172687253,50.0,34.71628753942187,82.36770829805187,51.394284804942366,Prioritize,1
48263,TX,Kent County,734.0,274.0,0.3732970027247956,0.3357664233576642,0.2534059945504087,72889.0,12.9,7.7,7.2,13.9,0.0,0.0,39650,38.41140641821405,30.554918505982553,27.08631062857539,33.54430379746836,40.00000000000001,29.600000000000005,36.9747899159664,0.0,28.664647663055355,50.0,33.61526087750945,83.9006057010834,51.21513156576033,Prioritize,1
29091,MO,Howell County,40383.0,8046.0,0.1992422554045018,0.29480487198608,0.1936706039670158,50993.0,14.9,9.1,12.0,17.9,397.0,49.34128759632116,39650,14.315760261629073,25.04308244926451,17.894849374361264,46.20253164556963,55.55555555555556,68.0,70.58823529411764,13.91065397213119,11.573886165662369,50.0,34.94900455719348,81.37697446562913,51.19879402514596,Prioritize,1
29203,MO,Shannon County,7177.0,1616.0,0.2251637174306813,0.2054455445544554,0.2095583112721192,55222.0,15.2,9.5,11.7,17.6,69.0,42.6980198019802,39650,17.904254034193652,13.01878291837851,20.339484701710262,48.10126582278481,60.00000000000001,65.6,68.06722689075633,12.037735691454412,14.874800961628523,50.0,34.67362715800136,81.41680508121152,51.033739431124914,Prioritize,1
48081,TX,Coke County,3353.0,906.0,0.2702057858634059,0.3300220750551876,0.1998210557709513,43333.0,15.9,9.6,9.9,16.4,77.0,84.98896247240619,39650,24.139750392810214,29.781952028011162,18.84121699495737,52.53164556962027,61.111111111111114,51.2,57.98319327731092,23.96070524297046,5.594929595054482,50.0,36.553068797199934,77.6431332378499,50.93459135142742,Prioritize,1
29137,MO,Monroe County,8734.0,2180.0,0.249599267231509,0.2986238532110091,0.1747194870620563,54516.0,15.0,9.6,11.4,17.0,123.0,56.42201834862386,39650,21.287042327573943,25.55696919697436,14.97884840651217,46.83544303797469,61.111111111111114,63.2,63.025210084033624,15.906904985500667,14.323737862562053,50.0,35.568252066054015,79.45408089920602,50.92829215765722,Prioritize,1
12065,FL,Jefferson County,15091.0,3694.0,0.2447816579418196,0.2368706009745533,0.1960771320654694,61212.0,16.3,9.3,10.3,17.0,125.0,33.83865728207905,39650,20.620106144837045,17.24737664251303,18.265140914402913,55.06329113924052,57.77777777777779,54.400000000000006,63.025210084033624,9.54003989891085,19.550251334727903,50.0,34.42178911557199,81.38790265518067,50.859928854435026,Prioritize,1
29039,MO,Cedar County,14615.0,3380.0,0.2312692439274717,0.2760355029585798,0.1872049264454327,48181.0,15.6,9.9,12.2,18.0,289.0,85.50295857988166,39650,18.74948582666865,22.517453377525047,16.899978095518467,50.63291139240506,64.44444444444444,69.6,71.42857142857144,24.105614756735292,9.379000280995347,50.0,37.05557780894171,76.42821179949699,50.83599970563606,Prioritize,1
48007,TX,Aransas County,24876.0,7054.0,0.2835664897893552,0.2470938474624326,0.2282923299565846,69466.0,15.9,9.1,9.1,15.7,165.0,23.390983838956625,39650,25.989368396105178,18.623029095161574,23.22208085103315,52.53164556962027,55.55555555555556,44.8,52.10084033613446,6.594555961196659,25.992850229479536,50.0,34.43401677963819,81.07513915249798,50.75840961013912,Prioritize,1
48137,TX,Edwards County,1290.0,238.0,0.1844961240310077,0.5252100840336135,0.1031007751937984,40313.0,19.3,10.5,9.9,17.8,29.0,121.84873949579833,39650,12.274347607136068,56.046687364003034,3.958905140303289,74.05063291139243,71.11111111111111,51.2,69.74789915966389,34.352481149940296,3.2376908426738265,50.0,38.87833535266187,72.63482811473068,50.69310781938596,Prioritize,1
26013,MI,Baraga County,8191.0,1901.0,0.2320839946282505,0.3072067332982641,0.1942375778293248,55327.0,14.5,9.0,10.6,16.7,76.0,39.97895844292478,39650,18.862277605657987,26.711891956277796,17.982089421453452,43.67088607594937,54.44444444444445,56.8,60.50420168067227,11.27115817519128,14.956757938118582,50.0,33.86072429925346,81.81383562220923,50.64431326228798,Develop,0
06063,CA,Plumas County,19423.0,6114.0,0.3147814446789888,0.2469741576709192,0.2448128507439633,66031.0,13.5,9.3,8.7,15.8,194.0,31.730454694144587,39650,30.310678325275237,18.606923491579817,25.76408694212324,37.34177215189874,57.77777777777779,41.599999999999994,52.941176470588246,8.945680121682534,23.31168628430485,50.0,34.48759813350691,80.58637004778315,50.622168303503585,Develop,0
26011,MI,Arenac County,15077.0,4104.0,0.2722026928434038,0.2726608187134502,0.1753001260197652,58811.0,14.7,9.8,11.4,16.8,239.0,58.23586744639376,39650,24.416196538281334,22.063351770542276,15.068191096504593,44.936708860759495,63.33333333333334,63.2,61.34453781512607,16.418278490042546,17.676168472321958,50.0,35.708648120374484,78.16709628878002,50.56910497931642,Develop,0
48457,TX,Tyler County,20238.0,4538.0,0.2242316434430279,0.2188188629352137,0.2323352109892281,55396.0,15.3,9.0,10.7,16.9,181.0,39.88541207580432,39650,17.775220351722897,14.818312867338618,23.844157378934362,48.73417721518988,54.44444444444445,57.599999999999994,62.184873949579824,11.244784904310936,15.010615379812045,50.0,33.731733054739806,81.81218368868538,50.559890776620755,Develop,0
48319,TX,Mason County,3955.0,1392.0,0.3519595448798989,0.2356321839080459,0.2482932996207332,74180.0,14.4,8.8,8.1,14.4,21.0,15.086206896551724,39650,35.45750919893531,17.080733739305856,26.29962225353037,43.03797468354431,52.222222222222236,36.8,41.176470588235304,4.25321296044891,29.672328202566423,50.0,34.01007856073597,81.25903441098318,50.547213108322495,Develop,0
12121,FL,Suwannee County,45342.0,9627.0,0.2123197035860791,0.231744053183754,0.1996162498345904,56658.0,15.0,9.3,10.5,17.3,286.0,29.708112599979223,39650,16.126165142080286,16.557542151053358,18.80970358539715,46.83544303797469,57.77777777777779,56.00000000000001,65.54621848739497,8.375526758126876,15.995660182959192,50.0,32.89305725557225,83.09476222814246,50.463653995971825,Develop,0
06049,CA,Modoc County,8600.0,2722.0,0.3165116279069767,0.2450404114621601,0.1782558139534883,59455.0,14.9,10.0,9.9,17.4,186.0,68.3321087435709,39650,30.55019999009336,18.346716255254915,15.522981646244748,46.20253164556963,65.55555555555556,51.2,66.38655462184873,19.26468412609335,18.178837928127635,50.0,36.42861794735792,76.45077235221036,50.436371989056276,Develop,0
12123,FL,Taylor County,21503.0,4568.0,0.2124354741198902,0.2778021015761821,0.1776031251453285,49073.0,15.9,9.7,11.5,17.5,319.0,69.8336252189142,39650,16.142192086826224,22.755169031161238,15.422552673860531,52.53164556962027,62.22222222222222,64.0,67.22689075630252,19.688002550469285,10.075244309844205,50.0,35.13140976596735,78.64902530428863,50.362575204379795,Develop,0
48101,TX,Cottle County,1368.0,317.0,0.2317251461988304,0.2902208201892745,0.2514619883040935,59063.0,18.8,10.2,11.0,18.1,40.0,126.18296529968454,39650,18.81259964563521,24.42624687703997,26.787187145553855,70.8860759493671,67.77777777777777,60.0,72.26890756302524,35.574417551118415,17.87286521589809,50.0,40.81780050109258,67.57221078211545,50.181844099450586,Develop,0
29079,MO,Grundy County,9787.0,2198.0,0.2245836313477061,0.3639672429481346,0.1336466741595994,51975.0,14.3,9.2,11.2,17.3,125.0,56.86988171064604,39650,17.823948560134912,34.34965500992234,8.658990702267525,42.40506329113925,56.666666666666664,61.6,65.54621848739497,16.033169875603583,12.3403790315027,50.0,33.962028376495674,79.97964285896722,50.06819344536072,Develop,0
48499,TX,Wood County,46961.0,12954.0,0.2758459146951726,0.2748957850856878,0.2143693703285705,60300.0,14.6,8.8,9.3,15.5,460.0,35.51026709896557,39650,24.92055385091824,22.36409155757576,21.079760482570425,44.30379746835443,52.222222222222236,46.400000000000006,50.4201680672269,10.011312272857973,18.838396453214273,50.0,33.13532306866037,81.34225931396384,50.00775075451658,Develop,0
26031,MI,Cheboygan County,25865.0,7494.0,0.2897351633481538,0.255404323458767,0.1902571041948579,62875.0,14.6,9.5,10.9,16.3,454.0,60.58179877235122,39650,26.843342088961535,19.741296829446224,17.36961549557282,44.30379746835443,60.00000000000001,59.20000000000001,57.14285714285715,17.079660478789233,20.84829373380374,50.0,35.21061860689304,76.8516986165248,49.78499661026416,Develop,0
29229,MO,Wright County,18965.0,3739.0,0.1971526496177168,0.2773468841936347,0.1767993672554706,47909.0,15.5,9.5,12.6,18.6,342.0,91.4683070339663,39650,14.026481155943612,22.6939144277892,15.29887876078744,50.000000000000014,60.00000000000001,72.8,76.47058823529413,25.787409095927732,9.166692684754443,50.0,35.89754202884119,75.56691719181342,49.78182333588147,Develop,0
17193,IL,White County,13619.0,3191.0,0.2343050150525001,0.3130680037605766,0.2116895513620677,54813.0,14.5,9.2,11.0,16.5,225.0,70.51081165778753,39650,19.16974938148255,27.50059162195408,20.667417783236566,43.67088607594937,56.666666666666664,60.0,58.82352941176471,19.87891986707553,14.555559024633927,50.0,34.96711786074914,77.19992636571828,49.74860083748834,Develop,0
17151,IL,Pope County,3739.0,1084.0,0.2899170901310511,0.3081180811808118,0.2340197913880717,60050.0,14.9,9.4,9.9,15.5,85.0,78.41328413284134,39650,26.868527517423495,26.83452403321433,24.103363107973056,46.20253164556963,58.8888888888889,51.2,50.4201680672269,22.106842272022277,18.643260794904617,50.0,36.23414196610118,74.74825851191636,49.714082757136495,Develop,0
29023,MO,Butler County,42020.0,8184.0,0.1947643979057591,0.3459188660801564,0.2392194193241313,49089.0,15.3,9.0,11.8,18.5,924.0,112.90322580645162,39650,13.695858354381674,31.92104351804488,24.90342783080937,48.73417721518988,54.44444444444445,66.4,75.63025210084035,31.830496994327323,10.087732991976022,50.0,37.71369405851149,71.96690675552716,49.70231850246698,Develop,0
17069,IL,Hardin County,3605.0,1076.0,0.2984743411927878,0.2425650557620818,0.267128987517337,54271.0,14.7,9.3,10.5,16.0,104.0,96.6542750929368,39650,28.05316911342223,18.01362938857049,29.197862204877318,44.936708860759495,57.77777777777779,56.00000000000001,54.6218487394958,27.249474856535127,14.13250491741859,50.0,36.888542665419905,73.27303735368011,49.62311580631098,Develop,0
29009,MO,Barry County,35033.0,7702.0,0.2198498558501984,0.2509737730459621,0.1589644049895812,58346.0,15.0,9.2,11.3,17.7,355.0,46.09192417553882,39650,17.16861809010321,19.14511658971668,12.554620071988182,46.83544303797469,56.666666666666664,62.40000000000001,68.90756302521008,12.994569849114226,17.313216147865994,50.0,33.155813298366084,80.15902173862737,49.60693625245753,Develop,0
48019,TX,Bandera County,22021.0,6554.0,0.2976249943236002,0.2499237107110161,0.2127968757095499,75813.0,15.7,9.1,9.0,15.5,208.0,31.736344217271892,39650,27.93558793888242,19.003818927744533,20.837801348763296,51.26582278481013,55.55555555555556,44.0,50.4201680672269,8.947340538795178,30.946954322645105,50.0,34.12618473439421,78.29487640686914,49.585226819760436,Develop,0
29181,MO,Ripley County,10708.0,2134.0,0.1992902502801643,0.3013120899718838,0.2603660814344415,42037.0,15.6,9.7,12.8,18.5,316.0,148.07872539831305,39650,14.322404536255867,25.918701597516762,28.157256483214816,50.63291139240506,62.22222222222222,74.4,75.63025210084035,41.74742918147416,4.583346342377221,50.0,39.38839624188121,68.16391004747604,49.459826073839395,Develop,0
39145,OH,Scioto County,72627.0,13671.0,0.1882357800817877,0.337063857801185,0.2132953309375301,50609.0,15.3,9.0,11.4,17.6,1206.0,88.21593153390388,39650,12.792054997105204,30.729502859054364,20.91449846031134,48.73417721518988,54.44444444444445,63.2,68.06722689075633,24.87047578565517,11.274157794498736,50.0,35.43492372523579,75.43899097954004,49.43634726424228,Develop,0
12083,FL,Marion County,400078.0,114789.0,0.2869165512725019,0.251095488243647,0.162425826963742,61010.0,14.9,9.7,9.8,16.4,6065.0,52.83607314289697,39650,26.453141417774972,19.161494734410578,13.087227721310715,46.20253164556963,62.22222222222222,50.4,57.98319327731092,14.895929282393789,19.392581722813702,50.0,33.78574982337775,78.48946437783931,49.4320499174393,Develop,0
26007,MI,Alpena County,28880.0,7265.0,0.2515581717451524,0.2974535443909153,0.2181094182825484,53950.0,14.2,9.5,11.4,16.6,673.0,92.63592567102546,39650,21.55822751925636,25.399491022049496,21.655240202752378,41.77215189873418,60.00000000000001,63.2,59.66386554621851,26.116592617939276,13.88195073214899,50.0,35.99413031816726,73.97128884048871,49.286135800979764,Develop,0
12061,FL,Indian River County,166936.0,58171.0,0.3484628839794891,0.244159460899761,0.1738869986102458,73491.0,14.3,9.7,8.8,14.9,2074.0,35.65350432346014,39650,34.97344136922656,18.22817447860273,14.850753733075411,42.40506329113925,62.22222222222222,42.400000000000006,45.37815126050421,10.051694750959761,29.134534328265012,50.0,33.6882809380987,78.23120758849262,49.27830526573657,Develop,0
26109,MI,Menominee County,23247.0,6261.0,0.2693250742031229,0.2991534898578502,0.1644943433561319,56435.0,13.9,9.3,10.6,16.1,377.0,60.21402331895864,39650,24.01782716544138,25.62823774685265,13.405509531953872,39.873417721519,57.77777777777779,56.8,55.462184873949596,16.97597455325272,15.821599175746979,50.0,33.521132397103656,78.41673424298692,49.234593043162796,Develop,0
29081,MO,Harrison County,8190.0,1865.0,0.2277167277167277,0.2455764075067024,0.2007326007326007,54367.0,14.7,9.4,11.5,17.4,141.0,75.60321715817695,39650,18.257685546024202,18.418840533404595,18.981476062733584,44.936708860759495,58.8888888888889,64.0,66.38655462184873,21.314607791988468,14.207437010209498,50.0,34.544757916213165,76.5147346113435,49.234249759508785,Develop,0
17071,IL,Henderson County,6193.0,1710.0,0.2761181979654448,0.2643274853801169,0.2346197319554335,62227.0,14.1,8.9,9.6,15.1,83.0,48.538011695906434,39650,24.95824797553044,20.94200832525517,24.19567572911578,41.139240506329116,53.33333333333334,48.8,47.05882352941177,13.684188599232114,20.34250210746511,50.0,33.25313812540146,78.8709456381828,49.21937075487493,Develop,0
29083,MO,Henry County,22328.0,5009.0,0.2243371551415263,0.3403873028548612,0.1838498745969186,57926.0,14.4,9.1,11.1,17.1,365.0,72.86883609502895,39650,17.789827092369393,31.176709658259767,16.383737575948313,43.03797468354431,55.55555555555556,60.8,63.86554621848741,20.54371123354041,16.98538824190577,50.0,34.726618382779705,76.10534234898105,49.20917177095018,Develop,0
12133,FL,Washington County,25529.0,4803.0,0.1881389792001253,0.2483864251509473,0.182968388891065,58210.0,15.1,8.9,10.7,17.5,186.0,38.72579637726421,39650,12.778654157265478,18.796959917386413,16.248103714139273,47.46835443037975,53.33333333333334,57.599999999999994,67.22689075630252,10.917857628820759,17.207062349745545,50.0,31.82668612175375,81.33305959922492,49.15391683886866,Develop,0
29005,MO,Atchison County,5187.0,1307.0,0.2519760940813572,0.260902830910482,0.1764025448235974,58750.0,14.9,9.4,10.9,16.6,83.0,63.50420811017597,39650,21.616083503589802,20.481182664227376,15.237819847942907,46.20253164556963,58.8888888888889,59.20000000000001,59.66386554621851,17.903567333348825,17.6285553716944,50.0,33.919290853187846,77.36447135514982,49.12510402887453,Develop,0
17059,IL,Gallatin County,4819.0,1217.0,0.252542021166217,0.3179950698438784,0.2537870927578335,59219.0,14.6,9.3,10.9,16.4,122.0,100.24650780608052,39650,21.694428846059065,28.163583612794906,27.144950061135987,44.30379746835443,57.77777777777779,59.20000000000001,57.98319327731092,28.26222317937456,17.99462986668332,50.0,37.003611618005515,71.55738829133901,49.09743345367224,Develop,0
29129,MO,Mercer County,3482.0,777.0,0.2231476163124641,0.2084942084942085,0.1628374497415278,62679.0,15.6,9.8,11.8,17.6,45.0,57.91505791505792,39650,17.62515070660063,13.429014837465548,13.15056395760917,50.63291139240506,63.33333333333334,66.4,68.06722689075633,16.327833538182247,20.69530737768897,50.0,33.8940998554413,77.31109934069308,49.09004967527942,Develop,0
39031,OH,Coshocton County,36744.0,7378.0,0.2007946875680383,0.2975060992138791,0.1593185281950794,55577.0,15.3,9.1,11.1,16.8,410.0,55.57061534291135,39650,14.530674572617913,25.406562862799337,12.609108871521698,48.73417721518988,55.55555555555556,60.8,61.34453781512607,15.666871269716928,15.151893596428238,50.0,32.60890190546587,79.33765272272723,48.96396469150734,Develop,0
48289,TX,Leon County,16263.0,3999.0,0.2458955912193322,0.2378094523630907,0.2030375699440447,61449.0,15.3,8.8,9.5,16.0,170.0,42.510627656914224,39650,20.77431591222475,17.37370962458924,19.336140776435716,48.73417721518988,52.222222222222236,48.0,54.6218487394958,11.984904737620475,19.735239938805456,50.0,32.02468839472251,79.9877304126671,48.81175310100312,Develop,0
29069,MO,Dunklin County,27493.0,5151.0,0.1873567817262575,0.2945059211803533,0.2159458771323609,47849.0,16.0,9.3,12.3,19.3,666.0,129.2952824694234,39650,12.670368954792893,25.002855266088712,21.32233696968346,53.16455696202532,57.77777777777779,70.4,82.35294117647061,36.451864600209774,9.119860126760123,50.0,37.552015514175594,69.71551643185659,48.80924083536394,Develop,0
29029,MO,Camden County,43667.0,12960.0,0.2967916275448279,0.2027006172839506,0.179036801245792,66387.0,14.7,9.4,10.2,16.0,636.0,49.07407407407408,39650,27.820219002791312,12.649422174070066,15.643151856351967,44.936708860759495,58.8888888888889,53.599999999999994,54.6218487394958,13.835319196211588,23.5895594617378,50.0,33.185843096993146,77.8137066035623,48.80559532429235,Develop,0
26063,MI,Huron County,31113.0,8465.0,0.2720727670105743,0.3034849379799173,0.1590332015556198,58870.0,14.3,9.4,10.8,16.3,625.0,73.83343177790903,39650,24.398209974038426,26.211082662086387,12.565205772776128,42.40506329113925,58.8888888888889,58.400000000000006,57.14285714285715,20.815657050547358,17.72222048768304,50.0,34.22793697966632,75.73472247589405,48.755311903346026,Develop,0
12039,FL,Gadsden County,43710.0,8702.0,0.1990848776023793,0.2527005286141117,0.1969572180279112,48801.0,19.2,9.3,11.0,17.7,985.0,113.19236957021374,39650,14.293973324523208,19.377470914271587,18.400559398239032,73.41772151898735,57.77777777777779,60.0,68.90756302521008,31.912014503128503,9.862936713603297,50.0,36.17053208011687,71.98951100919834,48.70717470529539,Develop,0
26041,MI,Delta County,36813.0,9658.0,0.2623529731344905,0.2986125491820253,0.168500258061011,57809.0,13.8,9.1,10.5,15.9,592.0,61.29633464485401,39650,23.052629244073756,25.555448113117603,14.021898065417638,39.240506329113934,55.55555555555556,56.00000000000001,53.781512605042025,17.281107618847294,16.894064753816853,50.0,32.85861159004076,77.92717138348894,48.632607517747616,Develop,0
39001,OH,Adams County,27540.0,5229.0,0.1898692810457516,0.3019697838974947,0.2161220043572984,50264.0,15.7,9.2,11.8,17.4,546.0,104.41767068273091,39650,13.018192243173443,26.00720169021543,21.34943759710072,51.26582278481013,56.666666666666664,66.4,66.38655462184873,29.43818769641747,11.004870586031409,50.0,35.49742024107837,73.00753559116097,48.62596061360728,Develop,0
06093,CA,Siskiyou County,43466.0,12101.0,0.2784015092256016,0.2648541442855962,0.1721575484286568,59095.0,13.9,9.2,9.1,16.6,666.0,55.03677382034543,39650,25.274343118220465,21.01287618664253,14.584643908063432,39.873417721519,56.666666666666664,44.8,59.66386554621851,15.516366792470091,17.89784258016173,50.0,32.4878409826046,78.59664549009294,48.62592256022552,Develop,0
29125,MO,Maries County,8450.0,1862.0,0.2203550295857988,0.2889366272824919,0.2222485207100591,59455.0,13.6,8.5,10.3,16.5,100.0,53.70569280343717,39650,17.23855291100314,24.25344432121939,22.292122279158605,37.9746835443038,48.88888888888889,54.400000000000006,58.82352941176471,15.141098769742936,18.178837928127635,50.0,32.41478951626116,78.71874429820309,48.62117368994083,Develop,0
17185,IL,Wabash County,11119.0,2509.0,0.2256497886500584,0.3280191311279394,0.2341937224570555,57086.0,13.3,8.2,9.4,14.9,108.0,43.04503786369071,39650,17.971544356861255,29.51243346271948,24.130125813730157,36.07594936708862,45.55555555555555,47.2,45.37815126050421,12.135569542448087,16.329732429985324,50.0,31.166741889684108,80.92651702265796,48.582663186224956,Develop,0
48407,TX,San Jacinto County,28441.0,6130.0,0.2155339123096937,0.1911908646003262,0.2341689814000914,65364.0,16.4,9.0,10.1,17.0,349.0,56.93311582381729,39650,16.57113109256428,11.100655886631113,24.126318916943294,55.69620253164557,54.44444444444445,52.800000000000004,63.025210084033624,16.050997295811108,22.791064347934682,50.0,33.22973064553676,76.8346321829235,48.49144618362212,Develop,0
48345,TX,Motley County,1183.0,350.0,0.2958579881656805,0.1685714285714285,0.2231614539306847,61154.0,14.7,9.1,9.2,15.4,18.0,51.42857142857143,39650,27.690968611956574,8.05695712737966,22.432594957802106,44.936708860759495,55.55555555555556,45.599999999999994,49.57983193277312,14.499116181905835,19.504979862000063,50.0,32.18501434856533,78.67399214135179,48.45615657604059,Develop,0
29227,MO,Worth County,1934.0,510.0,0.2637021716649431,0.3235294117647059,0.1892450879007239,47847.0,15.5,9.9,11.7,17.3,73.0,143.13725490196077,39650,23.239408466618865,28.908291377222618,17.213896943047747,50.000000000000014,64.44444444444444,65.6,65.54621848739497,40.35429394855055,9.118299041493646,50.0,38.1479415050316,67.5696486158491,48.44553899381773,Develop,0
29093,MO,Iron County,9446.0,2103.0,0.2226339191192038,0.2558250118877793,0.2213635401228033,48850.0,15.0,9.3,11.5,17.8,242.0,115.07370423204944,39650,17.554035922367518,19.79790517493195,22.155950661311095,46.83544303797469,57.77777777777779,64.0,69.74789915966389,32.44241402777577,9.90118330263199,50.0,35.62549688663553,71.68631729393373,48.2467840291899,Develop,0
12059,FL,Holmes County,19513.0,4139.0,0.2121150002562394,0.3179511959410485,0.1479526469533131,49343.0,14.5,9.0,10.9,17.1,321.0,77.55496496738343,39650,16.09782659298104,28.15767988719201,10.860245157173813,43.67088607594937,54.44444444444445,59.20000000000001,63.86554621848741,21.864858702278067,10.285990820818633,50.0,32.53824533664695,77.38853046750148,48.23584513244604,Develop,0
48307,TX,McCulloch County,7514.0,1778.0,0.2366249667287729,0.3880764904386952,0.2004258717061485,54043.0,15.5,8.6,8.9,16.0,159.0,89.42632170978628,39650,19.490916919584674,37.59382460724371,18.934279787047693,50.000000000000014,50.0,43.2,54.6218487394958,25.21171777037432,13.954541197040182,50.0,34.08084375234185,74.44719286718207,48.20906594253592,Develop,0
39155,OH,Trumbull County,200929.0,44931.0,0.2236163022759283,0.3247423827646836,0.1730312697520019,56435.0,15.5,8.9,10.2,15.7,3086.0,68.68309185195078,39650,17.690034263688613,29.07151022684042,14.719083067363744,50.000000000000014,53.33333333333334,53.599999999999994,52.10084033613446,19.363635831826695,15.821599175746979,50.0,32.63046908036775,77.10352053977122,48.19603709115897,Develop,0
29205,MO,Shelby County,5986.0,1332.0,0.2225192114934848,0.2582582582582582,0.1493484797861677,51594.0,14.9,9.6,11.8,17.6,122.0,91.5915915915916,39650,17.53815612360684,20.12532575912857,11.075021410835905,46.20253164556963,61.111111111111114,66.4,68.06722689075633,25.82216637334748,12.042992288238784,50.0,33.796429141681884,74.68491080818725,48.10739772495876,Develop,0
12063,FL,Jackson County,48250.0,10078.0,0.2088704663212435,0.2939075213335979,0.1546528497409326,49149.0,15.6,9.1,10.3,17.1,805.0,79.87695971422902,39650,15.648662506138708,24.922333856590313,11.891202747244437,50.63291139240506,55.55555555555556,54.400000000000006,63.86554621848741,22.519492316883692,10.13456554997034,50.0,32.47415757111692,77.07390956072288,48.084070767479005,Develop,0
29065,MO,Dent County,14539.0,3233.0,0.2223674255450856,0.320754716981132,0.2029713185225944,56312.0,14.6,9.2,11.2,17.3,335.0,103.61892978657596,39650,17.517143306889817,28.534925080234668,19.325946696053048,44.30379746835443,56.666666666666664,61.6,65.54621848739497,29.213000864839323,15.72559243185863,50.0,35.336382190209875,71.71517179478079,48.06895855180969,Develop,0
39115,OH,Morgan County,13651.0,3074.0,0.2251849681342026,0.2595966167859466,0.1817449271115669,59351.0,16.0,9.4,11.1,16.7,258.0,83.92973324658426,39650,17.907195921390127,20.305416906624668,16.059850127238057,53.16455696202532,58.8888888888889,60.8,60.50420168067227,23.662079650583696,18.097661494270817,50.0,34.07034629494749,74.05655774389773,48.065520302080074,Develop,0
36041,NY,Hamilton County,5089.0,1718.0,0.3375908822951464,0.2019790454016298,0.156415798781686,68835.0,13.4,9.3,9.4,15.2,72.0,41.90919674039581,39650,33.46835225426179,12.552326586004794,12.162467028652578,36.708860759493675,57.77777777777779,47.2,47.89915966386555,11.815344967792878,25.50032782790596,50.0,31.641010277310382,78.35146191934213,47.989668352021496,Develop,0
39081,OH,Jefferson County,64518.0,14513.0,0.2249449765956787,0.3126851788052091,0.1721535075482811,59055.0,15.1,8.7,10.1,16.1,919.0,63.322538413835865,39650,17.873972172645114,27.44907823142684,14.584022139375834,47.46835443037975,51.11111111111111,52.800000000000004,55.462184873949596,17.85234969379947,17.866620874832183,50.0,32.186824247294524,77.32122140596064,47.98386325282766,Develop,0
12007,FL,Bradford County,27885.0,5068.0,0.1817464586695356,0.3005130228887135,0.1406490944952483,63050.0,14.4,8.6,10.5,17.1,174.0,34.333070244672456,39650,11.893691723748248,25.81117816118984,9.736450388598449,43.03797468354431,50.0,56.00000000000001,63.86554621848741,9.67942839031467,20.9848886946205,50.0,30.082741823038404,80.88084777694078,47.86207890690423,Develop,0
48433,TX,Stonewall County,1227.0,343.0,0.2795436022819886,0.3294460641399417,0.1466992665036675,56875.0,15.8,9.4,9.6,16.4,34.0,99.12536443148689,39650,25.4324512456245,29.704443300304185,10.667387996164308,51.8987341772152,58.8888888888889,48.8,57.98319327731092,27.946142300725533,16.165037934371977,50.0,34.704338540026114,72.28011035428936,47.855858675018254,Develop,0
26101,MI,Manistee County,25350.0,7095.0,0.2798816568047337,0.2565186751233262,0.178422090729783,63516.0,13.7,9.1,10.2,15.7,444.0,62.579281183932345,39650,25.47925055611219,19.891245341622014,15.548566588970699,38.607594936708864,55.55555555555556,53.599999999999994,52.10084033613446,17.642805220172004,21.348621561709702,50.0,32.449611840905376,76.39187066039248,47.82940242772587,Develop,0
29059,MO,Dallas County,17551.0,3693.0,0.2104153609480941,0.2120227457351746,0.2173095550111105,53464.0,14.9,9.1,11.7,17.7,357.0,96.6693744922827,39650,15.86253334190109,13.903819090258601,21.532165553096792,46.20253164556963,55.55555555555556,65.6,68.90756302521008,27.25373178880666,13.502607012395018,50.0,33.98420433226695,73.45966541243783,47.80061571032675,Develop,0
29103,MO,Knox County,3756.0,808.0,0.215122470713525,0.3032178217821782,0.1248668796592119,57788.0,15.1,9.7,12.4,18.0,82.0,101.48514851485147,39650,16.51417228352279,26.175139182390616,7.308047146326177,47.46835443037975,62.22222222222222,71.2,71.42857142857144,28.611429759398888,16.87767335851884,50.0,34.74833818562187,71.70041162477496,47.681563889325446,Develop,0
12013,FL,Calhoun County,13492.0,2506.0,0.1857396975985769,0.2414205905826017,0.215609249925882,50517.0,15.2,9.2,11.1,17.8,248.0,98.96249002394254,39650,12.446504409034084,17.85962876528617,21.270540272696174,48.10126582278481,56.666666666666664,60.8,69.74789915966389,27.90022356543022,11.202347872240782,50.0,33.576261636502224,73.79417267734115,47.65253050079585,Develop,0
26003,MI,Alger County,8762.0,2380.0,0.2716274823099749,0.2323529411764706,0.1810089020771513,61286.0,13.2,8.7,9.6,15.2,98.0,41.1764705882353,39650,24.336566021490324,16.639474858198973,15.946598242218272,35.44303797468354,51.11111111111111,48.8,47.89915966386555,11.60876949204879,19.60801148958756,50.0,30.094713257512097,80.23277333249689,47.643034283756776,Develop,0
39007,OH,Ashtabula County,97167.0,19694.0,0.2026819805077855,0.2931857418503097,0.1661572344520259,57728.0,16.2,9.2,11.0,16.9,1740.0,88.35178226871128,39650,14.791946060871464,24.825210333486964,13.661377936405833,54.43037974683544,56.666666666666664,60.0,62.184873949579824,24.908775810965132,16.830840800524523,50.0,33.48223568883027,73.75092106381183,47.57627557007382,Develop,0
48353,TX,Nolan County,14454.0,2823.0,0.1953092569530925,0.3216436415161176,0.1942714819427148,50747.0,16.5,8.5,9.4,17.3,269.0,95.2886999645767,39650,13.771287097417334,28.65453984431398,17.987306234159274,56.329113924050645,48.88888888888889,47.2,65.54621848739497,26.86448200351152,11.381872677885665,50.0,33.134886127866736,74.30997309470297,47.546166566259416,Develop,0
48391,TX,Refugio County,6707.0,1511.0,0.2252870135679141,0.2918596955658504,0.2002385567317727,60181.0,17.6,8.6,8.4,16.9,129.0,85.37392455327597,39650,17.921322802158755,24.64677593637987,18.905457704987214,63.29113924050635,50.0,39.2,62.184873949579824,24.069236547284667,18.745511879858878,50.0,33.42603995100273,73.63826633503577,47.50031918541429,Develop,0
29171,MO,Putnam County,4642.0,1162.0,0.2503231365790607,0.302065404475043,0.1441189142610943,63510.0,13.6,8.7,9.9,15.9,56.0,48.19277108433735,39650,21.387252749471298,26.020068511159632,10.270350202852722,37.9746835443038,51.11111111111111,51.2,53.781512605042025,13.586855859884986,21.343938305910267,50.0,30.71062423065801,78.62404778529017,47.480322474779264,Develop,0
26105,MI,Mason County,29207.0,7689.0,0.2632588078200431,0.289634542853427,0.1689663436847331,64748.0,13.8,8.9,10.1,15.7,490.0,63.72740278319677,39650,23.178030431892385,24.347356687319216,14.093614478581578,39.240506329113934,53.33333333333334,52.800000000000004,52.10084033613446,17.966491995757654,22.31025008585969,50.0,32.01280200664547,75.92535437657538,47.382195336120944,Develop,0
12093,FL,Okeechobee County,40816.0,8169.0,0.200142101136809,0.2841229036601787,0.1898520188161505,57984.0,15.6,9.4,10.5,18.2,845.0,103.43983351695434,39650,14.440332355725923,23.60570382946284,17.30728516632119,50.63291139240506,58.8888888888889,56.00000000000001,73.109243697479,29.162508744431186,17.030659714633614,50.0,34.475500094492446,71.35142227617277,47.38207285808056,Develop,0
29087,MO,Holt County,4240.0,1089.0,0.2568396226415094,0.3149678604224059,0.1865566037735849,61187.0,14.1,9.1,10.3,16.1,98.0,89.99081726354453,39650,22.289376620049424,27.75623863972136,16.800220938825927,41.139240506329116,55.55555555555556,54.400000000000006,55.462184873949596,25.37086445461535,19.530737768896937,50.0,33.751522232319175,72.68680321929249,47.37887057775983,Develop,0
39019,OH,Carroll County,26659.0,5954.0,0.2233392100228815,0.2655357742693987,0.1858284256723808,64835.0,14.9,9.1,10.5,16.4,414.0,69.53308700033591,39650,17.651674397123983,21.1045971443763,16.688176458359344,46.20253164556963,55.55555555555556,56.00000000000001,57.98319327731092,19.60327263425293,22.37815729495145,50.0,32.490371510452924,75.00475286267546,47.37040498373081,Develop,0
17181,IL,Union County,16997.0,3899.0,0.2293934223686533,0.3990766863298282,0.2065070306524681,55728.0,14.1,8.7,10.1,15.7,404.0,103.61631187483972,39650,18.489802403894743,39.07402431437125,19.86998534266439,41.139240506329116,51.11111111111111,52.800000000000004,52.10084033613446,29.21226280415898,15.269755534047269,50.0,34.17267051201972,71.85232879749839,47.36055091193725,Develop,0
26133,MI,Osceola County,23227.0,5119.0,0.2203900632884143,0.2418441101777691,0.1884444827140827,58267.0,13.7,9.1,10.9,16.8,372.0,72.67044344598554,39650,17.243402877549727,17.916618075925165,17.090708135189157,38.607594936708864,55.55555555555556,59.20000000000001,61.34453781512607,20.487778937771477,17.251553279840145,50.0,31.88725388855309,76.05625560027364,47.346404487655285,Develop,0
12115,FL,Sarasota County,459547.0,172362.0,0.37506936178454,0.2383878116986342,0.1494428208648952,83416.0,13.0,9.4,8.4,14.3,5730.0,33.243986493542664,39650,38.656766785704804,17.45153435858112,11.089537635829764,34.17721518987342,58.8888888888889,39.2,40.336134453781526,9.372385993436344,36.881419963158386,50.0,31.76005323063371,76.2807617146625,47.342301200043785,Develop,0
29033,MO,Carroll County,8411.0,1879.0,0.223397931280466,0.2506652474720596,0.1481393413387231,62154.0,13.9,8.6,10.3,16.4,78.0,41.51144225651942,39650,17.65980360167835,19.1036010141168,10.888971749452136,39.873417721519,50.0,54.400000000000006,57.98319327731092,11.703207136361813,20.285522495238688,50.0,29.68394650231053,79.9775793264294,47.28671799075214,Develop,0
12045,FL,Gulf County,15131.0,3592.0,0.2373934307051748,0.2338530066815144,0.1671403079770008,61179.0,14.1,8.3,9.1,15.6,107.0,29.78841870824053,39650,19.597300895572346,16.841325492788833,13.812643076327136,41.139240506329116,46.66666666666668,44.8,51.26050420168068,8.398167239117383,19.52449342783103,50.0,28.574693800544487,82.02365999013614,47.281831966901564,Develop,0
26151,MI,Sanilac County,40462.0,9406.0,0.2324650289160199,0.2952370827131618,0.1625970045969057,58863.0,13.8,8.9,10.7,16.2,676.0,71.86901977461196,39650,18.91502691306253,25.101241249160015,13.113566756971926,39.240506329113934,53.33333333333334,57.599999999999994,56.30252100840336,20.261835758729184,17.716756689250367,50.0,31.764292334119084,76.04096332592385,47.26112718125076,Develop,0
48047,TX,Brooks County,6943.0,1497.0,0.2156128474722742,0.218436873747495,0.2137404580152671,47764.0,19.8,8.1,7.1,18.4,157.0,104.87641950567804,39650,16.582058652864326,14.766911938720348,20.9829899901777,77.21518987341773,44.44444444444444,28.799999999999997,74.78991596638656,29.567521494682914,9.05351400293484,50.0,33.082104480484546,73.52180897704395,47.23600105428034,Develop,0
12053,FL,Hernando County,207018.0,54596.0,0.263725859587089,0.2379478350062275,0.1922876271628554,66058.0,14.9,8.9,9.1,16.1,3480.0,63.740933401714415,39650,23.24268775545758,17.392330560967995,17.68205127282092,46.20253164556963,53.33333333333334,44.8,55.462184873949596,17.970306645950156,23.33276093540229,50.0,31.935736762859037,75.61650306410672,47.22400496829572,Develop,0
29143,MO,New Madrid County,15731.0,3125.0,0.1986523425084228,0.31648,0.1980802237619986,51881.0,16.1,9.1,11.9,18.2,438.0,140.16,39650,14.234094391401653,27.95971397616468,18.57335585260748,53.7974683544304,55.55555555555556,67.2,73.109243697479,39.5149246344207,12.267008023978269,50.0,36.43337862554311,67.08668904387514,47.16203727195932,Develop,0
48197,TX,Hardeman County,3501.0,759.0,0.2167952013710368,0.2397891963109354,0.2662096543844616,63333.0,15.2,8.6,9.1,16.1,58.0,76.4163372859025,39650,16.74574037723589,17.640106372500735,29.05640477423169,48.10126582278481,50.0,44.8,55.462184873949596,21.543848520911173,21.205782259827032,50.0,32.480077074703864,74.28914863555075,47.11325212100027,Develop,0
24019,MD,Dorchester County,32754.0,7538.0,0.2301398302497405,0.2784558238259485,0.1655065030225316,61839.0,16.6,8.7,9.9,16.3,592.0,78.53542053595118,39650,18.593132996527576,22.843134690338907,13.56125014511356,56.96202531645571,51.11111111111111,51.2,57.14285714285715,22.14127585338646,20.03965156576852,50.0,32.42860283874784,74.3104028109069,47.08723282900351,Develop,0
39029,OH,Columbiana County,100704.0,22107.0,0.2195245471877979,0.3113041118197855,0.1783742453129965,58180.0,15.2,8.8,10.3,16.4,1945.0,87.98118243090424,39650,17.12358328041514,27.263240182033982,15.541204633347913,48.10126582278481,52.222222222222236,54.400000000000006,57.98319327731092,24.80429361447203,17.183646070748384,50.0,32.749290906310264,73.70254469081587,47.08292973088723,Develop,0
48193,TX,Hamilton County,8406.0,2095.0,0.2492267428027599,0.3174224343675417,0.2029502736140851,58219.0,14.6,8.9,9.4,15.7,193.0,92.12410501193315,39650,21.235471100945432,28.086529088243424,19.322708524187547,44.30379746835443,53.33333333333334,47.2,52.10084033613446,25.97229642237441,17.21408723344469,50.0,33.08018595709261,73.05101079766067,47.06997465129143,Develop,0
29017,MO,Bollinger County,10559.0,2232.0,0.2113836537550904,0.2069892473118279,0.1917795245761909,63814.0,14.1,8.9,11.2,17.3,149.0,66.75627240143369,39650,15.996581055120968,13.226505434592667,17.603869725954276,41.139240506329116,53.33333333333334,61.6,65.54621848739497,18.820412905376077,21.581223266414813,50.0,31.665774256865742,75.67440592211872,47.06879533970428,Develop,0
29041,MO,Chariton County,7390.0,1840.0,0.2489851150202977,0.2364130434782608,0.1423545331529093,71520.0,14.0,9.1,10.4,16.3,81.0,44.02173913043479,39650,21.202020835224758,17.18580715059588,9.99886556978734,40.50632911392405,55.55555555555556,55.2,57.14285714285715,12.410928253533529,27.596084798151676,50.0,30.718623576586715,77.39516402111106,47.05541273217023,Develop,0
29061,MO,Daviess County,8477.0,1838.0,0.2168219889111714,0.2051142546245919,0.1552436003303055,63984.0,14.2,9.1,11.2,17.0,102.0,55.49510337323178,39650,16.74944876840836,12.974204143417465,11.982101310057795,41.77215189873418,55.55555555555556,61.6,63.025210084033624,15.645582387076482,21.71391551406538,50.0,30.725204829458608,77.38075503288832,47.05464740065901,Develop,0
17067,IL,Hancock County,17281.0,4256.0,0.2462820438632023,0.3174342105263157,0.2226722990567675,65865.0,13.2,8.2,9.0,14.5,226.0,53.1015037593985,39650,20.82781532149875,28.08811370245765,22.357328888106903,35.44303797468354,45.55555555555555,44.0,42.01680672268908,14.970761408583327,23.182116207187235,50.0,30.59317668865753,77.311446363123,46.94457107472044,Develop,0
26127,MI,Oceana County,26915.0,6047.0,0.2246702582203232,0.2389614684967752,0.1781534460338101,62417.0,13.7,8.7,10.0,16.3,317.0,52.4226889366628,39650,17.835940938983345,17.528726313433893,15.507230334364012,38.607594936708864,51.11111111111111,52.0,57.14285714285715,14.779385006178014,20.49080520778045,50.0,30.075896567701434,78.22409668426795,46.92776660849971,Develop,0
39053,OH,Gallia County,29068.0,5790.0,0.1991881106371267,0.2974093264248704,0.1989816980872437,56830.0,15.3,9.2,11.0,17.3,642.0,110.88082901554404,39650,14.308264613415005,25.393540998882884,18.712065355487383,48.73417721518988,56.666666666666664,60.0,65.54621848739497,31.260328210269055,16.129913515876236,50.0,34.22321661120881,70.46784542958915,46.90883669764193,Develop,0
48145,TX,Falls County,17291.0,3341.0,0.1932219073506448,0.3331337922777611,0.1501359088543172,57247.0,16.1,8.1,9.1,16.4,210.0,62.85543250523795,39650,13.482320331500205,30.200668473345534,11.196182814480437,53.7974683544304,44.44444444444444,44.8,57.98319327731092,17.720659805282494,16.455399793936746,50.0,30.242427524391548,77.81701716891361,46.89353389997427,Develop,0
12085,FL,Martin County,162176.0,52205.0,0.321903364246251,0.2507805765731252,0.1387504932912391,82943.0,13.6,9.4,8.5,14.7,1510.0,28.92443252562015,39650,31.2966166951872,19.119119837900488,9.444313361730053,37.9746835443038,58.8888888888889,40.0,43.69747899159664,8.154585982757327,36.51222329763652,50.0,30.63698996430682,77.06131072019252,46.88550222886681,Develop,0
17047,IL,Edwards County,6075.0,1370.0,0.225514403292181,0.2467153284671532,0.2018106995884773,60519.0,14.1,8.7,10.3,16.0,97.0,70.8029197080292,39650,17.95280199143646,18.572095119848786,19.147362713263952,41.139240506329116,51.11111111111111,54.400000000000006,54.6218487394958,19.961273089039054,19.009335289893535,50.0,31.23070734418283,75.81849921406047,46.83643449864,Develop,0
29115,MO,Linn County,11852.0,2580.0,0.2176847789402632,0.3085271317829457,0.1468106648666891,61635.0,13.5,8.5,10.4,16.3,149.0,57.75193798449613,39650,16.868890975923495,26.889566378593564,10.684528818840716,37.34177215189874,48.88888888888889,55.2,57.14285714285715,16.28184558325558,19.88042086858784,50.0,30.24491528290253,77.58085866863308,46.81249546790822,Develop,0
29173,MO,Ralls County,10428.0,2415.0,0.2315880322209436,0.2165631469979296,0.1835443037974683,65388.0,14.1,8.8,10.5,16.5,148.0,61.28364389233954,39650,18.793617974953154,14.514780993654238,16.336719516199533,41.139240506329116,52.222222222222236,56.00000000000001,58.82352941176471,17.277529749775066,22.80979737113241,50.0,30.96146476005794,76.154419426284,46.77899889323706,Develop,0
48461,TX,Upton County,3191.0,611.0,0.1914760263240363,0.2880523731587561,0.1078031964901284,49167.0,16.6,7.7,8.0,17.0,27.0,44.189852700491,39650,13.240625507909783,24.134458013345082,4.6824648713787695,56.96202531645571,40.00000000000001,36.0,63.025210084033624,12.458324051555751,10.148615317368636,50.0,27.4655415933039,82.60333717643375,46.76377004739935,Develop,0
12067,FL,Lafayette County,8161.0,1748.0,0.2141894375689254,0.312929061784897,0.1802475186864355,62757.0,14.6,8.8,10.6,17.4,165.0,94.39359267734554,39650,16.385005818081506,27.481895421109652,15.829444476803497,44.30379746835443,52.222222222222236,56.8,66.38655462184873,26.612126859428614,20.75618970308158,50.0,33.35568209429007,71.63647331638978,46.75395902202497,Develop,0
29139,MO,Montgomery County,11426.0,2339.0,0.2047085594258708,0.2342881573321932,0.17775249431122,65500.0,13.9,8.5,10.6,16.6,115.0,49.16631038905516,39650,15.072499905396707,16.89987989237096,15.44553604916716,39.873417721519,48.88888888888889,56.8,59.66386554621851,13.861323127683006,22.89721814605514,50.0,29.914831385700897,78.00710683595781,46.747127793290815,Develop,0
48411,TX,San Saba County,5696.0,1283.0,0.2252457865168539,0.2774746687451286,0.1402738764044943,55819.0,14.2,8.2,8.6,15.4,47.0,36.632891660171474,39650,17.91561544599801,22.7111092720964,9.67871572729694,41.77215189873418,45.55555555555555,40.8,49.57983193277312,10.327810738388802,15.340784913671984,50.0,27.592067336479634,82.21746861978457,46.71095778563636,Develop,0
36025,NY,Delaware County,44487.0,11747.0,0.2640546676557196,0.2894356005788712,0.1739159754535032,63337.0,12.5,8.5,9.0,15.2,585.0,49.799948923129314,39650,23.288207013031027,24.320586773451577,14.855212388647404,31.012658227848107,48.88888888888889,44.0,47.89915966386555,14.039963102849995,21.208904430359986,50.0,29.62125292506523,78.41534896432451,46.699186538805975,Develop,0
39013,OH,Belmont County,65473.0,14378.0,0.2196019733325187,0.3191681735985534,0.158233164816031,57017.0,14.5,8.6,9.8,16.2,1101.0,76.57532341076644,39650,17.134301936557442,28.321437877508487,12.442104431643813,43.67088607594937,50.0,50.4,56.30252100840336,21.58867104332782,16.27587498829186,50.0,31.057552760529667,75.74346842968214,46.69762324473303,Develop,0
48379,TX,Rains County,12775.0,3150.0,0.2465753424657534,0.1857142857142857,0.1870058708414873,65413.0,14.1,8.3,8.8,15.0,79.0,25.07936507936508,39650,20.868418749179394,10.363720786256,16.869349487364573,41.139240506329116,46.66666666666668,42.400000000000006,46.21848739495799,7.070556656608401,22.829310936963378,50.0,27.787972159501546,81.76240055777637,46.67902209889773,Develop,0
48067,TX,Cass County,28568.0,6432.0,0.225147017642117,0.2489116915422885,0.192733127975357,53813.0,15.7,8.7,9.9,16.3,593.0,92.1952736318408,39650,17.901942162771984,18.86764040038162,17.750600309109764,51.26582278481013,51.11111111111111,51.2,57.14285714285715,25.992360796318376,13.775016391395297,50.0,31.927730766450033,74.0716966446063,46.67811882380472,Develop,0
17165,IL,Saline County,23213.0,4996.0,0.215224227803386,0.3759007205764612,0.2346529961659414,53117.0,13.5,8.2,9.7,15.4,505.0,101.0808646917534,39650,16.528259246785574,35.95543824008286,24.200794080214674,37.34177215189874,45.55555555555555,49.599999999999994,49.57983193277312,28.49745112925736,13.231758718661213,50.0,32.573255327774504,72.85687426331009,46.67252195521196,Develop,0
29055,MO,Crawford County,22797.0,4857.0,0.2130543492564811,0.2445954292773317,0.1980085098916524,57629.0,14.1,8.7,11.0,17.0,428.0,88.12023883055383,39650,16.227867407585855,18.28683891250769,18.56232126734338,41.139240506329116,51.11111111111111,60.0,63.025210084033624,24.843497404084523,16.7535670798339,50.0,32.04001311238868,73.81000630380333,46.65951072938381,Develop,0
12047,FL,Hamilton County,13616.0,2681.0,0.1969007050528789,0.2126072361059306,0.1555522914218566,50144.0,17.6,9.9,12.1,18.7,374.0,139.50018649757553,39650,13.99160266409623,13.982468823788283,12.029599487935313,63.29113924050635,64.44444444444444,68.8,77.31092436974791,39.328905222169865,10.911205470042775,50.0,35.38584169264924,67.59574048679374,46.659306270599814,Develop,0
06043,CA,Mariposa County,17082.0,5073.0,0.2969792764313312,0.2320126158091859,0.1766772040744643,68412.0,13.5,9.1,8.4,15.6,292.0,57.55962941060516,39650,27.846196583066906,16.593680263814615,15.280081559765653,37.34177215189874,55.55555555555556,39.2,51.26050420168068,16.227628554118496,25.17015829404602,50.0,30.84240068820555,76.02375680702103,46.65587532979097,Develop,0
29217,MO,Vernon County,19687.0,4048.0,0.2056179204551226,0.3110177865612648,0.1893635393914766,52230.0,14.3,9.0,11.3,17.4,481.0,118.82411067193677,39650,15.198389270247628,27.224711907810494,17.23212302773765,42.40506329113925,54.44444444444445,62.40000000000001,66.38655462184873,33.49975583585649,12.53941740297855,50.0,33.89333494502426,70.31330906938537,46.64032588855065,Develop,0
29131,MO,Miller County,25269.0,5072.0,0.200720250108829,0.3069794952681388,0.1785982824805097,56736.0,13.2,8.2,9.9,16.0,299.0,58.95110410094637,39650,14.520369661631472,26.681314531205675,15.575677144945988,35.44303797468354,45.55555555555555,51.2,54.6218487394958,16.619923199663134,16.056542508351807,50.0,29.42946925105141,78.54207948767974,46.618882833871325,Develop,0
48297,TX,Live Oak County,11620.0,2376.0,0.2044750430292599,0.231060606060606,0.164802065404475,57150.0,16.2,8.5,8.7,16.8,142.0,59.764309764309765,39650,15.040172556955342,16.46557667684428,13.452858603530874,54.43037974683544,48.88888888888889,41.599999999999994,61.34453781512607,16.849188043413765,16.3796871585126,50.0,29.546832006556695,78.31904042856866,46.61710495426088,Develop,0
39087,OH,Lawrence County,56819.0,10854.0,0.1910276492018515,0.3469688594066703,0.2287263063411886,58325.0,15.1,8.6,10.6,16.3,1201.0,110.65045144647134,39650,13.178553449277617,32.062331894158675,23.28885662809554,47.46835443037975,50.0,56.8,57.14285714285715,31.195378493663966,17.296824752567986,50.0,33.902880629386004,70.15349440271441,46.59059545005095,Develop,0
29197,MO,Schuyler County,4038.0,775.0,0.1919266963843487,0.327741935483871,0.1936602278355621,61205.0,12.2,7.6,8.9,15.3,22.0,28.38709677419355,39650,13.303014994400902,29.475133680494885,17.89325280306084,29.11392405063291,38.88888888888889,43.2,48.73949579831934,8.003096387145156,19.54478753629523,50.0,27.31990523507074,82.23486072618161,46.54013965695954,Develop,0
48241,TX,Jasper County,32727.0,6914.0,0.2112628716350414,0.2708996239514029,0.1389067131114981,56723.0,16.3,9.0,10.7,17.1,655.0,94.7353196413075,39650,15.979860320573074,21.82636326626678,9.468350844552676,55.06329113924052,54.44444444444445,57.599999999999994,63.86554621848741,26.70846900573645,16.046395454119704,50.0,32.25991791921106,72.99642341060905,46.51769484120035,Develop,0
17025,IL,Clay County,13052.0,2727.0,0.2089334967821023,0.381004767143381,0.1777505363162733,60417.0,13.9,8.5,10.3,15.9,241.0,88.37550421708836,39650,15.657388264587254,36.64224493955354,15.445234773248265,39.873417721519,48.88888888888889,54.400000000000006,53.781512605042025,24.915463674851424,18.929719941303194,50.0,32.19411268327449,73.11757899644076,46.51732589288268,Develop,0
48321,TX,Matagorda County,36329.0,6607.0,0.1818657271050675,0.2830331466626305,0.1732224944259407,58628.0,16.4,7.9,8.3,16.1,326.0,49.34160738610564,39650,11.910202908099556,23.459064805524065,14.748506733371327,55.69620253164557,42.22222222222223,38.400000000000006,55.462184873949596,13.910744129588615,17.53332917043929,50.0,28.624172757309505,79.58909197759448,46.46189448440924,Develop,0
17191,IL,Wayne County,15973.0,3510.0,0.2197458210730608,0.333048433048433,0.169473486508483,55521.0,13.6,8.5,10.0,15.7,280.0,79.77207977207978,39650,17.154215810266084,30.18918243186932,14.171648347102831,37.9746835443038,48.88888888888889,52.0,52.10084033613446,22.489923802259764,15.108183208966874,50.0,30.747702263700198,75.59808694606707,46.4453369025286,Develop,0
26083,MI,Keweenaw County,2133.0,779.0,0.3652133145804032,0.2156611039794608,0.180028129395218,52583.0,13.4,9.5,9.0,14.0,82.0,105.26315789473684,39650,37.292323530983026,14.393400990519002,15.795687132118527,36.708860759493675,60.00000000000001,44.0,37.815126050420176,29.676553588696148,12.814948952511788,50.0,32.4936271387387,72.33341084046359,46.43755143434241,Develop,0
26095,MI,Luce County,6271.0,1418.0,0.2261202360070164,0.2320169252468265,0.2014032849625259,54893.0,14.1,8.9,10.1,15.8,118.0,83.21579689703808,39650,18.036671756274842,16.594260146972754,19.084673983647214,41.139240506329116,53.33333333333334,52.800000000000004,52.941176470588246,23.46080153238955,14.618002435293015,50.0,30.83661678886914,75.21115842659785,46.36770636207419,Develop,0
39033,OH,Crawford County,41711.0,8862.0,0.212461940495313,0.3228390882419318,0.1583515139891156,58044.0,14.6,8.8,10.3,15.8,741.0,83.61543669600542,39650,16.145856016865785,28.81540060633579,12.460314772754023,44.30379746835443,52.222222222222236,54.400000000000006,52.941176470588246,23.573470885536736,17.077492272627932,50.0,31.237556665834116,74.41134333116642,46.34838199870042,Develop,0
48087,TX,Collingsworth County,2588.0,628.0,0.2426584234930448,0.2308917197452229,0.1441267387944358,61280.0,15.5,8.2,9.3,16.5,38.0,60.50955414012739,39650,20.326171582449014,16.44285112931386,10.271554160746668,50.000000000000014,45.55555555555555,46.400000000000006,58.82352941176471,17.059292747642214,19.60332823378813,50.0,29.680189893890695,77.23639051866034,46.324860112560074,Develop,0
48213,TX,Henderson County,84862.0,19136.0,0.2254955103579929,0.2509928929765886,0.1869977139355659,65179.0,14.5,8.3,9.2,15.8,1039.0,54.29556856187291,39650,17.95018650714738,19.147689390782567,16.86809438743138,43.67088607594937,46.66666666666668,45.599999999999994,52.941176470588246,15.307400825523901,22.64666396078554,50.0,29.621191834210936,77.28693035772619,46.30420031744127,Develop,0
39079,OH,Jackson County,32650.0,5857.0,0.1793874425727412,0.2967389448523134,0.2291271056661562,57106.0,14.9,8.4,10.5,16.9,597.0,101.92931534915486,39650,11.567116217930842,25.303333641015524,23.350527463929655,46.20253164556963,47.777777777777786,56.00000000000001,62.184873949579824,28.736652497573882,16.3453432826501,50.0,32.5739029307137,71.79123814153934,46.29997025450267,Develop,0
39067,OH,Harrison County,14306.0,3264.0,0.2281560184537956,0.3360906862745098,0.1692995945757025,54414.0,15.6,9.1,10.6,16.2,402.0,123.16176470588236,39650,18.318499711240705,30.598551717545085,14.144891663218074,50.63291139240506,55.55555555555556,56.8,56.30252100840336,34.72265874853879,14.244122513971714,50.0,33.927484813721954,69.12930093411215,46.248120455858526,Develop,0
39163,OH,Vinton County,12630.0,2477.0,0.1961203483768804,0.2321356479612434,0.2208234362628661,55336.0,15.4,8.9,11.4,17.1,287.0,115.86596689543804,39650,13.88357229646605,16.610235619486925,22.072845091005437,49.367088607594944,53.33333333333334,63.2,63.86554621848741,32.66577446894633,14.963782821817729,50.0,33.353594251182216,70.0446891955342,46.19547748170541,Develop,0
12035,FL,Flagler County,126528.0,39628.0,0.3131954982296409,0.1971838094276774,0.1631891755184623,77363.0,13.7,9.0,8.6,14.8,1641.0,41.41011406076511,39650,30.09112439149797,11.907073814645221,13.204683865744506,38.607594936708864,54.44444444444445,40.8,44.53781512605043,11.674639955864,32.156795404164974,50.0,29.788764393940557,76.43190940302532,46.11386514712022,Develop,0
29199,MO,Scotland County,4686.0,907.0,0.1935552710200597,0.2381477398015435,0.0977379428083653,68913.0,12.8,8.4,10.4,16.5,9.0,9.92282249173098,39650,13.52847025354112,17.41922999279708,3.1337282124862837,32.9113924050633,47.777777777777786,55.2,58.82352941176471,2.7975141475562517,25.561210153298575,50.0,26.09301766426268,83.2930041728545,46.11301294226982,Develop,0
12023,FL,Columbia County,71789.0,14552.0,0.2027051498140383,0.2352941176470588,0.2002256613130145,59205.0,15.1,8.9,10.1,16.7,1298.0,89.19736118746565,39650,14.795153553995075,17.03524313300618,18.90347349193168,47.46835443037975,53.33333333333334,52.800000000000004,60.50420168067227,25.14716755787605,17.98370226981798,50.0,31.44535850127457,73.27394716222278,46.08536453260644,Develop,0
48373,TX,Polk County,52800.0,10101.0,0.1913068181818182,0.2508662508662508,0.2102083333333333,62259.0,15.4,8.1,9.8,16.6,760.0,75.24007524007524,39650,13.21720081203408,19.13064827474361,20.439503342781887,49.367088607594944,44.44444444444444,50.4,59.66386554621851,21.212228186356423,20.367479471728746,50.0,30.64933797260223,74.72303065598535,46.07513041178632,Develop,0
17015,IL,Carroll County,15576.0,3768.0,0.2419106317411402,0.3187367303609342,0.145351823317925,60758.0,13.3,8.2,9.0,14.6,184.0,48.83227176220807,39650,20.222649410660452,28.26338235192636,10.460057438632974,36.07594936708862,45.55555555555555,44.0,42.85714285714286,13.767148533184947,19.195884979237565,50.0,28.236045971159363,79.16930281297701,46.06268586579554,Develop,0
17055,IL,Franklin County,37323.0,7835.0,0.2099241754414168,0.3457562220804084,0.2105672105672105,56740.0,13.9,8.4,10.2,16.0,826.0,105.42437779195916,39650,15.794535011787406,31.899157944080958,20.494723642808164,39.873417721519,47.777777777777786,53.599999999999994,54.6218487394958,29.722005872431232,16.05966467888476,50.0,32.41975659699989,71.33499736649739,46.040090866324014,Develop,0
17095,IL,Knox County,49046.0,10907.0,0.2223830689556742,0.3873659117997616,0.1431105492802675,57030.0,13.5,8.2,9.4,15.2,809.0,74.17254973869991,39650,17.519308936337033,37.4982082833482,10.115193476482332,37.34177215189874,45.55555555555555,47.2,47.89915966386555,20.91126364774221,16.28602204252396,50.0,29.827245909014938,76.1129983809846,46.027259274204326,Develop,0
24023,MD,Garrett County,28615.0,6925.0,0.2420059409400664,0.292129963898917,0.195771448540975,67688.0,14.1,8.3,9.3,15.0,454.0,65.55956678700362,39650,20.235843746167816,24.68314357123022,18.218105509695555,41.139240506329116,46.66666666666668,46.400000000000006,46.21848739495799,18.483028971559065,24.605045427581253,50.0,30.447493030960977,74.95282043736815,46.024357623203485,Develop,0
48507,TX,Zavala County,9412.0,1477.0,0.1569273268168295,0.1773865944482058,0.1882702932426689,36749.0,22.6,9.0,8.4,20.9,253.0,171.29316181448883,39650,8.457801417717475,9.243136544384791,17.063905669150923,94.93670886075951,54.44444444444445,39.2,95.7983193277311,48.29221161166635,0.45583689781135844,50.0,35.35164923321078,65.80253254424011,46.00945839207104,Develop,0
39073,OH,Hocking County,27799.0,5617.0,0.2020576279722292,0.2745237671354816,0.1744667074355192,62960.0,15.7,9.2,10.9,16.7,568.0,101.12159515755742,39650,14.705512464515447,22.31403237077662,14.939953303952707,51.26582278481013,56.666666666666664,59.20000000000001,60.50420168067227,28.508934157843058,20.914639857629027,50.0,32.775142745750806,70.54569425589762,45.99483577430219,Develop,0
29013,MO,Bates County,16186.0,3131.0,0.1934387742493513,0.2810603641009262,0.1765723464722599,60733.0,13.8,8.5,10.7,16.8,247.0,78.88853401469179,39650,13.512342770616398,23.193604790178806,15.263947161405502,39.240506329113934,48.88888888888889,57.599999999999994,61.34453781512607,22.24082816859646,19.1763714134066,50.0,30.61730914677491,74.51463308324998,45.981372524541186,Develop,0
24001,MD,Allegany County,67452.0,14262.0,0.211439245685821,0.3372598513532464,0.1965249362509636,59603.0,13.3,7.9,9.7,15.5,1071.0,75.09465713083718,39650,16.004277044530443,30.755875989245073,18.33404436979589,36.07594936708862,42.22222222222223,49.599999999999994,50.4201680672269,21.171230857396502,18.29435823784695,50.0,30.113093499132326,75.36751555707784,45.95214121941325,Develop,0
26113,MI,Missaukee County,15207.0,3341.0,0.2197014532780956,0.2642921281053577,0.1822844742552771,66194.0,13.3,8.6,10.3,16.0,221.0,66.147859922179,39650,17.14807365841623,20.937250607459834,16.14287003583497,36.07594936708862,50.0,54.400000000000006,54.6218487394958,18.648884842702056,23.438914733522743,50.0,30.165959823548473,75.21143891645704,45.93187750606647,Develop,0
48343,TX,Morris County,12076.0,2643.0,0.2188638622060285,0.2709042754445706,0.2165452136469029,58645.0,15.9,8.4,9.4,16.1,267.0,101.02156640181612,39650,17.032119923127965,21.82698917683171,21.414556645454358,52.53164556962027,47.777777777777786,47.2,55.462184873949596,28.480733324906467,17.546598395204345,50.0,32.11215050853239,71.57161715274015,45.9229638340051,Develop,0
29119,MO,McDonald County,23701.0,3687.0,0.1555630564111219,0.2354217521019799,0.1519767098434665,52375.0,15.8,9.0,11.9,18.7,403.0,109.30295633306211,39650,8.268935687457681,17.052417780136413,11.479426144828539,51.8987341772152,54.44444444444445,67.2,77.31092436974791,30.815482889699812,12.652596084798152,50.0,32.00639211699135,71.75570558522567,45.91865183087336,Develop,0
17065,IL,Hamilton County,7916.0,1816.0,0.2294087923193532,0.3529735682819383,0.1906265790803436,65746.0,13.9,8.7,10.1,15.7,177.0,97.4669603524229,39650,18.491930176329628,32.87033280673536,17.426466452119364,39.873417721519,51.11111111111111,52.800000000000004,52.10084033613446,27.478592984247012,23.08923163383184,50.0,32.62736267239304,70.46000436851459,45.86878726603558,Develop,0
29213,MO,Taney County,56529.0,12868.0,0.2276353729943922,0.2398974199564812,0.1626598736931486,56497.0,13.3,8.3,9.5,15.9,773.0,60.07149518184645,39650,18.2464230287258,17.654669077567682,13.123240400293925,36.07594936708862,46.66666666666668,48.0,53.781512605042025,16.935791986213104,15.869992819007775,50.0,28.286867062755125,78.42431656188046,45.834974387448995,Develop,0
48207,TX,Haskell County,5421.0,1230.0,0.2268954067515218,0.2788617886178862,0.1855746172292935,60653.0,14.9,8.2,9.0,16.1,98.0,79.67479674796749,39650,18.143984198239828,22.897761805353703,16.649123052198505,46.20253164556963,45.55555555555555,44.0,55.462184873949596,22.462497065915546,19.11392800274751,50.0,30.42251213831019,74.41144821292221,45.8186397644244,Develop,0
29105,MO,Laclede County,36390.0,6652.0,0.1827974718329211,0.2739025856885147,0.1932948612256114,53282.0,14.0,8.6,11.1,17.2,691.0,103.87853277209862,39650,12.039191008776355,22.230445441509787,17.83703398526878,40.50632911392405,50.0,60.8,64.70588235294117,29.286190022999985,13.360548253145588,50.0,31.512992512160835,72.38443101140632,45.817995986896754,Develop,0
29163,MO,Pike County,17711.0,3377.0,0.1906724634407995,0.2626591649392952,0.1543108802439162,54989.0,13.5,8.3,10.3,16.5,221.0,65.44270062185372,39650,13.129382538688104,20.7175171023407,11.838584034095465,37.34177215189874,46.66666666666668,54.400000000000006,58.82352941176471,18.45008121393769,14.692934528083923,50.0,28.48088682987524,77.9445749739091,45.79317768028709,Develop,0
48161,TX,Freestone County,20049.0,4037.0,0.2013566761434485,0.2605895466930889,0.1742231532744775,59960.0,14.7,7.9,8.6,15.3,184.0,45.57839980183304,39650,14.60847467899598,20.4390267597851,14.902477720171392,44.936708860759495,42.22222222222223,40.8,48.73949579831934,12.849793329958104,18.573011957913142,50.0,27.368310915881143,79.86071008114911,45.74065062372493,Develop,0
39043,OH,Erie County,74581.0,17683.0,0.2370979203818667,0.2864332975173896,0.155213794398037,71993.0,14.4,8.3,8.9,14.3,660.0,37.323983486964885,39650,19.55639128353547,23.916593230400643,11.977515082882984,43.03797468354431,46.66666666666668,43.2,40.336134453781526,10.522648362897975,27.96528146367355,50.0,28.19616740241981,78.32295896130405,45.7405444480293,Develop,0
48133,TX,Eastland County,18011.0,3950.0,0.2193104214091388,0.3020253164556962,0.1727277774693243,53549.0,14.1,8.2,9.1,15.6,315.0,79.74683544303797,39650,17.093940314193265,26.014674218632145,14.672384828180226,41.139240506329116,45.55555555555555,44.8,51.26050420168068,22.482806737765372,13.5689531362203,50.0,29.38569320333572,76.06377035336295,45.72302020584525,Develop,0
12077,FL,Liberty County,7687.0,1085.0,0.1411473917002731,0.2202764976958525,0.194874463379732,58671.0,14.3,8.4,10.0,17.1,61.0,56.22119815668203,39650,6.273271901595049,15.014453969474415,18.080086752730033,42.40506329113925,47.777777777777786,52.0,63.86554621848741,15.850288299216055,17.566892503668548,50.0,28.041342150106374,78.51227368433061,45.706168187084856,Develop,0
39123,OH,Ottawa County,39994.0,11070.0,0.2767915187278091,0.2763324299909666,0.1541481222183327,76101.0,13.8,8.5,8.5,14.3,450.0,40.65040650406504,39650,25.05146059448853,22.5574082393045,11.813540520169251,39.240506329113934,48.88888888888889,40.0,40.336134453781526,11.460457686691603,31.171750601017827,50.0,28.855737455730093,76.84522309201427,45.65205742842956,Develop,0
48023,TX,Baylor County,3485.0,950.0,0.2725968436154949,0.2231578947368421,0.230416068866571,45370.0,14.9,8.9,9.7,16.1,137.0,144.21052631578948,39650,24.47076165461898,15.40217825169642,23.548859728923905,46.20253164556963,53.33333333333334,49.599999999999994,55.462184873949596,40.656878416513734,7.184894938961565,50.0,33.59759408247925,67.98324838922898,45.63257308984165,Develop,0
06009,CA,Calaveras County,46248.0,13517.0,0.2922720982528974,0.2079603462306725,0.2018465663380038,78647.0,13.2,8.7,8.4,15.7,756.0,55.92957017089591,39650,27.19454817054288,13.357177683477278,19.15288151602673,35.44303797468354,51.11111111111111,39.2,52.10084033613446,15.768070420508677,33.15901214524337,50.0,30.41828894055557,73.87985762514722,45.62983798016265,Develop,0
17169,IL,Schuyler County,6787.0,1744.0,0.2569618388094887,0.2029816513761468,0.1797554147635185,65948.0,14.4,8.7,9.8,15.5,125.0,71.67431192660551,39650,22.306295880130417,12.687238462532433,15.753724638088729,43.03797468354431,51.11111111111111,50.4,50.4201680672269,20.206942308816906,23.246901245746045,50.0,30.127330053218444,74.41211135642689,45.6270035093414,Develop,0
48419,TX,Shelby County,24155.0,4457.0,0.1845166632167253,0.3004262957146062,0.1629476298902918,49776.0,16.4,8.5,10.1,17.1,516.0,115.77294144043078,39650,12.277190993823389,25.799508047404217,13.167517334132823,55.69620253164557,48.88888888888889,52.800000000000004,63.86554621848741,32.63954805739029,10.62396578101096,50.0,31.697791186295234,71.36105883413205,45.57993486303812,Develop,0
39099,OH,Mahoning County,226491.0,50896.0,0.2247153308519985,0.3200447972335744,0.1671986966369524,56942.0,14.8,8.4,9.5,15.3,4616.0,90.69475007859164,39650,17.842180666430682,28.439397417562233,13.821627316664214,45.569620253164565,47.777777777777786,48.0,48.73949579831934,25.569322303746926,16.217334290798963,50.0,30.499469625501018,73.5716724456995,45.574740612570494,Develop,0
48105,TX,Crockett County,2822.0,537.0,0.1902905740609496,0.1582867783985102,0.1739900779588944,81022.0,16.5,7.7,7.4,16.6,0.0,0.0,39650,13.076514854758242,6.673042120362914,14.866614512254388,56.329113924050645,40.00000000000001,31.200000000000006,59.66386554621851,0.0,35.012800899185116,50.0,25.962705881221794,81.99615973024447,45.574414728379736,Develop,0
48293,TX,Limestone County,22283.0,4657.0,0.2089934030426782,0.2404981747906377,0.1817080285419378,60573.0,16.1,8.4,9.3,16.3,387.0,83.10070861069357,39650,15.665681517598875,17.73550737702839,16.054172558718466,53.7974683544304,47.777777777777786,46.400000000000006,57.14285714285715,23.42835500726678,19.051484592088418,50.0,30.299391325204205,73.89895936837674,45.559240140314586,Develop,0
39023,OH,Clark County,135158.0,27405.0,0.2027626925524201,0.3233716475095785,0.1674114739786028,63132.0,15.0,8.4,9.9,15.8,2297.0,83.81682174785624,39650,14.80311960768953,28.88706242761609,13.854367283247743,46.83544303797469,47.777777777777786,51.2,52.941176470588246,23.630246821227264,21.048893190546067,50.0,30.68015245134842,73.1886962911612,45.55814279528289,Develop,0
48063,TX,Camp County,12798.0,2401.0,0.187607438662291,0.2573927530195752,0.1816690107829348,58843.0,16.1,8.3,9.5,16.7,206.0,85.79758433985839,39650,12.70506919095619,20.008862323977514,16.048168911356324,53.7974683544304,46.66666666666668,48.0,60.50420168067227,24.18867778970361,17.701145836585592,50.0,30.284064098783876,73.88588346468734,45.54470087685009,Develop,0
29121,MO,Macon County,15163.0,3378.0,0.22277913341687,0.2841918294849023,0.1577524236628635,62357.0,12.9,8.2,9.3,15.5,182.0,53.87803433984607,39650,17.57413897837324,23.614978572074612,12.368132977879284,33.54430379746836,45.55555555555555,46.400000000000006,50.4201680672269,15.189686546730508,20.443972649786133,50.0,28.001410868005443,78.01248060436238,45.50528527573037,Develop,0
39171,OH,Williams County,36719.0,7368.0,0.2006590593425747,0.2875950054288816,0.1675971567853155,61048.0,14.4,8.3,9.5,15.3,472.0,64.06080347448426,39650,14.511898585292482,24.072914056627408,13.882938224306393,43.03797468354431,46.66666666666668,48.0,48.73949579831934,18.060486738831916,19.422242342876768,50.0,28.65991311453154,76.74005959077942,45.487964381218305,Develop,0
17045,IL,Edgar County,16535.0,4080.0,0.2467493196250378,0.2656862745098039,0.1765346235258542,59941.0,13.6,8.6,9.8,15.4,346.0,84.80392156862746,39650,20.892503654268076,21.1248486393474,15.258142746352776,37.9746835443038,50.0,50.4,49.57983193277312,23.908537168148104,18.558181647881607,50.0,30.238933306447375,73.78285006315406,45.479304171294714,Develop,0
17085,IL,Jo Daviess County,21851.0,6541.0,0.2993455677085717,0.2646384344901391,0.1371104297286165,73993.0,13.2,8.5,8.6,13.8,254.0,38.831982877235895,39650,28.17377924425613,20.983850014816117,9.191957420920573,35.44303797468354,48.88888888888889,40.8,36.13445378151262,10.947794497710413,29.526366730150798,50.0,28.156051861979066,77.62080300721404,45.4687147628113,Develop,0
48169,TX,Garza County,5118.0,763.0,0.1490816725283313,0.2988204456094364,0.1117624071903087,46314.0,14.9,6.9,7.5,16.3,18.0,23.591087811271297,39650,7.371671263193935,25.583422908658722,5.291667077852569,46.20253164556963,31.111111111111118,32.0,57.14285714285715,6.6509707256448785,7.92172718473883,50.0,23.384414657621598,86.46544794547367,45.46277630836982,Develop,0
17177,IL,Stephenson County,43768.0,10671.0,0.2438082617437397,0.2723268672101958,0.1538110034728569,64043.0,13.9,8.3,9.1,14.8,616.0,57.72654858963546,39650,20.485351932612446,22.0184148510361,11.761668190268194,39.873417721519,46.66666666666668,44.8,44.53781512605043,16.274687620752495,21.759967529426458,50.0,28.364223800285778,77.02093154975819,45.394071512601116,Develop,0
26059,MI,Hillsdale County,45654.0,9763.0,0.2138476365707276,0.2539178531189183,0.1618040040303149,64242.0,13.5,8.7,10.5,16.1,716.0,73.33811328485098,39650,16.337687856145163,19.541275576781857,12.991548069034934,37.34177215189874,51.11111111111111,56.00000000000001,55.462184873949596,20.676013265421616,21.915295513440945,50.0,29.605429728056503,74.55360404998582,45.33729074073176,Develop,0
48049,TX,Brown County,38347.0,8062.0,0.2102380890291287,0.2451004713470602,0.2217904920854304,57470.0,14.0,7.8,8.5,15.5,556.0,68.9655172413793,39650,15.83799231961556,18.354797986245806,22.2216455933032,40.50632911392405,41.111111111111114,40.0,50.4201680672269,19.44325924776644,16.62946080114896,50.0,28.36080772572761,76.81736917338378,45.32060423240727,Develop,0
12081,FL,Manatee County,429792.0,122539.0,0.2851123334077879,0.2445180717975501,0.1533462698235425,78457.0,14.0,8.8,8.3,14.5,5432.0,44.32874431813545,39650,26.203370607573877,18.276429596160053,11.69015980487914,40.50632911392405,52.222222222222236,38.400000000000006,42.01680672268908,12.49748138462919,33.010709044928035,50.0,28.944874858176846,75.72317252497554,45.31727904155639,Develop,0
48123,TX,DeWitt County,20016.0,4060.0,0.2028377298161471,0.3061576354679803,0.1385891286970423,63730.0,16.0,8.2,8.6,16.2,285.0,70.19704433497537,39650,14.81350755391427,26.570724079223357,9.419484254547914,53.16455696202532,45.55555555555555,40.8,56.30252100840336,19.790460305762274,21.515657685222767,50.0,29.155145703870076,75.16054952626392,45.25703704170792,Develop,0
12071,FL,Lee County,817666.0,236549.0,0.2892978306545704,0.2143445966797577,0.136863951784714,76107.0,14.5,8.9,8.2,14.6,10079.0,42.60850817378218,39650,26.782798989738275,14.216250170775632,9.154031955810646,43.67088607594937,53.33333333333334,37.599999999999994,42.85714285714286,12.012499923459625,31.17643385681726,50.0,28.405079890855596,76.54019488505203,45.25237013882435,Develop,0
12127,FL,Volusia County,579622.0,147134.0,0.2538447470937956,0.258023298489812,0.1703644789190196,70044.0,13.5,8.3,8.4,15.0,7570.0,51.449698913915206,39650,21.874774533109935,20.09370928757817,14.308745001854136,37.34177215189874,46.66666666666668,39.2,46.21848739495799,14.505072595940325,26.44400387149146,50.0,28.28719164813738,76.5890089107854,45.192827690064185,Develop,0
48437,TX,Swisher County,6937.0,1127.0,0.1624621594349142,0.3504880212954747,0.1360818797751189,36165.0,16.6,8.2,8.9,17.0,137.0,121.56166814551908,39650,9.224027966286565,32.53587458818847,9.033694840676805,56.96202531645571,45.55555555555555,43.2,63.025210084033624,34.27154791099205,0.0,50.0,29.867406243539765,73.65064864895439,45.19154108543488,Develop,0
26019,MI,Benzie County,18310.0,5261.0,0.2873293282359366,0.2222011024520053,0.1743855816493719,74834.0,12.8,8.5,9.0,14.6,267.0,50.7508078312108,39650,26.510285091277947,15.273431120844055,14.927470510874633,32.9113924050633,48.88888888888889,44.0,42.85714285714286,14.308036148589201,30.182803084704485,50.0,28.76982245823053,75.5757391928646,45.15189331535245,Develop,0
12021,FL,Collier County,398291.0,134721.0,0.3382476631407689,0.2161875282992258,0.1128647144926699,90045.0,13.7,9.4,8.0,14.4,4325.0,32.10338403070048,39650,33.55927513400043,14.464237285767984,5.461278672603019,38.607594936708864,58.8888888888889,36.0,41.176470588235304,9.050819067372963,42.05563707889725,50.0,29.119005552269222,74.90535838927569,45.14422904522148,Develop,0
48093,TX,Comanche County,13950.0,3338.0,0.2392831541218638,0.2231875374475734,0.1738351254480286,59635.0,14.8,8.5,8.7,15.7,259.0,77.59137207908927,39650,19.858908852168668,15.406167010821905,14.84277202983389,45.569620253164565,48.88888888888889,41.599999999999994,52.10084033613446,21.875122859492773,18.319335602110588,50.0,29.06014161845102,74.9728817466458,45.129600663319195,Develop,0
48311,TX,McMullen County,700.0,121.0,0.1728571428571428,0.140495867768595,0.15,43875.0,17.8,9.5,9.1,17.0,12.0,99.17355371900828,39650,10.663080024341994,4.27907559789762,11.175270572066665,64.55696202531647,60.00000000000001,44.8,63.025210084033624,27.959728174474062,6.0179837022698175,50.0,28.780902671118486,75.31675439335832,45.06845077390243,Develop,0
48265,TX,Kerr County,53489.0,15544.0,0.2906018059787993,0.2610653628409676,0.1609115892987343,69395.0,14.7,8.7,8.4,14.8,1240.0,79.77354606278949,39650,26.963317639722117,20.503053158015362,12.854232562299245,44.936708860759495,51.11111111111111,39.2,44.53781512605043,22.490337189580586,25.937431702519593,50.0,30.365697405884788,72.3490850349748,45.05988307606629,Develop,0
39101,OH,Marion County,65020.0,12140.0,0.1867117809904644,0.3409390444810544,0.1583820362965241,59371.0,14.8,8.3,10.0,16.1,1144.0,94.2339373970346,39650,12.581076880088329,31.250952680982618,12.465011228292264,45.569620253164565,46.66666666666668,52.0,55.462184873949596,26.56711568385089,18.113272346935588,50.0,30.29576154720601,72.45410466980134,45.05118164011438,Develop,0
29211,MO,Sullivan County,5857.0,1218.0,0.2079562916168687,0.2807881773399014,0.136417961413693,56964.0,15.1,8.9,10.3,17.1,131.0,107.55336617405582,39650,15.522106749739942,23.156979009334517,9.085407591343333,47.46835443037975,53.33333333333334,54.400000000000006,63.86554621848741,30.32222573163576,16.234506228730215,50.0,31.077878455323884,70.95242397898127,45.033969388603964,Develop,0
39139,OH,Richland County,125099.0,25199.0,0.201432465487334,0.3063216794317235,0.1567478556982869,59509.0,14.5,8.3,9.7,15.6,2059.0,81.70959165046231,39650,14.618966741067377,26.592798034041238,12.2135604969186,43.67088607594937,46.66666666666668,49.599999999999994,51.26050420168068,23.036161215591534,18.220987230322518,50.0,29.206179184186425,74.36381516232791,45.011351776535946,Develop,0
17183,IL,Vermilion County,72386.0,14698.0,0.2030503135965518,0.3571914546196761,0.1414500041444478,56877.0,14.4,8.2,9.7,15.7,1354.0,92.12137705810314,39650,14.842937050265984,33.437896710469964,9.859686043992157,43.03797468354431,45.55555555555555,49.599999999999994,52.10084033613446,25.971527337828178,16.166599019638454,50.0,29.72779303545886,73.36568025830297,45.0010535634543,Develop,0
26107,MI,Mecosta County,41242.0,8399.0,0.2036516172833519,0.2765805453030122,0.158891421366568,60951.0,12.4,8.2,10.0,15.5,497.0,59.173711156090015,39650,14.926179829292993,22.590794936765025,12.54339011037637,30.379746835443044,45.55555555555555,52.0,50.4201680672269,16.68268219657446,19.34652970745262,50.0,27.464389265735825,77.52056587964827,44.984051080605184,Develop,0
26009,MI,Antrim County,24127.0,6930.0,0.2872300741907406,0.2549783549783549,0.1612301570854229,72054.0,12.8,8.5,9.0,14.3,406.0,58.58585858585859,39650,26.496544642427956,19.683977993837143,12.903250463405982,32.9113924050633,48.88888888888889,44.0,40.336134453781526,16.516950532698566,28.0128945643011,50.0,28.77102452713713,75.01180883772547,44.95529903584305,Develop,0
12069,FL,Lake County,412924.0,109863.0,0.2660610669275702,0.2198556383859898,0.155970590229679,73161.0,14.5,8.5,8.0,14.9,5189.0,47.23155202388429,39650,23.565967244496456,14.957822630054102,12.093962962372066,43.67088607594937,48.88888888888889,36.0,45.37815126050421,13.315862004783877,28.87695525929626,50.0,27.947750420640894,76.51318931958,44.94565403526958,Develop,0
48175,TX,Goliad County,7141.0,1752.0,0.2453437893852401,0.2888127853881279,0.1635625262568267,59359.0,15.6,8.5,8.4,15.6,172.0,98.17351598173516,39650,20.697926029457747,24.236780005639748,13.26213119826204,50.63291139240506,48.88888888888889,39.2,51.26050420168068,27.677790276215475,18.103905835336725,50.0,30.460655196160275,71.84604359748047,44.945541136622346,Develop,0
48285,TX,Lavaca County,20552.0,4950.0,0.2408524717789023,0.2949494949494949,0.1394024912417283,63240.0,14.6,8.4,8.7,15.3,370.0,74.74747474747474,39650,20.07616074304468,25.062543090712104,9.544636032113907,44.30379746835443,47.777777777777786,41.599999999999994,48.73949579831934,21.07335067964989,21.13319179493584,50.0,28.92945596023592,74.56969958771181,44.90354122985248,Develop,0
36099,NY,Seneca County,32920.0,7104.0,0.2157958687727825,0.3402308558558558,0.1632746051032806,68089.0,11.6,7.8,8.7,15.0,308.0,43.35585585585586,39650,16.607395603243802,31.155657960235416,13.21782888264575,25.31645569620253,41.111111111111114,41.599999999999994,46.21848739495799,12.223197607055877,24.918043023509945,50.0,26.893368791602576,78.30182840906629,44.886329657714874,Develop,0
48295,TX,Lipscomb County,2918.0,542.0,0.185743660041124,0.2656826568265683,0.1192597669636737,72560.0,14.8,8.0,8.3,15.5,10.0,18.45018450184502,39650,12.447052958355496,21.12436183950139,6.445282902454648,45.569620253164565,43.333333333333336,38.400000000000006,50.4201680672269,5.2016099463581815,28.407849136719847,50.0,25.341786261377493,81.11675978848704,44.86302699586584,Develop,0
17075,IL,Iroquois County,26449.0,5977.0,0.2259820787175318,0.2964698009034632,0.1598926235396423,66255.0,13.9,8.4,9.7,15.4,471.0,78.80207461937428,39650,18.017545652490682,25.2671173046697,12.697444698311145,39.873417721519,47.777777777777786,49.599999999999994,49.57983193277312,22.216452908251792,23.4865278341503,50.0,29.517045691692346,73.23499255021642,44.81832709217577,Develop,0
39047,OH,Fayette County,28876.0,5170.0,0.1790414184790137,0.3059961315280464,0.164600360160687,63275.0,14.3,8.2,10.2,16.1,415.0,80.27079303675049,39650,11.519213622612554,26.548991913091402,13.421822296327674,42.40506329113925,45.55555555555555,53.599999999999994,55.462184873949596,22.630524666041506,21.16051078709919,50.0,29.24879702394682,73.70505819754742,44.80848843470703,Develop,0
24041,MD,Talbot County,37917.0,11210.0,0.2956457525648126,0.3024085637823372,0.1516733918822691,84811.0,13.1,8.4,8.0,13.6,425.0,37.91257805530776,39650,27.661587316593618,26.06624444395047,11.4327547284232,34.810126582278485,47.777777777777786,36.0,34.45378151260504,10.688589216267683,37.97027693652627,50.0,28.41605302869175,75.2301928500949,44.80100196618285,Develop,0
48107,TX,Crosby County,5041.0,967.0,0.1918270184487205,0.2213029989658738,0.2084903788930767,52188.0,17.1,8.4,8.6,17.3,115.0,118.9245087900724,39650,13.289215863360274,15.152581225960487,20.175162363005757,60.12658227848103,47.777777777777786,40.8,65.54621848739497,33.52806080212052,12.506634612382527,50.0,31.055281476700674,70.30757617511895,44.793584621147076,Develop,0
26123,MI,Newaygo County,50792.0,10512.0,0.2069617262561033,0.2274543378995434,0.1762482280674122,63304.0,13.2,8.5,10.4,16.0,780.0,74.20091324200912,39650,15.384421938601179,15.980312857121662,15.214075188847186,35.44303797468354,48.88888888888889,55.2,54.6218487394958,20.919260092488436,21.183146523463112,50.0,28.70134501129481,74.63946299209243,44.77968630457397,Develop,0
39071,OH,Highland County,43517.0,8333.0,0.1914883838499896,0.2838113524540981,0.1798147850265413,65785.0,14.7,8.5,10.4,16.2,771.0,92.52370094803793,39650,13.242336248796349,23.563781121125665,15.762859917307582,44.936708860759495,48.88888888888889,55.2,56.30252100840336,26.08495340938497,23.119672796528146,50.0,30.53053508963463,71.21737378587983,44.77092863332045,Develop,0
48383,TX,Reagan County,3232.0,332.0,0.1027227722772277,0.5331325301204819,0.1092202970297029,57813.0,14.5,5.9,5.5,14.3,0.0,0.0,39650,0.9538764379632815,57.11274132282108,4.900513578780143,43.67088607594937,20.000000000000007,16.0,40.336134453781526,0.0,16.897186924349807,50.0,21.7861850766431,87.43084392269506,44.76181567276129,Develop,0
17149,IL,Pike County,14469.0,3152.0,0.2178450480337272,0.3128172588832487,0.1670467896882991,59777.0,13.3,8.2,9.7,15.3,267.0,84.70812182741116,39650,16.89107817521223,27.46685108699836,13.798253453713686,36.07594936708862,45.55555555555555,49.599999999999994,48.73949579831934,23.88152860968521,18.43017265603047,50.0,29.0995479696919,73.836107467864,44.75734379405213,Develop,0
26165,MI,Wexford County,34077.0,7065.0,0.2073245884320803,0.2591648973814578,0.188631628371042,61085.0,13.0,8.4,10.2,15.7,584.0,82.66100495399859,39650,15.434655550327154,20.24732421969346,17.119504164444784,34.17721518987342,47.777777777777786,53.599999999999994,52.10084033613446,23.304390560521764,19.451122420306596,50.0,29.085246683803334,73.84724846562105,44.751947307439536,Develop,0
48225,TX,Houston County,22051.0,4898.0,0.2221214457394222,0.2296855859534504,0.2141852977189243,56531.0,16.8,8.9,9.9,16.6,684.0,139.64883625969784,39650,17.483090559405575,16.280552302728648,21.05143730190647,58.227848101265835,53.33333333333334,51.2,59.66386554621851,39.370813642169786,15.896531268537887,50.0,33.26564764372376,66.07709311624525,44.74965355910628,Develop,0
26149,MI,St. Joseph County,60969.0,11403.0,0.187029473994981,0.2939577304218188,0.1646574488674572,66425.0,12.8,7.8,9.6,15.5,556.0,48.759098482855386,39650,12.625057399672594,24.929090052426755,13.430606513375674,32.9113924050633,41.111111111111114,48.8,50.4201680672269,13.746518991098226,23.61922008180087,50.0,26.906016318797427,77.85364853035571,44.73768759284283,Develop,0
48035,TX,Bosque County,18687.0,4785.0,0.2560603628190721,0.2353187042842215,0.1661582918606517,68914.0,14.3,8.4,8.7,15.2,326.0,68.12957157784744,39650,22.181498097719093,17.038551540737068,13.66154063945873,42.40506329113925,47.777777777777786,41.599999999999994,47.89915966386555,19.207583378096547,25.56199069593181,50.0,28.80166545671034,74.26723193326737,44.714613723505295,Develop,0
26023,MI,Branch County,45300.0,8787.0,0.1939735099337748,0.2805280528052805,0.1528697571743929,63724.0,13.3,8.3,10.2,16.3,640.0,72.83486969386594,39650,13.586370063968284,23.12197633631185,11.616838989378875,36.07594936708862,46.66666666666668,53.599999999999994,57.14285714285715,20.534135179159282,21.510974429423335,50.0,28.536804081975866,74.7529333226354,44.7124493162067,Develop,0
12103,FL,Pinellas County,963481.0,254248.0,0.2638848093527532,0.3079198263113181,0.1538286691693972,72646.0,13.1,8.2,8.1,14.2,13238.0,52.06727289890186,39650,23.2646923107431,26.807846617405968,11.764386404105805,34.810126582278485,45.55555555555555,36.8,39.49579831932773,14.679183536814516,28.47497580317837,50.0,27.85637539683401,75.8839563137985,44.66602871777158,Develop,0
29207,MO,Stoddard County,28470.0,5879.0,0.2064980681419037,0.2847423031127742,0.2051282051282051,57957.0,14.2,8.8,11.4,17.5,858.0,145.94318761694166,39650,15.320234422722487,23.689050971404725,19.65782599694299,41.77215189873418,52.222222222222236,63.2,67.22689075630252,41.1453628680834,17.00958506353617,50.0,33.757107938505825,64.76717490349327,44.61063137625143,Develop,0
12041,FL,Gilchrist County,19040.0,3851.0,0.2022584033613445,0.224357309789665,0.1900735294117647,63523.0,12.8,8.3,9.7,16.2,267.0,69.33264087250066,39650,14.733307240627877,15.563572996615815,17.341368915286445,32.9113924050633,46.66666666666668,49.599999999999994,56.30252100840336,19.546761406836612,21.35408536014237,50.0,28.034194550719967,75.34305561819716,44.59229592433698,Develop,0
06045,CA,Mendocino County,90244.0,22154.0,0.2454900048756704,0.3166019680418886,0.1846216923008732,68092.0,13.7,8.5,8.5,16.3,2222.0,100.29791459781528,39650,20.718167687753553,27.97612614388144,16.502496865072093,38.607594936708864,48.88888888888889,40.0,57.14285714285715,28.276716155267085,24.92038465140966,50.0,31.140394313380515,69.47169071918022,44.55634805541041,Develop,0
26033,MI,Chippewa County,36295.0,7114.0,0.1960049593607934,0.2971605285352825,0.1567158010745281,62217.0,12.7,7.8,9.1,15.6,398.0,55.94602192859151,39650,13.867598167953075,25.360062452960015,12.20862826446109,32.278481012658226,41.111111111111114,44.8,51.26050420168068,15.772708619463053,20.334696681132726,50.0,26.657644195369492,77.7246012549555,44.53107916622459,Develop,0
48177,TX,Gonzales County,19851.0,3596.0,0.18114956425369,0.2655728587319244,0.1715782580222658,58672.0,16.0,7.9,8.3,16.6,294.0,81.7575083426029,39650,11.811059351701592,21.109587274653315,14.495508719136401,53.16455696202532,42.22222222222223,38.400000000000006,59.66386554621851,23.049670237271513,17.56767304630179,50.0,28.363369145997282,74.55237945561014,44.52952275436178,Develop,0
48331,TX,Milam County,25567.0,5588.0,0.2185629913560449,0.2755905511811024,0.1560996597176047,66141.0,14.9,8.0,8.5,15.5,374.0,66.92913385826772,39650,16.990468214963435,22.457580126427864,12.113822834146307,46.20253164556963,43.333333333333336,40.0,50.4201680672269,18.86914726210405,23.397545973961098,50.0,28.03462194414729,75.10270521365445,44.50845108847479,Develop,0
24029,MD,Kent County,19346.0,5305.0,0.2742168923808539,0.2901036757775683,0.1500568592990799,80147.0,13.7,8.1,8.1,13.3,194.0,36.56927426955702,39650,24.695036616419756,24.410483782853724,11.184019490242816,38.607594936708864,44.44444444444444,36.8,31.932773109243705,10.309875261822246,34.32982609510131,50.0,27.250616868621265,76.53062077746738,44.498618236717405,Develop,0
48089,TX,Colorado County,21006.0,4910.0,0.2337427401694753,0.2413441955193482,0.1900885461296772,66377.0,14.9,7.9,7.9,14.8,312.0,63.54378818737271,39650,19.091909639489366,17.849348952874376,17.343679531815614,46.20253164556963,42.22222222222223,35.2,44.53781512605043,17.914726036027577,23.581754035405414,50.0,27.73537255855085,75.57237446956321,44.47832322740518,Develop,0
39167,OH,Washington County,58978.0,13114.0,0.2223540981382888,0.2764983986579228,0.1620943402624707,63603.0,13.8,8.6,9.6,15.1,1075.0,81.97346347414975,39650,17.515298298446755,22.579741184522227,13.036221991855093,39.240506329113934,50.0,48.8,47.05882352941177,23.110553875595503,21.41652877080146,50.0,28.882963136513613,73.36423673718204,44.45140889674756,Develop,0
26043,MI,Dickinson County,25954.0,6278.0,0.2418894968020343,0.2948391207390888,0.1755798720813747,65156.0,12.6,8.3,9.2,14.8,485.0,77.25390251672506,39650,20.21972354956171,25.04769100302799,15.111235513912618,31.645569620253166,46.66666666666668,45.599999999999994,44.53781512605043,21.77998099074825,22.62871148022105,50.0,28.679336781924178,73.73239701102216,44.447907862108465,Develop,0
39037,OH,Darke County,51594.0,10564.0,0.2047524905996821,0.3135176069670579,0.1414117920688452,64486.0,14.3,8.5,9.7,15.6,879.0,83.20711851571374,39650,15.078581612650876,27.561090774982222,9.853806366820645,42.40506329113925,48.88888888888889,49.599999999999994,51.26050420168068,23.458354860129422,22.10574791595117,50.0,29.090015930945064,72.96618045214348,44.4466735133645,Develop,0
48017,TX,Bailey County,6913.0,1361.0,0.1968754520468682,0.2549595885378398,0.144654997830175,61420.0,15.5,7.2,7.1,16.3,62.0,45.554739162380606,39650,13.988106709480846,19.681452758829582,10.352837172572075,50.000000000000014,34.44444444444445,28.799999999999997,57.14285714285715,12.843122750728902,19.712604202441536,50.0,25.558542184439226,79.52250122636664,44.44592784911382,Develop,0
26027,MI,Cass County,51520.0,11620.0,0.2255434782608695,0.2576592082616179,0.1605784161490683,70443.0,13.1,8.3,9.7,15.4,731.0,62.908777969018935,39650,17.956827047738106,20.04471686467275,12.802967339686788,34.810126582278485,46.66666666666668,49.599999999999994,49.57983193277312,17.735699345671293,26.755440382153672,50.0,28.122170277744626,74.71873324523469,44.43096731636615,Monitor,0
17145,IL,Perry County,20639.0,4185.0,0.2027714521052376,0.2506571087216248,0.1850864867483889,62118.0,13.2,7.9,9.5,15.3,277.0,66.18876941457587,39650,14.804332255367514,19.10250585398245,16.57401460545667,35.44303797468354,42.22222222222223,48.0,48.73949579831934,18.66041834376438,20.2574229604421,50.0,27.32173746255309,76.15954302279697,44.41496940863845,Monitor,0
26145,MI,Saginaw County,188665.0,38429.0,0.2036890785254286,0.3005022248822503,0.1712135266212599,60622.0,14.1,8.0,9.6,15.9,3506.0,91.233183273049,39650,14.931365857525854,25.809725168337476,14.439387640696962,41.139240506329116,43.333333333333336,48.8,53.781512605042025,25.721121298464773,19.089731181117113,50.0,29.19758641224193,72.62646393150925,44.39769354398549,Monitor,0
06033,CA,Lake County,68152.0,16290.0,0.2390245333959385,0.2804788213627993,0.2140362718628947,60621.0,14.1,8.9,9.1,17.1,2219.0,136.21853898096992,39650,19.823106131492583,23.115351693672455,21.028506751554417,41.139240506329116,53.33333333333334,44.8,63.86554621848741,38.40371933250517,19.088950638483873,50.0,32.94259264304989,65.651269175577,44.390629429434384,Monitor,0
29073,MO,Gasconade County,14746.0,3448.0,0.2338261223382612,0.2270881670533642,0.1616709616167096,64232.0,13.5,8.6,10.0,15.9,293.0,84.97679814385151,39650,19.10345283073101,15.931040463735469,12.971076884735686,37.34177215189874,50.0,52.0,53.781512605042025,23.957275787162338,21.90749008710856,50.0,29.072063129884288,72.75125129092815,44.35977898624964,Monitor,0
48365,TX,Panola County,22726.0,4613.0,0.2029833670685558,0.2774766962930847,0.1660212971926427,64894.0,13.8,7.5,8.4,14.9,220.0,47.69130717537394,39650,14.833669162576399,22.711382101409665,13.640461323315634,39.240506329113934,37.777777777777786,39.2,45.37815126050421,13.445479514497064,22.42420931031253,50.0,26.00286040725827,78.37772347393286,44.334062480594376,Monitor,0
48043,TX,Brewster County,9503.0,2515.0,0.2646532673892455,0.3077534791252485,0.1339576975691886,56212.0,12.8,6.6,5.5,12.4,26.0,10.337972166998012,39650,23.371075464426514,26.785462738197037,8.706847753012035,32.9113924050633,27.77777777777778,16.0,24.36974789915967,2.914556157617475,15.647538168534766,50.0,21.70784963563867,86.20273266274997,44.281058695127626,Monitor,0
48503,TX,Young County,18029.0,3827.0,0.2122691219701591,0.326365299189966,0.1773808863497698,68010.0,13.4,7.5,8.1,14.6,211.0,55.13457015939378,39650,16.11916276645996,29.28989183032912,15.388356877053793,36.708860759493675,37.777777777777786,36.8,42.85714285714286,15.543938246287285,24.856380155484093,50.0,26.91532398101655,76.49391991789678,44.267832558924624,Monitor,0
48131,TX,Duval County,9742.0,1656.0,0.1699856292342434,0.3568840579710144,0.2079655101621843,49038.0,18.8,8.2,7.0,17.8,260.0,157.0048309178744,39650,10.265555812814041,33.396533044420366,20.09440101606502,70.8860759493671,45.55555555555555,28.000000000000004,69.74789915966389,44.26394164497553,10.047925317680852,50.0,33.01370217953822,65.1404544999592,44.258065491685564,Monitor,0
24047,MD,Worcester County,53700.0,15371.0,0.2862383612662942,0.2537896037993624,0.1516014897579143,81745.0,13.7,8.1,8.0,13.9,628.0,40.85615769956412,39650,26.359254714492813,19.52401819272027,11.421691176588206,38.607594936708864,44.44444444444444,36.0,36.9747899159664,11.518464557293688,35.577133223016645,50.0,27.405437572560857,75.49170452658349,44.23563100646878,Monitor,0
36013,NY,Chautauqua County,125544.0,26917.0,0.2144029184986937,0.2969498829735855,0.1754524310202,58351.0,12.6,7.9,8.8,15.3,2067.0,76.79161867964483,39650,16.414559513249667,25.331717730573477,15.09162620752752,31.645569620253166,42.22222222222223,42.400000000000006,48.73949579831934,21.649650575637402,17.317118861032192,50.0,27.42245154348342,75.39755652508978,44.21373828704564,Monitor,0
48153,TX,Floyd County,5216.0,995.0,0.1907592024539877,0.2321608040201005,0.1759969325153374,58462.0,17.0,8.3,8.3,17.0,102.0,102.51256281407036,39650,13.141390441959528,16.613620649291967,15.175408440246501,59.493670886075954,46.66666666666668,38.400000000000006,63.025210084033624,28.901085856730223,17.40375909332168,50.0,29.571027159610605,71.38327505080187,44.20531392152755,Monitor,0
39015,OH,Brown County,43845.0,8392.0,0.1914015281103888,0.2490467111534795,0.1771011517846961,71270.0,14.5,8.7,10.4,16.1,720.0,85.7959961868446,39650,13.230312186251028,18.885808803100932,15.345314228613253,43.67088607594937,51.11111111111111,55.2,55.462184873949596,24.188230046077415,27.40094913984202,50.0,29.753930418851553,70.97618873270481,44.18172082870019,Monitor,0
48119,TX,Delta County,5438.0,1110.0,0.2041191614564178,0.2873873873873874,0.2526664214784847,66575.0,13.7,7.8,8.7,15.2,102.0,91.8918918918919,39650,14.990905320152706,24.044976721033063,26.972512808407807,38.607594936708864,41.111111111111114,41.599999999999994,47.89915966386555,25.906829213915834,23.73630147678666,50.0,29.67076197104325,71.1303534893103,44.18161900243672,Monitor,0
48459,TX,Upshur County,42567.0,7863.0,0.1847205581788709,0.2532112425282971,0.1974534263631451,66208.0,13.9,7.7,9.0,15.6,497.0,63.207427190639706,39650,12.305417634789004,19.446193198282234,18.476910781276423,39.873417721519,40.00000000000001,44.0,51.26050420168068,17.819896702152977,23.449842330388083,50.0,27.20205773701484,75.66410411469944,44.16377396920445,Monitor,0
48337,TX,Montague County,21046.0,4593.0,0.2182362444169913,0.2791204006096233,0.1833602584814216,64545.0,13.4,8.0,8.8,15.3,353.0,76.85608534726758,39650,16.94523429432986,22.932560948770547,16.30840053519109,36.708860759493675,43.333333333333336,42.400000000000006,48.73949579831934,21.66782548654312,22.15179993131225,50.0,28.056041812050903,73.9371560030076,44.114431778885745,Monitor,0
48115,TX,Dawson County,12134.0,1687.0,0.1390308224822811,0.3295791345583876,0.1240316466128234,54360.0,15.3,7.0,7.6,16.5,87.0,51.57083580320094,39650,5.98026005487532,29.722349417282494,7.179530163192005,48.73417721518988,32.22222222222222,32.8,58.82352941176471,14.539224387111657,14.201973211776828,50.0,24.64731634386729,80.24283462355554,44.10574774175818,Monitor,0
12049,FL,Hardee County,25675.0,4138.0,0.1611684518013632,0.1826969550507491,0.1571567672833495,60489.0,15.6,8.6,9.5,17.3,323.0,78.05703238279361,39650,9.044930746313847,9.957705110837532,12.276479563050016,50.63291139240506,50.0,48.0,65.54621848739497,22.00640519258437,18.985919010896374,50.0,27.6280973537941,74.7007014408097,44.103508784249556,Monitor,0
17125,IL,Mason County,12745.0,2939.0,0.230600235386426,0.3290234773732562,0.1767752059631228,62845.0,13.3,8.3,9.4,15.0,296.0,100.71452875127594,39650,18.656870179414252,29.64757951219764,15.295161072155999,36.07594936708862,46.66666666666668,47.2,46.21848739495799,28.394171041651433,20.824877454806582,50.0,29.78649702898574,70.63574269064974,44.08373301056814,Monitor,0
29007,MO,Audrain County,24548.0,4675.0,0.1904432132963989,0.2699465240641711,0.1855140948346097,59448.0,14.1,8.3,10.7,17.1,551.0,117.86096256684492,39650,13.097645798117288,21.69811298891663,16.63981049493027,41.139240506329116,46.66666666666668,57.599999999999994,63.86554621848741,33.228218130487704,18.173374129694963,50.0,30.78423583600119,68.77246778932327,44.080117019663916,Monitor,0
48217,TX,Hill County,37328.0,7620.0,0.2041363051864552,0.2901574803149606,0.1811776682383197,64591.0,14.2,7.8,8.4,15.5,572.0,75.06561679790026,39650,14.99327864957431,24.417723786693507,15.972566225623957,41.77215189873418,41.111111111111114,39.2,50.4201680672269,21.163043595928464,22.187704892441225,50.0,27.855834583229615,74.20401455450698,44.07769757317669,Monitor,0
26079,MI,Kalkaska County,18239.0,3961.0,0.2171719940786227,0.2787174955819237,0.1857009704479412,68578.0,13.5,8.7,10.5,16.3,432.0,109.06336783640496,39650,16.79790249229538,22.878345559344453,16.668564972678197,37.34177215189874,51.11111111111111,56.00000000000001,57.14285714285715,30.747936361527145,25.29972837116363,50.0,31.124514492097852,67.99871648981099,44.030485191297444,Monitor,0
39077,OH,Huron County,58319.0,10808.0,0.185325537131981,0.3106957809030348,0.159930725835491,67878.0,13.5,7.7,9.0,15.0,590.0,54.58919319022946,39650,12.389169207272671,27.181382435706308,12.703307483714735,37.34177215189874,40.00000000000001,44.0,46.21848739495799,15.39018161219855,24.753348527896595,50.0,26.47118711860274,76.60939555492183,44.019560071314416,Monitor,0
48333,TX,Mills County,4511.0,1168.0,0.258922633562403,0.2183219178082192,0.1558412768787408,67620.0,14.1,8.6,8.3,14.6,79.0,67.63698630136987,39650,22.57774275118283,14.751443328039901,12.074065567491193,41.139240506329116,50.0,38.400000000000006,42.85714285714286,19.068710161229852,24.55196852852103,50.0,27.511603636847127,74.64661885276728,44.00885896241918,Monitor,0
48075,TX,Childress County,6743.0,1154.0,0.1711404419397894,0.3717504332755633,0.1125611745513866,58654.0,12.0,6.3,6.9,14.0,0.0,0.0,39650,10.425424812415411,35.39697054477244,5.414573100208428,27.848101265822788,24.444444444444446,27.200000000000003,37.815126050420176,0.0,17.553623278903494,50.0,20.729583580930147,87.23391301632896,44.00609888331973,Monitor,0
39143,OH,Sandusky County,58778.0,11904.0,0.2025247541597196,0.2935987903225806,0.165385007996189,62295.0,14.4,8.0,8.8,15.1,932.0,78.29301075268818,39650,14.770180090636153,24.88079063712299,13.54255575278932,43.03797468354431,43.333333333333336,42.400000000000006,47.05882352941177,22.07293392761389,20.395579006525335,50.0,27.716187923414292,74.24121263785476,43.99994657346845,Monitor,0
48239,TX,Jackson County,15152.0,2994.0,0.19759767687434,0.2381429525718102,0.1587249208025343,65414.0,14.7,7.8,8.2,15.5,163.0,54.44221776887108,39650,14.088089468676934,17.41858581735518,12.51777073351829,44.936708860759495,41.111111111111114,37.599999999999994,50.4201680672269,15.348745234501001,22.830091479596614,50.0,26.04516319038592,77.20916267714547,43.95256301075176,Monitor,0
29175,MO,Randolph County,24365.0,4316.0,0.1771393392160886,0.3225208526413345,0.174799917915042,53033.0,12.7,7.6,9.6,15.9,394.0,91.28822984244673,39650,11.255895157664959,28.772578437761375,14.991224270495673,32.278481012658226,38.88888888888889,48.8,53.781512605042025,25.736640426897523,13.166193137469168,50.0,27.502993659838495,74.39498982396562,43.91519231728299,Monitor,0
48073,TX,Cherokee County,51886.0,9527.0,0.1836140770149944,0.216017634092579,0.12546737077439,61261.0,14.7,7.8,8.9,15.9,468.0,49.12354361288968,39650,12.152239516902725,14.441376115166104,7.400444480046696,44.936708860759495,41.111111111111114,43.2,53.781512605042025,13.849266007698443,19.588497923756595,50.0,24.987288450201202,79.00635431863888,43.89396150415439,Monitor,0
36009,NY,Cattaraugus County,76145.0,15843.0,0.2080635629391292,0.3021523701319195,0.1668789808917197,59540.0,12.1,8.0,9.4,15.6,1320.0,83.3175534936565,39650,15.53695708771539,26.03177071547606,13.772432779623966,28.48101265822785,43.333333333333336,47.2,51.26050420168068,23.48948949076878,18.24518405195292,50.0,27.570976454499238,74.1072255644913,43.85866364299646,Monitor,0
48435,TX,Sutton County,3277.0,631.0,0.1925541653951785,0.3597464342313787,0.1217577052181873,78906.0,17.4,8.2,7.6,16.6,51.0,80.82408874801902,39650,13.389880026765432,33.78169786732095,6.82963968756227,62.0253164556962,45.55555555555555,32.8,59.66386554621851,22.78651380938714,33.36117268725218,50.0,29.785126380048982,69.95906559866143,43.84600510656334,Monitor,0
36017,NY,Chenango County,46321.0,10347.0,0.223376006562898,0.3101382043104281,0.1686707972625807,62948.0,12.3,8.1,9.0,15.1,847.0,81.85947617666957,39650,17.6567684058866,27.106354252822506,14.048138865858448,29.746835443037984,44.44444444444444,44.0,47.05882352941177,23.078417749245542,20.90527334603016,50.0,27.814783354256132,73.5352882341059,43.81696006220355,Monitor,0
48363,TX,Palo Pinto County,29295.0,6008.0,0.2050861921829663,0.2230359520639147,0.1723502304147465,67674.0,14.4,8.0,9.1,15.9,427.0,71.07190412782955,39650,15.124778314530616,15.385769497657865,14.614291810123369,43.03797468354431,43.333333333333336,44.8,53.781512605042025,20.037107129251986,24.594117830715913,50.0,27.50720042749798,74.10135572969664,43.81515478326751,Monitor,0
12051,FL,Hendry County,42382.0,5853.0,0.1381010806474446,0.1997266359132069,0.114364588740503,56393.0,16.8,8.0,8.5,18.6,427.0,72.9540406629079,39650,5.851549229034018,12.249239632091335,5.692063738215098,58.227848101265835,43.333333333333336,40.0,76.47058823529413,20.56773272382469,15.788816385150959,50.0,26.241862966704552,76.45110208635114,43.815096658580856,Monitor,0
48151,TX,Fisher County,3655.0,761.0,0.2082079343365253,0.2233902759526938,0.1753761969904241,65533.0,14.5,8.0,7.6,14.7,39.0,51.24835742444152,39650,15.556943454995487,15.433447750080798,15.079896107094685,43.67088607594937,43.333333333333336,32.8,43.69747899159664,14.448308941671383,22.922976052952013,50.0,25.57040208776786,77.67653726619514,43.80754940021741,Monitor,0
48233,TX,Hutchinson County,20184.0,3624.0,0.1795481569560047,0.342439293598234,0.1604240982956797,67228.0,12.9,7.0,7.5,14.6,121.0,33.38852097130243,39650,11.589365061877999,31.452828022644276,12.779222511764813,33.54430379746836,32.22222222222222,32.0,42.85714285714286,9.413134202595536,24.245995816291487,50.0,24.23347685890245,80.04897744368502,43.76890206357635,Monitor,0
29145,MO,Newton County,60118.0,11328.0,0.1884294221364649,0.2514124293785311,0.148740809740843,66301.0,13.4,7.9,9.5,15.8,677.0,59.76341807909605,39650,12.81886225460534,19.20414271810787,10.981519457933278,36.708860759493675,42.22222222222223,48.0,52.941176470588246,16.84893665304549,23.522432795279276,50.0,26.268866808184587,76.17635500224121,43.7364876761044,Monitor,0
06109,CA,Tuolumne County,54498.0,15339.0,0.2814598700869756,0.2816350479170741,0.202356049763294,77404.0,12.1,8.0,7.6,14.8,1117.0,72.82091401003976,39650,25.697733932141826,23.27093494182081,19.23127553199423,28.48101265822785,43.333333333333336,32.8,44.53781512605043,20.530200691469403,32.18879765212776,50.0,28.676544942468585,71.5517503240535,43.6828668260233,Monitor,0
48247,TX,Jim Hogg County,4727.0,453.0,0.0958324518722234,0.282560706401766,0.1256610958324518,42211.0,22.8,9.9,8.9,20.6,90.0,198.6754966887417,39650,0.0,23.395492670746847,7.430252879184218,96.20253164556964,64.44444444444444,43.2,93.27731092436977,56.01203823032055,4.719160760560741,50.0,34.70780317788726,60.27763074515548,43.65724282643113,Monitor,0
26157,MI,Tuscola County,52980.0,11619.0,0.2193091732729331,0.2763576899905327,0.1935069837674594,63811.0,13.2,8.4,10.2,15.9,1318.0,113.43489112660298,39650,17.093767525752664,22.560807255497465,17.86967319806206,35.44303797468354,47.777777777777786,53.599999999999994,53.781512605042025,31.980387940792195,21.578881638515096,50.0,30.291730445125534,68.43712214100977,43.642617538685016,Monitor,0
39091,OH,Logan County,46089.0,8932.0,0.1937989541973138,0.2816838334079713,0.1540931675670984,71551.0,14.0,8.0,9.2,15.0,539.0,60.3448275862069,39650,13.562205062294264,23.277499576673936,11.805084669414349,40.50632911392405,43.333333333333336,45.599999999999994,46.21848739495799,17.01285184179564,27.620281619782073,50.0,26.809008120179065,74.85684700107778,43.62575172849361,Monitor,0
48171,TX,Gillespie County,27524.0,8301.0,0.3015913384682459,0.2444283821226358,0.1372983577968318,76162.0,13.6,8.3,7.7,13.8,478.0,57.58342368389351,39650,28.4846773864041,18.26436084467104,9.220873839491048,37.9746835443038,46.66666666666668,33.6,36.13445378151262,16.234336808368777,31.219363701645385,50.0,27.1425786404482,74.20530564490356,43.614533092007576,Monitor,0
39141,OH,Ross County,76492.0,13697.0,0.1790644773309627,0.2941520040884865,0.1767766563823667,61303.0,15.0,8.1,10.0,15.7,1440.0,105.13251076878149,39650,11.522405824755237,24.955231752751928,15.295384247599442,46.83544303797469,44.44444444444444,52.0,52.10084033613446,29.63972060256723,19.62128071435262,50.0,29.221035850476845,70.31176945428224,43.60279261180873,Monitor,0
24039,MD,Somerset County,24822.0,4419.0,0.178027556200145,0.3530210454854039,0.1291596164692611,64943.0,14.2,7.5,8.7,14.9,275.0,62.23127404390134,39650,11.378857400795896,32.876721396844175,7.9685688852612095,41.77215189873418,37.777777777777786,41.599999999999994,45.37815126050421,17.544692521038403,22.462455899341222,50.0,26.02274443047946,76.11168234362651,43.55387270008093,Monitor,0
17117,IL,Macoupin County,44350.0,9566.0,0.2156933483652762,0.2724231653773782,0.1657271702367531,70805.0,12.8,7.7,9.1,14.7,545.0,56.97261133180013,39650,16.593202968448526,22.03137284926368,13.595204123312813,32.9113924050633,40.00000000000001,44.8,43.69747899159664,16.06213215612318,27.037996815386055,50.0,26.312934633830245,75.55442826951644,43.547457406320405,Monitor,0
48015,TX,Austin County,31170.0,6556.0,0.2103304459416105,0.2545759609517998,0.1274302213666987,75789.0,14.7,7.9,8.2,15.1,272.0,41.48871262965223,39650,15.8507779489508,19.62983136534511,7.7024675352375755,44.936708860759495,42.22222222222223,37.599999999999994,47.05882352941177,11.696799034958946,30.92822129944738,50.0,25.629438160326327,76.78829414093836,43.535037753540536,Monitor,0
39005,OH,Ashland County,52256.0,10587.0,0.2025987446417636,0.2521016340795315,0.1421080832823025,69860.0,13.9,8.2,9.6,15.7,739.0,69.80258807972041,39650,14.780423123370026,19.296882938979216,9.960944424304477,39.873417721519,45.55555555555555,48.8,52.10084033613446,19.679252334886304,26.300384026975554,50.0,27.214808467871187,73.78629600771987,43.514829106818226,Monitor,0
29117,MO,Livingston County,14364.0,2882.0,0.2006404901141743,0.3289382373351839,0.1494012809802283,63627.0,12.6,7.8,9.7,16.0,256.0,88.82720333102012,39650,14.509327913915659,29.636109509241432,11.083145909975272,31.645569620253166,41.111111111111114,49.599999999999994,54.6218487394958,25.042809967976766,21.43526179399919,50.0,27.987230533946196,72.29587597941303,43.49525643985959,Monitor,0
39119,OH,Muskingum County,86411.0,16071.0,0.1859832660193725,0.2808163773256176,0.1580354353033757,60780.0,14.4,8.0,9.6,15.3,1406.0,87.48677742517579,39650,12.480223331228201,23.160773633631322,12.411679868639593,43.03797468354431,43.333333333333336,48.8,48.73949579831934,24.664907366325338,19.213056917168817,50.0,27.467588233099363,73.17038387337043,43.46356670719423,Monitor,0
17121,IL,Marion County,37000.0,7473.0,0.2019729729729729,0.3429680181988492,0.1874054054054054,61240.0,13.3,7.9,9.5,15.3,820.0,109.72835541281948,39650,14.693793066229158,31.523973846475702,16.930825714909215,36.07594936708862,42.22222222222223,48.0,48.73949579831934,30.93541448627633,19.572106528458587,50.0,29.29197622527351,69.61389007401044,43.40464607233143,Monitor,0
48005,TX,Angelina County,87275.0,14722.0,0.168685190489831,0.2453470995788615,0.1946490976797479,60960.0,14.9,7.9,8.8,17.0,1445.0,98.15242494226328,39650,10.08552675692157,18.387984580384185,18.045409820358742,46.20253164556963,42.22222222222223,42.400000000000006,63.025210084033624,27.671844137265754,19.35355459115177,50.0,28.27365773554232,71.4744193471583,43.39392429960792,Monitor,0
17011,IL,Bureau County,32866.0,7614.0,0.2316679851518286,0.272655634357762,0.1457433213655449,69257.0,13.2,8.0,8.9,14.7,510.0,66.9818754925138,39650,18.804686432214137,22.062654157349996,10.52029709054879,35.44303797468354,43.333333333333336,43.2,43.69747899159664,18.884016566487112,25.82971681913266,50.0,26.68201417972714,74.3648758426923,43.37101576176495,Monitor,0
17051,IL,Fayette County,21315.0,4164.0,0.1953553835327234,0.2903458213256484,0.1731644381890687,60944.0,12.7,7.6,9.2,14.9,312.0,74.9279538904899,39650,13.777672730434018,24.443067181631132,14.73957364284387,32.278481012658226,38.88888888888889,45.599999999999994,45.37815126050421,21.12423266976354,19.34106590901995,50.0,26.273345104627083,75.07935225892408,43.35544760863103,Monitor,0
26159,MI,Van Buren County,75795.0,15078.0,0.1989313279240055,0.281469690940443,0.1161686127053235,68114.0,13.5,8.0,9.5,15.8,994.0,65.9238625812442,39650,14.272716342024797,23.248684306395475,5.969648202171567,37.34177215189874,43.333333333333336,48.0,52.941176470588246,18.585733886328278,24.937556589340907,50.0,26.41103956748187,74.79657938571717,43.345978503864224,Monitor,0
36095,NY,Schoharie County,30049.0,7181.0,0.2389763386468767,0.3161119621222671,0.1653299610635961,70133.0,11.3,7.6,7.9,13.9,359.0,49.99303718145105,39650,19.81643418695859,27.910190352747104,13.534085702737759,23.41772151898735,38.88888888888889,35.2,36.9747899159664,14.094399946281607,26.5134721658497,50.0,25.29559427258353,76.79403837979021,43.32004971010586,Monitor,0
39157,OH,Tuscarawas County,92385.0,18645.0,0.2018184770254911,0.3009385894341647,0.1539319153542241,65044.0,13.6,8.2,9.7,15.0,1655.0,88.76374363100027,39650,14.67240508491603,25.868442911942857,11.78027285430248,37.9746835443038,45.55555555555555,49.599999999999994,46.21848739495799,25.02491894868733,22.541290705298323,50.0,27.83929492836267,71.97390736663247,43.2864092817571,Monitor,0
26049,MI,Genesee County,403305.0,75735.0,0.1877859188455387,0.3006007790321516,0.1773198943727452,62281.0,13.2,7.8,9.5,16.0,7246.0,95.67571136198586,39650,12.729777481926185,25.822986734337196,15.378972065333896,35.44303797468354,41.111111111111114,48.0,54.6218487394958,26.973591066020685,20.384651409659995,50.0,28.049286576227953,71.54912949079062,43.27423159632489,Monitor,0
48429,TX,Stephens County,9351.0,1904.0,0.2036145866752219,0.296218487394958,0.1778419420382846,58008.0,13.8,7.7,8.4,15.3,178.0,93.4873949579832,39650,14.921053416803815,25.233300254012768,15.459299336048895,39.240506329113934,40.00000000000001,39.2,48.73949579831934,26.35664502021281,17.04939273783134,50.0,27.325118472255976,72.88902741753355,43.27248660310313,Monitor,0
29187,MO,St. Francois County,66999.0,11539.0,0.1722264511410618,0.2795736198977381,0.1978089225212316,57477.0,12.9,7.7,10.1,16.6,1260.0,109.19490423780223,39650,10.575768849791773,22.993546686131175,18.531610836489293,33.54430379746836,40.00000000000001,52.800000000000004,59.66386554621851,30.785020058643987,16.63492459958163,50.0,28.40011331703417,70.57776158787132,43.16229021182717,Monitor,0
48463,TX,Uvalde County,24881.0,4098.0,0.1647039909971464,0.2513421181063933,0.1819460632611229,53801.0,15.7,7.0,6.6,15.7,283.0,69.05807711078575,39650,9.534380777099628,19.194681548010887,16.090798868133707,51.26582278481013,32.22222222222222,24.799999999999997,52.10084033613446,19.46935439805017,13.765649879796435,50.0,24.519845734419967,77.66216011713348,43.1196557683697,Monitor,0
39059,OH,Guernsey County,38223.0,7664.0,0.2005075478115271,0.3157620041753653,0.1687988907202469,58478.0,14.8,8.9,10.6,16.1,1143.0,149.13883089770354,39650,14.490923758136248,27.86309958676097,14.067848556237278,45.569620253164565,53.33333333333334,56.8,55.462184873949596,42.04630181926633,17.416247775453495,50.0,31.732279434840414,64.14965966676746,43.07836251601488,Monitor,0
48223,TX,Hopkins County,37784.0,7074.0,0.1872221045945373,0.2459711620016963,0.1439762862587338,70888.0,13.4,7.3,8.3,15.1,248.0,35.05795872208086,39650,12.651724634191044,18.47195917725968,10.248404087749776,36.708860759493675,35.55555555555556,38.400000000000006,47.05882352941177,9.883794211898238,27.10278185394486,50.0,23.75572983713277,78.93307862727252,43.067801913681684,Monitor,0
12101,FL,Pasco County,611444.0,134207.0,0.2194918913261067,0.2596734894603113,0.1625201980884594,70492.0,12.8,7.7,7.8,14.6,6776.0,50.48916971543958,39650,17.119062495430164,20.315760986967142,13.101748569469326,32.9113924050633,40.00000000000001,34.4,42.85714285714286,14.234273231735667,26.793686971182368,50.0,24.9643330120171,76.63304363119067,43.04838172872785,Monitor,0
26021,MI,Berrien County,153288.0,32703.0,0.2133435102552059,0.2733388374155276,0.1415440217107666,65425.0,13.5,8.0,9.2,15.2,2617.0,80.0232394581537,39650,16.267898037113792,22.15458678982506,9.874152490257849,37.34177215189874,43.333333333333336,45.599999999999994,47.89915966386555,22.560732564149145,22.83867744856224,50.0,26.78241954071354,73.2399938551493,43.04257055076605,Monitor,0
48395,TX,Robertson County,17167.0,3576.0,0.2083066348226248,0.2681767337807606,0.1961903652356265,72236.0,15.4,8.0,8.7,15.7,362.0,101.2304250559284,39650,15.570607270692282,21.459967860856416,18.282564058137744,49.367088607594944,43.333333333333336,41.599999999999994,52.10084033613446,28.539616272798114,28.15495332355053,50.0,29.408286036135358,68.35672505289588,43.04023969200154,Monitor,0
12111,FL,St. Lucie County,360500.0,88534.0,0.2455866851595007,0.2183454943863374,0.1464965325936199,71457.0,14.5,8.4,8.3,15.3,6949.0,78.48961980707976,39650,20.73155183237102,14.754615821000119,10.63619340848489,43.67088607594937,47.777777777777786,38.400000000000006,48.73949579831934,22.128363379431303,27.54691061225764,50.0,27.3821349781444,72.06532695763549,43.02125217096628,Monitor,0
26137,MI,Otsego County,25584.0,5654.0,0.2209974984365228,0.2368234877962504,0.1600218886804252,68183.0,12.3,7.9,9.1,14.8,352.0,62.2568093385214,39650,17.327494478711063,17.241037036071834,12.717334675114223,29.746835443037984,42.22222222222223,44.8,44.53781512605043,17.551891616660757,24.991414031034374,50.0,25.59218338924245,75.34903540152628,43.00708159354179,Monitor,0
17137,IL,Morgan County,33021.0,6897.0,0.2088670845825384,0.330288531245469,0.1758577874685806,66306.0,12.6,7.6,8.8,14.4,552.0,80.03479773814702,39650,15.648194347812161,29.817806696302547,15.153998246164061,31.645569620253166,38.88888888888889,42.400000000000006,41.176470588235304,22.563991158347488,23.52633550844547,50.0,26.826612150368973,73.03190421037525,42.99846437137117,Monitor,0
48287,TX,Lee County,17971.0,3578.0,0.199098547660119,0.242314141978759,0.1462912470090701,76371.0,15.4,8.1,9.0,16.1,272.0,76.02012297372835,39650,14.295865768592138,17.979866125419147,10.604606195644891,49.367088607594944,44.44444444444444,44.0,55.462184873949596,21.43214490586665,31.382497111992258,50.0,27.719239392688785,71.29757116817566,42.97165551410919,Monitor,0
17171,IL,Scott County,4937.0,1142.0,0.2313145635001012,0.3677758318739054,0.1549524002430626,66705.0,12.3,7.5,8.6,14.2,95.0,83.18739054290718,39650,18.75575973992216,34.86214335724708,11.93729446619226,29.746835443037984,37.777777777777786,40.8,39.49579831932773,23.452793006828614,23.837772019107682,50.0,27.0877614858204,72.44963224051196,42.96441624996244,Monitor,0
17057,IL,Fulton County,33020.0,7089.0,0.2146880678376741,0.2815629849061927,0.1489703210175651,60599.0,13.0,7.9,9.2,14.9,615.0,86.754126110876,39650,16.45403477996683,23.261238055632866,11.016834268580602,34.17721518987342,42.22222222222223,45.599999999999994,45.37815126050421,24.4583529894142,19.071778700552624,50.0,26.543820124312745,73.3263722456564,42.91771336678302,Monitor,0
17053,IL,Ford County,13406.0,2628.0,0.1960316276294196,0.3089802130898021,0.1446367298224675,62439.0,12.4,7.5,8.7,14.5,167.0,63.54642313546423,39650,13.87129004751579,26.950533549028634,10.35002628135005,30.379746835443044,37.777777777777786,41.599999999999994,42.01680672268908,17.915468899720867,20.5079771457117,50.0,24.757840934094247,76.49409896144002,42.86553124366527,Monitor,0
36101,NY,Steuben County,92588.0,19262.0,0.2080399187799715,0.3066140587685598,0.1541776472113016,65887.0,11.5,7.5,8.3,14.4,1058.0,54.92679887862112,39650,15.533683857300792,26.63214095238909,11.818083519323588,24.683544303797472,37.777777777777786,38.400000000000006,41.176470588235304,15.485361858580887,23.199288145118484,50.0,24.44563807802934,77.02326453424497,42.847807337704815,Monitor,0
29177,MO,Ray County,23145.0,4468.0,0.1930438539641391,0.3128916741271262,0.1501404190969971,74573.0,13.3,7.9,9.6,15.9,369.0,82.58728737690242,39650,13.45767112506214,27.476864492512544,11.196876803762745,36.07594936708862,42.22222222222223,48.8,53.781512605042025,23.283607566064095,29.979081457429206,50.0,27.81329123533025,70.70029140143599,42.82374129346726,Monitor,0
39039,OH,Defiance County,38343.0,7741.0,0.2018882194924758,0.2420875855832579,0.1436768119343817,73064.0,13.3,7.6,8.2,14.3,281.0,36.30021960986952,39650,14.68206003447887,17.949380421929185,10.202324090246933,36.07594936708862,38.88888888888889,37.599999999999994,40.336134453781526,10.234021419070451,28.801242623872113,50.0,23.693484160934382,78.23091543234962,42.781585105929715,Monitor,0
48009,TX,Archer County,8867.0,1932.0,0.2178865456185857,0.275879917184265,0.1822487876395624,72159.0,12.7,7.5,8.1,14.3,116.0,60.041407867494826,39650,16.896822983305647,22.496517566940106,16.137378950191568,32.278481012658226,37.777777777777786,36.8,40.336134453781526,16.927309552144493,28.09485154079116,50.0,25.545398495327497,74.76152428408318,42.77104252139198,Monitor,0
17115,IL,Macon County,101849.0,21412.0,0.2102327956091861,0.3363534466654213,0.1468742942984221,62666.0,13.3,7.5,8.5,14.4,1760.0,82.19689893517653,39650,15.837259513553912,30.63390907458865,10.694319454688074,36.07594936708862,37.777777777777786,40.0,41.176470588235304,23.173546422706874,20.685160323456866,50.0,26.196284903824562,73.54900137047416,42.76973566715192,Monitor,0
26029,MI,Charlevoix County,26108.0,7067.0,0.2706833154588632,0.2172067355313428,0.1460854910372299,76531.0,12.3,8.2,8.6,13.9,389.0,55.044573369180696,39650,24.205858237259083,14.601383047662814,10.572946604495954,29.746835443037984,45.55555555555555,40.8,36.9747899159664,15.518565697895376,31.50738393331044,50.0,25.663979428819374,74.51257368616442,42.76098741889014,Monitor,0
29186,MO,Ste. Genevieve County,18571.0,3985.0,0.2145818749663453,0.2685069008782936,0.1593882935760056,66339.0,12.5,7.9,9.1,15.2,319.0,80.05018820577165,39650,16.43933373968332,21.504395546136585,12.619843643478589,31.012658227848107,42.22222222222223,44.8,47.89915966386555,22.56833015070105,23.552093415342345,50.0,26.452865506930628,73.02179039251172,42.75198921688401,Monitor,0
17061,IL,Greene County,11683.0,2434.0,0.2083368997688949,0.3212818405916187,0.1645125395874347,62192.0,13.2,8.1,9.7,15.4,278.0,114.215283483977,39650,15.57479706411935,28.605855472891704,13.4083093789685,35.44303797468354,44.44444444444444,49.599999999999994,49.57983193277312,32.20040181912348,20.315183115301757,50.0,28.772970897947406,68.69522406489156,42.74575950637786,Monitor,0
12125,FL,Union County,15701.0,2607.0,0.1660403795936564,0.192174913693901,0.1306923125915546,64146.0,14.5,8.5,10.0,17.0,220.0,84.38818565400844,39650,9.71938662867772,11.233070726741612,8.204404239897048,43.67088607594937,48.88888888888889,52.0,63.025210084033624,23.791329881233203,21.840363420650036,50.0,26.514186619047273,72.86265953912672,42.73615214107508,Monitor,0
17175,IL,Stark County,5308.0,1215.0,0.2288997739261492,0.3209876543209876,0.1437452901281085,62878.0,12.7,7.9,8.8,14.4,109.0,89.7119341563786,39650,18.421463111922204,28.566269411339828,10.212860803211413,32.278481012658226,42.22222222222223,42.400000000000006,41.176470588235304,25.292239704604828,20.850635361703457,50.0,26.740595732635384,72.33407755395632,42.69831437009771,Monitor,0
36039,NY,Greene County,47409.0,11442.0,0.241346579763336,0.2991609858416361,0.1432639372271087,77945.0,11.7,7.6,8.0,14.5,555.0,48.50550603041427,39650,20.144563652700167,25.62924641552676,10.138795220046495,25.949367088607595,38.88888888888889,36.0,42.01680672268908,13.675024366054927,32.61107121670986,50.0,25.19379318953191,75.19541523365683,42.69436090497563,Monitor,0
39135,OH,Preble County,40765.0,8298.0,0.2035569728934134,0.2752470474813208,0.1567030540905188,69223.0,13.4,7.9,9.1,14.8,630.0,75.92190889370933,39650,14.913077528058615,22.411357851766027,12.206666891002488,36.708860759493675,42.22222222222223,44.8,44.53781512605043,21.40445567948258,25.80317836960255,50.0,26.35819624875669,72.98659586540381,42.67813611458318,Monitor,0
06015,CA,Del Norte County,27107.0,5552.0,0.2048179437045781,0.2773775216138328,0.1923857306230862,67058.0,12.5,7.7,8.1,15.9,477.0,85.91498559077809,39650,15.087642755077068,22.698037036227557,17.697146413989483,31.012658227848107,40.00000000000001,36.8,53.781512605042025,24.221776402589445,24.11330356864092,50.0,26.875462610290313,71.94403190798354,42.649461864482944,Monitor,0
17159,IL,Richland County,15598.0,3234.0,0.2073342736248237,0.3358070500927644,0.1734196691883575,62455.0,12.5,7.7,8.9,14.5,306.0,94.61966604823748,39650,15.435996340974329,30.560385288755516,14.778845937172678,31.012658227848107,40.00000000000001,43.2,42.01680672268908,26.675863105238008,20.520465827843516,50.0,27.021772561045168,71.67213554376605,42.64939960499747,Monitor,0
48305,TX,Lynn County,5752.0,915.0,0.1590751043115438,0.2546448087431694,0.120827538247566,73679.0,15.2,7.5,8.0,16.0,40.0,43.71584699453552,39650,8.755133649859806,19.63909560769409,6.686515258527527,48.10126582278481,37.777777777777786,36.0,54.6218487394958,12.324688922081462,29.281276343313873,50.0,24.122040039330415,76.93703818986104,42.60728939201613,Monitor,0
48467,TX,Van Zandt County,62649.0,12751.0,0.2035307826142476,0.2582542545682691,0.1451100576226276,69475.0,13.4,7.7,8.5,15.2,819.0,64.23025645047447,39650,14.909451820002747,20.124787017745422,10.422857045378292,36.708860759493675,40.00000000000001,40.0,47.89915966386555,18.108260151897923,25.999875113178682,50.0,25.29145445907408,74.74049438250253,42.59861843227404,Monitor,0
17157,IL,Randolph County,30058.0,6393.0,0.212688801650143,0.2837478492100735,0.201809834320314,68131.0,12.9,7.7,8.9,14.8,602.0,94.16549350852496,39650,16.17726203248798,23.55523604755269,19.14722957478909,33.54430379746836,40.00000000000001,43.2,44.53781512605043,26.54781948596173,24.95082581410597,50.0,27.535258722564596,70.41345153848926,42.54262620813822,Monitor,0
29109,MO,Lawrence County,38593.0,6996.0,0.181276397274117,0.2745854774156661,0.1524110590003368,61215.0,13.7,8.4,10.7,17.1,889.0,127.07261292166952,39650,11.82861775575682,22.32233618095962,11.546259280214176,38.607594936708864,47.777777777777786,57.599999999999994,63.86554621848741,35.8252334667429,19.552592962627617,50.0,29.39984861542339,66.93034370450313,42.535521896601296,Monitor,0
36097,NY,Schuyler County,17562.0,4045.0,0.2303268420453251,0.3045735475896168,0.1504953877690468,67663.0,12.4,8.2,9.0,15.1,386.0,95.4264524103832,39650,18.619022379741136,26.357567292123953,11.251495694904838,30.379746835443044,45.55555555555555,44.0,47.05882352941177,26.903318172991053,24.58553186175029,50.0,27.55810241977588,70.32751544632984,42.52739697906976,Monitor,0
48149,TX,Fayette County,25042.0,6734.0,0.2689082341666001,0.2361152361152361,0.1471527833240156,75854.0,13.8,8.0,7.7,14.2,456.0,67.71606771606771,39650,23.96012101160997,17.14573383045756,10.737170452454516,39.240506329113934,43.333333333333336,33.6,39.49579831932773,19.09100536772078,30.978956570607885,50.0,26.27628821613953,72.7062600765712,42.52677836729062,Monitor,0
29025,MO,Caldwell County,8927.0,1808.0,0.2025316455696202,0.2948008849557522,0.1443934132407303,64806.0,13.0,8.1,9.8,16.0,188.0,103.98230088495576,39650,14.7711341179008,25.042545949625595,10.31258725380367,34.17721518987342,44.44444444444444,50.4,54.6218487394958,29.315445082639012,22.35552155858753,50.0,27.876033710061144,69.66984873697228,42.50386896948004,Monitor,0
12105,FL,Polk County,790694.0,154193.0,0.1950097003391957,0.236392054114,0.1364446928900434,65978.0,13.6,7.7,8.0,16.0,9886.0,64.11445396353919,39650,13.729817328373692,17.182982796271727,9.089520753184967,37.9746835443038,40.00000000000001,36.0,54.6218487394958,18.07561227416015,23.2703175247432,50.0,24.68745913055114,75.57731799178896,42.49890973198438,Monitor,0
29135,MO,Moniteau County,15262.0,2550.0,0.1670816406761892,0.3729411764705882,0.1377276896868038,65715.0,11.9,7.1,8.7,15.2,164.0,64.31372549019608,39650,9.863535863258278,35.55719839398382,9.286934969975615,27.215189873417728,33.33333333333333,41.599999999999994,47.89915966386555,18.131792349485725,23.065034812201443,50.0,24.661619005968927,75.60800376412243,42.49285367132265,Monitor,0
48277,TX,Lamar County,50669.0,9900.0,0.1953857388146598,0.3216161616161616,0.1764984507292427,61880.0,14.3,7.8,9.1,15.6,1186.0,119.7979797979798,39650,13.781875029674826,28.650842115630848,15.252576852244376,42.40506329113925,41.111111111111114,44.8,51.26050420168068,33.774316089276724,20.071653813731306,50.0,28.751278305605318,67.90263000677841,42.454251401015895,Monitor,0
29021,MO,Buchanan County,83568.0,14577.0,0.1744327972429638,0.320436303766207,0.1777235305380049,62158.0,13.0,7.6,9.3,15.6,1466.0,100.5693901351444,39650,10.881209153999967,28.4920790116608,15.44107940467748,34.17721518987342,38.88888888888889,46.400000000000006,51.26050420168068,28.353252509416976,20.288644665771642,50.0,27.15499084922891,70.81911772008917,42.43743525403,Monitor,0
39125,OH,Paulding County,18791.0,3625.0,0.1929115001862593,0.3293793103448276,0.1583204725666542,67731.0,14.1,8.1,9.2,15.0,375.0,103.44827586206895,39650,13.439348442984356,29.695460828632275,12.455538441185032,41.139240506329116,44.44444444444444,45.599999999999994,46.21848739495799,29.164888871649662,24.638608760810516,50.0,28.045481157851093,69.06772849234953,42.40326772492554,Monitor,0
39003,OH,Allen County,101348.0,19375.0,0.1911729881201405,0.3270709677419355,0.1586711133914828,64038.0,14.5,7.9,9.1,14.6,2006.0,103.53548387096774,39650,13.198673757409333,29.384847446964674,12.509491408162928,43.67088607594937,42.22222222222223,44.8,42.85714285714286,29.189475186569418,21.756064816260263,50.0,27.56431895356107,69.91896920250875,42.388446540692755,Monitor,0
39151,OH,Stark County,373713.0,76627.0,0.2050423720876715,0.2863873047359286,0.1400513228065387,67934.0,13.7,7.9,8.8,14.6,5969.0,77.89682487895912,39650,15.118711984671606,23.910404385918024,9.644471491968153,38.607594936708864,42.22222222222223,42.400000000000006,42.85714285714286,21.961238330142248,24.797058915357955,50.0,25.903828954056635,72.98220124381439,42.381259255471846,Monitor,0
17135,IL,Montgomery County,27942.0,6007.0,0.2149810321380001,0.3309472282337273,0.1525302412139431,63620.0,12.6,7.6,8.9,14.7,566.0,94.22340602630264,39650,16.49459192779444,29.906441762328207,11.564597800944606,31.645569620253166,38.88888888888889,43.2,43.69747899159664,26.56414660336594,21.429797995566517,50.0,26.665727556560633,71.46077996947878,42.34399590108198,Monitor,0
12009,FL,Brevard County,632780.0,155030.0,0.2449982616391162,0.2536218796361994,0.1608315686336483,78476.0,13.1,7.9,7.8,14.1,9300.0,59.98838934399794,39650,20.65009214709565,19.501449025802785,12.84191981376791,34.810126582278485,42.22222222222223,34.4,38.655462184873954,16.91236218513388,33.02553935495956,50.0,25.66490545233538,73.2905389916885,42.33387719110897,Monitor,0
48097,TX,Cooke County,43046.0,8136.0,0.1890071086744413,0.2572517207472959,0.1475863030246713,73932.0,13.0,7.2,7.9,14.6,291.0,35.7669616519174,39650,12.898835542451872,19.98988485028619,10.803875959735874,34.17721518987342,34.44444444444445,35.2,42.85714285714286,10.083681464595685,29.478753629523247,50.0,23.051847054249144,78.1103491056154,42.32232277222733,Monitor,0
17161,IL,Rock Island County,142757.0,29061.0,0.2035697023613553,0.3398368948074739,0.1511099280595697,67159.0,13.1,7.3,8.1,14.0,2073.0,71.33271394652627,39650,14.914839759540444,31.102646083519247,11.346054769756938,34.810126582278485,35.55555555555556,36.8,37.815126050420176,20.11063652658159,24.19213837459802,50.0,25.161398625189808,74.18150839800073,42.31843704567363,Monitor,0
48349,TX,Navarro County,54711.0,9125.0,0.1667854727568496,0.2347397260273972,0.1637147922721207,63111.0,15.3,7.6,8.6,16.0,798.0,87.45205479452055,39650,9.822535215489639,16.96064352394663,13.28556031065655,48.73417721518988,38.88888888888889,40.8,54.6218487394958,24.65511811023622,21.032501795248056,50.0,25.96133387895317,72.62993450079567,42.29534409659804,Monitor,0
17109,IL,McDonough County,26920.0,5199.0,0.1931277860326894,0.3604539334487401,0.1515973254086181,52795.0,11.4,6.8,7.9,13.5,354.0,68.09001731102136,39650,13.469290442869411,33.87689982051303,11.421050409785959,24.050632911392412,30.000000000000004,35.2,33.61344537815126,19.196431952064852,12.980423990758375,50.0,23.019475494705866,78.04783522913682,42.2794014017567,Monitor,0
39027,OH,Clinton County,42012.0,7803.0,0.18573264781491,0.3230808663334615,0.1595972579263067,70407.0,13.5,8.0,9.3,15.0,724.0,92.7848263488402,39650,12.445528456953873,28.847934559713888,12.651996906570142,37.34177215189874,43.333333333333336,46.400000000000006,46.21848739495799,26.158571777912616,26.727340847357084,50.0,27.29833096752859,70.09458326794095,42.277019272672916,Monitor,0
48057,TX,Calhoun County,19868.0,3815.0,0.1920173142742098,0.2830930537352555,0.1990638212200523,79959.0,14.7,7.3,6.9,14.8,236.0,61.8610747051114,39650,13.315559878370836,23.46712597390979,18.724701609907303,44.936708860759495,35.55555555555556,27.200000000000003,44.53781512605043,17.44032323613546,34.18308408005245,50.0,25.816907141897193,72.65289699610977,42.20950359087159,Monitor,0
48179,TX,Gray County,21045.0,3508.0,0.1666904252791637,0.2594070695553022,0.1247327156094084,59614.0,13.9,7.3,8.2,15.4,216.0,61.57354618015964,39650,9.809377111929377,20.279911201266017,7.287403376302515,39.873417721519,35.55555555555556,37.599999999999994,49.57983193277312,17.359261107184864,18.302944206812576,50.0,23.212692154417514,77.46152312900455,42.19978299552297,Monitor,0
48279,TX,Lamb County,12828.0,2197.0,0.1712659806672903,0.2872098315885298,0.1422669161209853,60760.0,16.6,7.9,7.9,16.8,253.0,115.15703231679562,39650,10.442804038224422,24.021084597286464,9.985383971252975,56.96202531645571,42.22222222222223,35.2,61.34453781512607,32.4659064863137,19.197446064504042,50.0,27.783819028780073,68.88451761317626,42.169063533318734,Monitor,0
26089,MI,Leelanau County,22734.0,7673.0,0.3375120964194598,0.1997914766062817,0.1264185801002903,99422.0,12.2,8.3,7.8,13.0,247.0,32.19079890525219,39650,33.45744536081643,12.257964674431408,7.5468066880823885,29.11392405063291,46.66666666666668,34.4,29.411764705882355,9.075463703359251,49.37478535077586,50.0,25.67165292130349,72.69605935791965,42.13019517411915,Monitor,0
06103,CA,Tehama County,65167.0,13085.0,0.2007918118065892,0.2419564386702331,0.1790016419353353,63784.0,13.0,8.1,8.4,16.6,1368.0,104.54719144058082,39650,14.530276460349356,17.93173313417438,15.63774190696298,34.17721518987342,44.44444444444444,39.2,59.66386554621851,29.474703128673685,21.557806987417653,50.0,27.198429984659732,69.82157118300418,42.11652940408029,Monitor,0
48413,TX,Schleicher County,2381.0,545.0,0.2288954220915581,0.2532110091743119,0.0986980260394792,86694.0,14.8,7.4,6.7,14.7,13.0,23.853211009174316,39650,18.420860656269294,19.446161797886823,3.281455844856658,45.569620253164565,36.66666666666668,25.6,43.69747899159664,6.724870400374266,39.44003871491461,50.0,23.33180719386447,76.96930966531977,42.104933058873826,Monitor,0
48487,TX,Wilbarger County,12616.0,2499.0,0.1980818008877615,0.3405362144857943,0.2231293595434369,54102.0,16.5,8.5,9.9,17.3,529.0,211.68467386954785,39650,14.155110225668091,31.196747388012625,22.427656606952056,56.329113924050645,48.88888888888889,51.2,65.54621848739497,59.679679895955395,14.000593212401261,50.0,34.90024311604278,55.47599809350416,42.10175735815426,Monitor,0
48375,TX,Potter County,115975.0,16611.0,0.1432291442121147,0.3321293119017519,0.14094416900194,53249.0,15.3,7.2,8.2,16.3,1751.0,105.41207633495875,39650,6.561463822144109,30.06550437507864,9.781853387873678,48.73417721518988,34.44444444444445,37.599999999999994,57.14285714285715,29.71853775637626,13.334790346248711,50.0,25.898710169621708,72.15436713011844,42.08819010579556,Monitor,0
39127,OH,Perry County,35535.0,6517.0,0.1833966511889686,0.2462789627129047,0.1616997326579428,67460.0,14.3,8.3,10.1,15.9,710.0,108.94583397268684,39650,12.12213970147178,18.51337721445587,12.97550387363047,42.40506329113925,46.66666666666668,52.800000000000004,53.781512605042025,30.714800361478527,24.427081707202845,50.0,27.967966538547216,68.27873528902596,42.07673560121478,Monitor,0
36089,NY,St. Lawrence County,107226.0,20152.0,0.1879394922873183,0.3031460897181421,0.172737955346651,62850.0,11.9,7.3,8.6,14.7,1565.0,77.65978562921794,39650,12.751037754163178,26.16548682881176,14.673950894195448,27.215189873417728,35.55555555555556,40.8,43.69747899159664,21.894410504165343,20.828780167972774,50.0,24.77419508375864,74.20944017231723,42.07653086475415,Monitor,0
06027,CA,Inyo County,18739.0,4675.0,0.2494796947542558,0.3118716577540107,0.1444580820748172,73991.0,12.4,7.6,6.9,14.7,329.0,70.37433155080214,39650,21.27048905254803,27.339609851623116,10.322537822085888,30.379746835443044,38.88888888888889,27.200000000000003,43.69747899159664,19.840442404592476,29.52480564488432,50.0,25.49968277689051,72.73031498400884,42.03040404938193,Monitor,0
12005,FL,Bay County,186393.0,34078.0,0.1828287542987129,0.2548271612183813,0.1693464883337893,73533.0,11.9,7.3,7.9,14.8,1420.0,41.66911203709138,39650,12.043521664723574,19.663633178031375,14.15210718748785,27.215189873417728,35.55555555555556,35.2,44.53781512605043,11.7476585454402,29.167317118861032,50.0,23.04170288588554,77.28859266434958,42.02811430834795,Monitor,0
29201,MO,Scott County,37933.0,7099.0,0.1871457569925922,0.2898999859135089,0.1641314950043498,62782.0,13.4,7.8,9.9,15.9,813.0,114.5231722777856,39650,12.641155288455314,24.38307502758159,13.349678197564174,36.708860759493675,41.111111111111114,51.2,53.781512605042025,32.28720406286727,20.775703268912547,50.0,27.767834163328587,68.50932678474925,42.02735658082582,Monitor,0
36011,NY,Cayuga County,75102.0,16029.0,0.2134297355596389,0.3026389668725435,0.1378791510212777,67904.0,11.8,7.7,8.6,15.0,1222.0,76.23682076236821,39650,16.279834824000382,26.097247763347674,9.310240266446138,26.582278481012665,40.00000000000001,40.8,46.21848739495799,21.493237919469316,24.773642636360798,50.0,25.20667051138854,73.24662635338363,42.020655056086824,Monitor,0
29167,MO,Polk County,32444.0,5931.0,0.1828072987301195,0.3092227280391165,0.1608926149673283,59647.0,13.0,8.1,10.1,16.1,749.0,126.2856179396392,39650,12.040551416586856,26.983166654884368,12.851312989325173,34.17721518987342,44.44444444444444,52.800000000000004,55.462184873949596,35.603358128539455,18.32870211370945,50.0,28.316259901071152,67.41954239519046,42.002408774012906,Monitor,0
48415,TX,Scurry County,16488.0,2564.0,0.1555070354196991,0.3330733229329173,0.1226346433770014,60039.0,13.6,6.7,7.0,14.7,124.0,48.36193447737909,39650,8.26118030010142,30.192531644927772,6.964573820081737,37.9746835443038,28.888888888888896,28.000000000000004,43.69747899159664,13.63454763162405,18.634674825938994,50.0,21.843194728259803,79.41059635482509,41.991785297557655,Monitor,0
29127,MO,Marion County,28457.0,5406.0,0.1899708331869136,0.3220495745467998,0.1586604350423446,62903.0,12.8,7.5,9.1,15.3,539.0,99.7040325564188,39650,13.032250833918921,28.709162685495706,12.507848334745242,32.9113924050633,37.777777777777786,44.8,48.73949579831934,28.109284619111847,20.87014892753442,50.0,26.488873376369177,70.77884878122816,41.990364768069824,Monitor,0
36031,NY,Essex County,36973.0,9757.0,0.2638952749303546,0.2938403197704212,0.1692045546750331,71661.0,11.8,8.1,8.3,14.4,955.0,97.87844624372244,39650,23.26614113565934,24.913291132704565,14.13026791076453,26.582278481012665,44.44444444444444,38.400000000000006,41.176470588235304,27.594602073736375,27.70614130943832,50.0,27.43990188734267,69.01112646661349,41.989830490087456,Monitor,0
48059,TX,Callahan County,14241.0,2985.0,0.2096060669896776,0.2338358458961474,0.1817288111789902,72436.0,13.2,7.6,8.2,14.6,207.0,69.34673366834171,39650,15.75049697886652,16.839016316686358,16.05737037497717,35.44303797468354,38.88888888888889,37.599999999999994,42.85714285714286,19.550734550141033,28.31106185019826,50.0,25.153857739286543,73.25377744236296,41.98882963536329,Monitor,0
29053,MO,Cooper County,16824.0,3334.0,0.1981692819781265,0.271745650869826,0.1396814075130765,70625.0,12.2,7.3,8.6,14.7,181.0,54.289142171565686,39650,14.167220860001711,21.94020567500801,9.587552770018014,29.11392405063291,35.55555555555556,40.8,43.69747899159664,15.305589050918725,26.897499141403102,50.0,23.667042480033743,76.01267627957377,41.98801430987275,Monitor,0
12087,FL,Monroe County,81860.0,20247.0,0.2473369166870266,0.2423075023460265,0.1119227950158807,87738.0,13.2,7.9,7.2,14.1,559.0,27.60902849804909,39650,20.97384892698435,17.9789726883819,5.316345890027318,35.44303797468354,42.22222222222223,29.600000000000005,38.655462184873954,7.783737730664833,40.254925224015736,50.0,23.59564955118681,76.14246668092962,41.98703554659679,Monitor,0
39065,OH,Hardin County,30475.0,4919.0,0.1614109926168991,0.2959951209595446,0.1228547990155865,62484.0,12.9,7.5,9.1,15.2,341.0,69.32303313681642,39650,9.078507409746809,25.203243795423013,6.998449082337315,33.54430379746836,37.777777777777786,44.8,47.89915966386555,19.54405272424907,20.543101564207436,50.0,23.851927362128787,75.58784053240079,41.959496971723986,Monitor,0
48275,TX,Knox County,3307.0,619.0,0.1871787118234049,0.2746365105008077,0.1684306017538554,56667.0,15.6,8.2,8.7,16.1,84.0,135.702746365105,39650,12.645717461878553,22.32920325482158,14.011180076599295,50.63291139240506,45.55555555555555,41.599999999999994,55.462184873949596,38.25830333405417,16.00268506665834,50.0,28.638111051203754,66.6571276462727,41.94476685947788,Monitor,0
06035,CA,Lassen County,30356.0,5012.0,0.1651073922782975,0.3264166001596169,0.1421794702859402,67403.0,11.5,7.1,7.6,15.6,262.0,52.274541101356746,39650,9.590226507706694,29.29679495105571,9.971928714715606,24.683544303797472,33.33333333333333,32.8,51.26050420168068,14.737618093029672,24.382590777108245,50.0,22.994199796409305,77.07953281570121,41.92406635316147,Monitor,0
39149,OH,Shelby County,47929.0,8689.0,0.1812889899643222,0.2650477615375762,0.1462162782449039,73978.0,13.3,7.7,8.8,14.8,536.0,61.68719070088618,39650,11.830361052116242,21.0389295590108,10.593070781138012,36.07594936708862,40.00000000000001,42.400000000000006,44.53781512605043,17.39130059542419,29.51465859065222,50.0,24.533420302422194,74.08038709532104,41.87485867993679,Monitor,0
26163,MI,Wayne County,1772259.0,293523.0,0.1656208263013476,0.3309791736933732,0.1582059958504936,60539.0,14.3,7.4,9.2,15.5,32412.0,110.42405535511698,39650,9.661304859401415,29.91074038214188,12.437923953511582,42.40506329113925,36.66666666666668,45.599999999999994,50.4201680672269,31.131551264159153,19.024946142558306,50.0,26.898711865377237,69.67016296194498,41.86871974917595,Monitor,0
48219,TX,Hockley County,21363.0,3284.0,0.1537237279408322,0.2981120584652862,0.1567195618592894,63140.0,14.1,6.7,7.0,15.2,191.0,58.16077953714982,39650,8.014304264482032,25.488101474960512,12.20920693494573,41.139240506329116,28.888888888888896,28.000000000000004,47.89915966386555,16.397109161598408,21.055137531611976,50.0,22.861361580262088,77.16504870163729,41.86765207274341,Monitor,0
48037,TX,Bowie County,92115.0,16165.0,0.1754871627856483,0.3228580266006804,0.138511643054877,59803.0,13.8,7.1,8.1,14.6,1280.0,79.18342097123416,39650,11.027172532921604,28.817948974869456,9.407561569004814,39.240506329113934,33.33333333333333,36.8,42.85714285714286,22.323964839996613,18.450466764494678,50.0,24.184096045220798,74.68667930865345,41.86000018742223,Monitor,0
17127,IL,Massac County,13865.0,3049.0,0.2199062387306166,0.2302394227615611,0.1741074648395239,65116.0,14.1,8.3,9.7,15.5,376.0,123.31912102328631,39650,17.176423576346835,16.35507725567269,14.8846767857998,41.139240506329116,46.66666666666668,49.599999999999994,50.4201680672269,34.7670217838054,22.597489774891503,50.0,28.506910363619845,66.59889108643958,41.83910361660675,Monitor,0
17017,IL,Cass County,12784.0,2307.0,0.1804599499374218,0.3229302123970524,0.1642678347934918,68125.0,13.4,7.4,8.6,15.0,204.0,88.42652795838751,39650,11.715591099297445,28.827662383222002,13.370656747751388,36.708860759493675,36.66666666666668,40.8,46.21848739495799,24.929848658384543,24.946142558306537,50.0,25.966579963969775,71.30474047039654,41.834936141219146,Monitor,0
48033,TX,Borden County,713.0,123.0,0.1725105189340813,0.2032520325203252,0.1150070126227209,65625.0,13.2,7.9,7.4,13.9,3.0,24.390243902439025,39650,10.615094390349904,12.723621277382877,5.7909132504476215,35.44303797468354,42.22222222222223,31.200000000000006,36.9747899159664,6.876274612014963,22.994785975209968,50.0,20.30450445057165,81.81961317082879,41.83479250266164,Monitor,0
36107,NY,Tioga County,47864.0,10439.0,0.2180971084740097,0.2721525050292173,0.1586787564766839,72739.0,11.3,7.6,8.1,14.3,605.0,57.95574288724973,39650,16.925972708527908,21.994952464386554,12.510667446702268,23.41772151898735,38.88888888888889,36.8,40.336134453781526,16.33930374087854,28.547566268069563,50.0,23.977144022296187,74.94911306209595,41.8173331862261,Monitor,0
48281,TX,Lampasas County,22715.0,4763.0,0.209685230024213,0.2023934495066134,0.2187101034558661,81736.0,14.0,7.5,7.9,14.7,327.0,68.6542095318077,39650,15.761456085114492,12.608089305223604,21.747667396123163,40.50632911392405,37.777777777777786,35.2,43.69747899159664,19.35549311847252,35.57010833931749,50.0,25.899269484616646,71.18344628304487,41.74873136406652,Monitor,0
39075,OH,Holmes County,44418.0,6429.0,0.1447386194785897,0.1964535697620158,0.0786167769823044,76140.0,12.7,7.8,10.7,17.0,269.0,41.84165500077772,39650,6.7704313019920885,11.808811879135826,0.19156188346084294,32.278481012658226,41.111111111111114,57.599999999999994,63.025210084033624,11.796303110268006,31.202191763714133,50.0,22.903722204840864,76.65137576023835,41.71540094922999,Monitor,0
48077,TX,Clay County,10495.0,2455.0,0.2339209147212958,0.2496945010183299,0.2005717008099095,80114.0,13.2,7.9,8.3,14.5,217.0,88.39103869653768,39650,19.116575619710378,18.97297619336574,18.956718454374805,35.44303797468354,42.22222222222223,38.400000000000006,42.01680672268908,24.919843268064,34.30406818820444,50.0,27.2246407167669,68.50286574610348,41.6720194770347,Monitor,0
39095,OH,Lucas County,428018.0,75209.0,0.1757145727516132,0.3334175431131912,0.1519679078917241,62224.0,14.0,7.5,8.6,14.6,7443.0,98.96421970774774,39650,11.05865452440264,30.23885033007405,11.478071791946407,40.50632911392405,37.777777777777786,40.8,42.85714285714286,27.900711210444516,20.340160479565395,50.0,25.79023051388552,71.0525606903859,41.632046075660654,Monitor,0
48159,TX,Franklin County,10632.0,2375.0,0.2233822422874341,0.2105263157894736,0.143058690744921,72360.0,13.0,7.5,7.6,13.9,110.0,46.31578947368421,39650,17.65763166192681,13.702457660945422,10.107214023871702,34.17721518987342,37.777777777777786,32.8,36.9747899159664,13.057683579026309,28.251740610072122,50.0,22.664197657759615,76.8427518485139,41.626691624523616,Monitor,0
26017,MI,Bay County,103008.0,22568.0,0.219089779434607,0.331664303438497,0.1666957906182044,61763.0,12.6,7.8,9.3,15.0,2867.0,127.0382842963488,39650,17.063395264273858,30.00293227200578,13.744245363676391,31.645569620253166,41.111111111111114,46.400000000000006,46.21848739495799,35.815555291497816,19.980330325642388,50.0,28.05265454223684,66.80734549198348,41.61679637464817,Monitor,0
26155,MI,Shiawassee County,67991.0,13473.0,0.1981585798120339,0.2804868997253766,0.1618302422379432,67404.0,12.5,7.7,9.2,15.4,1304.0,96.78616492243746,39650,14.165739282444962,23.116438727943418,12.995585331810657,31.012658227848107,40.00000000000001,45.599999999999994,49.57983193277312,27.28665819466844,24.383371319741485,50.0,26.227266712227006,70.17732659700991,41.60978767190102,Monitor,0
36123,NY,Yates County,24526.0,5543.0,0.2260050558590883,0.2525708100306693,0.1139199217157302,69701.0,11.6,7.9,8.9,14.8,374.0,67.47248782247881,39650,18.0207265428781,19.36001582427858,5.623642996518934,25.31645569620253,42.22222222222223,43.2,44.53781512605043,19.02233355595119,26.17627774829061,50.0,24.061561913112623,74.18483321973966,41.60470687043208,Monitor,0
48255,TX,Karnes County,14968.0,2268.0,0.1515232495991448,0.304673721340388,0.1594735435595938,60214.0,14.0,6.4,6.8,15.3,144.0,63.49206349206349,39650,7.709676276375749,26.37104679358201,12.632961025208598,40.50632911392405,25.555555555555564,26.400000000000002,48.73949579831934,17.900143434451646,18.771269786755752,50.0,22.529806339952852,77.02354017502488,41.60261318222806,Monitor,0
48185,TX,Grimes County,31340.0,5825.0,0.1858647096362476,0.2439484978540772,0.1368538608806636,69803.0,14.4,7.5,8.1,15.2,404.0,69.35622317596567,39650,12.46381072139501,18.19978703518569,9.152479272339534,43.03797468354431,37.777777777777786,36.8,47.89915966386555,19.553409901015595,26.25589309688095,50.0,24.227907802613277,73.86885662537713,41.60223989058063,Monitor,0
48371,TX,Pecos County,14896.0,2043.0,0.1371509129967776,0.3847283406754772,0.08968850698174,72750.0,16.5,6.9,6.5,16.3,133.0,65.10034263338228,39650,5.7200107111114065,37.14329351234482,1.8951646608606838,56.329113924050645,31.111111111111118,24.0,57.14285714285715,18.353561164619475,28.55615223703519,50.0,24.238837854603602,73.83869568834874,41.598788096414395,Monitor,0
48449,TX,Titus County,31363.0,4763.0,0.1518668494723081,0.2200293932395549,0.1500494212926059,58425.0,15.6,7.5,8.5,16.5,465.0,97.62754566449716,39650,7.757243269466466,14.981203293989948,11.182875007087244,50.63291139240506,37.777777777777786,40.0,58.82352941176471,27.52386636113064,17.374879015891846,50.0,25.146488171077316,72.1494097966106,41.59751074001396,Monitor,0
17029,IL,Coles County,46777.0,8592.0,0.1836800136819377,0.3546322160148976,0.1725848173247536,56478.0,11.4,6.9,8.2,13.8,728.0,84.72998137802607,39650,12.16136760228891,33.09352245834267,14.650387606484921,24.050632911392412,31.111111111111118,37.599999999999994,36.13445378151262,23.887691412875068,15.855162508976239,50.0,23.824067571022226,74.60522097022584,41.59747126074349,Monitor,0
48221,TX,Hood County,65894.0,16840.0,0.2555619631529426,0.2272565320665083,0.14142410538137,88160.0,12.5,7.4,7.4,13.4,474.0,28.147268408551067,39650,22.112501059807126,15.953695864204049,9.85570101141705,31.012658227848107,36.66666666666668,31.200000000000006,32.77310924369748,7.93548223336691,40.584314215242436,50.0,23.057563260687026,75.96019050707547,41.57348279692298,Monitor,0
17023,IL,Clark County,15266.0,3095.0,0.2027381108345342,0.2917609046849758,0.1331062491811869,72927.0,12.0,7.3,8.3,13.9,156.0,50.40387722132471,39650,14.799716584300516,24.633482515573128,8.575835721587294,27.848101265822788,35.55555555555556,38.400000000000006,36.9747899159664,14.21022695264869,28.694308283118424,50.0,22.987963341463033,76.07608269110769,41.568805113838664,Monitor,0
17131,IL,Mercer County,15495.0,3389.0,0.2187157147466925,0.2578931838300383,0.1282994514359471,74182.0,12.4,7.6,8.6,14.3,201.0,59.30953083505459,39650,17.01161080852974,20.076200901073413,7.8362156270214705,30.379746835443044,38.88888888888889,40.8,40.336134453781526,16.72097346639578,29.6738892878329,50.0,23.87205298050909,74.40129780713245,41.557288669827265,Monitor,0
48475,TX,Ward County,11144.0,1510.0,0.1354989231873654,0.2748344370860927,0.1342426417803302,65952.0,14.4,6.4,6.4,15.3,48.0,31.788079470198674,39650,5.4913139216545215,22.355836496308466,8.750692007661454,43.03797468354431,25.555555555555564,23.200000000000003,48.73949579831934,8.961926116851288,23.250023416279,50.0,20.529644960134114,80.59593361084809,41.552845987884005,Monitor,0
06057,CA,Nevada County,102481.0,30033.0,0.2930592012177867,0.2461958512303133,0.1475785755408319,89882.0,11.5,7.9,7.2,14.0,1570.0,52.27582992042087,39650,27.30351247529621,18.502193632508032,10.802686934810971,24.683544303797472,42.22222222222223,29.600000000000005,37.815126050420176,14.737981446255887,41.92840862967935,50.0,25.193833808306444,71.81558761565546,41.5114476408786,Monitor,0
36021,NY,Columbia County,61100.0,16023.0,0.2622422258592471,0.27279535667478,0.1565466448445172,81528.0,11.8,7.8,7.7,13.5,1004.0,62.65992635586344,39650,23.037297705014037,22.081455361871807,12.182600261314722,26.582278481012665,41.111111111111114,33.6,33.61344537815126,17.66554129245359,35.407755471603856,50.0,24.99874627982473,72.16162564766938,41.50575405857036,Monitor,0
48271,TX,Kinney County,3157.0,836.0,0.2648083623693379,0.2200956937799043,0.2274311054798859,70000.0,15.8,8.6,7.5,15.2,126.0,150.71770334928232,39650,23.392546374117316,14.990124775150724,23.089564576652958,51.8987341772152,50.0,32.0,47.89915966386555,42.491429001996764,26.40965999562896,50.0,30.894357609240604,61.20681605021309,41.503718063580976,Monitor,0
17081,IL,Jefferson County,36550.0,7298.0,0.1996716826265389,0.2880241161962181,0.1763064295485636,63118.0,13.0,7.6,8.8,14.6,757.0,103.72704850644013,39650,14.375208949766089,24.130655722177995,15.223030628055275,34.17721518987342,38.88888888888889,42.400000000000006,42.85714285714286,29.24348247918723,21.037965593680727,50.0,26.090331414969796,70.1046949583428,41.49535865515035,Monitor,0
48095,TX,Concho County,3328.0,659.0,0.1980168269230769,0.1896813353566009,0.14453125,65795.0,14.2,7.6,7.8,15.1,45.0,68.28528072837632,39650,14.146115414055455,10.897531799880646,10.333796142200663,41.77215189873418,38.88888888888889,34.4,47.05882352941177,19.251482032120794,23.127478222860532,50.0,23.44990428363958,74.9734414154754,41.483142279782115,Monitor,0
17101,IL,Lawrence County,15031.0,2779.0,0.1848845718847714,0.286074127383951,0.1824229924822034,55324.0,12.8,7.5,9.2,15.1,328.0,118.0280676502339,39650,12.328123227615702,23.86826286141573,16.164183781394534,32.9113924050633,37.777777777777786,45.599999999999994,47.05882352941177,33.275329608628,14.954416310218866,50.0,26.22990636362048,69.71224382218894,41.44872447411944,Monitor,0
29221,MO,Washington County,23470.0,4208.0,0.1792927141031103,0.248574144486692,0.2242863229654878,56043.0,14.8,8.8,11.9,17.8,869.0,206.5114068441065,39650,11.554002276942027,18.82221965898933,22.605678117525056,45.569620253164565,52.222222222222236,67.2,69.74789915966389,58.22119490291852,15.515626463517437,50.0,33.706943305093986,55.82365486433959,41.44779235082994,Monitor,0
26025,MI,Calhoun County,133778.0,24927.0,0.1863310858287611,0.2835479600433265,0.1412265095905156,63177.0,13.3,7.6,9.2,15.0,2379.0,95.43868094836924,39650,12.528374520335703,23.52833871872281,9.82529702413419,36.07594936708862,38.88888888888889,45.599999999999994,46.21848739495799,26.906765731188166,21.084017609041805,50.0,25.304736407812737,71.37607356513398,41.42970441287517,Monitor,0
17195,IL,Whiteside County,54947.0,11967.0,0.2177916901741678,0.3075958886939082,0.1495987042058711,67500.0,13.0,7.6,8.3,14.4,1126.0,94.09208657140468,39650,16.883691464287015,26.764257178530226,11.113523344716313,34.17721518987342,38.88888888888889,38.400000000000006,41.176470588235304,26.52712406938102,24.45830341253239,50.0,25.72252357849431,70.57259073808072,41.42004708434955,Monitor,0
17201,IL,Winnebago County,283292.0,52518.0,0.1853846914138062,0.3175863513462051,0.1514126766728322,65837.0,13.9,7.3,8.3,14.9,4947.0,94.19627556266424,39650,12.397358358476254,28.108585955794887,11.392638580817565,39.873417721519,35.55555555555556,38.400000000000006,45.37815126050421,26.556497786114452,23.160261013456555,50.0,25.51486765290969,70.94584791360009,41.415710744151326,Monitor,0
48051,TX,Burleson County,18857.0,4170.0,0.2211380389245373,0.2618705035971223,0.1482738505594739,70000.0,14.0,7.4,7.8,14.5,341.0,81.77458033573141,39650,17.346950505748573,20.611393875149066,10.909668630794854,40.50632911392405,36.66666666666668,34.4,42.01680672268908,23.054483297501484,26.40965999562896,50.0,24.96936068419646,71.89713618768549,41.394082110417614,Monitor,0
48147,TX,Fannin County,37326.0,6767.0,0.1812945399989283,0.2559479828579873,0.129400417939238,72295.0,13.2,7.4,8.5,15.1,410.0,60.58814836707551,39650,11.83112938318497,19.814452297900356,8.005620913541843,35.44303797468354,36.66666666666668,40.0,47.05882352941177,17.0814506026262,28.20100533891161,50.0,23.447927190265865,74.64490056688211,41.36686787208155,Monitor,0
48203,TX,Harrison County,70155.0,12284.0,0.1750979972917112,0.2498371865841745,0.1662746774998218,66103.0,13.8,7.1,7.9,14.7,865.0,70.41680234451319,39650,10.973297564369293,18.99217613624537,13.679448852371234,39.240506329113934,33.33333333333333,35.2,43.69747899159664,19.85241607905492,23.36788535389803,50.0,23.475172447407765,74.57080555035039,41.358644033437685,Monitor,0
17139,IL,Moultrie County,14424.0,2739.0,0.189891846921797,0.248630887185104,0.1284664448141985,71784.0,11.6,7.1,8.6,14.4,112.0,40.89083607155896,39650,13.021316199128538,18.829855025341192,7.861910833011048,25.31645569620253,33.33333333333333,40.8,41.176470588235304,11.528241335659986,27.802148053326675,50.0,21.71481543196264,77.81882284938901,41.351218028061865,Monitor,0
29063,MO,DeKalb County,10876.0,2125.0,0.1953843324751747,0.3129411764705882,0.1308385435821993,69826.0,12.5,7.8,9.0,15.3,196.0,92.23529411764706,39650,13.781680340020392,27.483525587916642,8.226904745402235,31.012658227848107,41.111111111111114,44.0,48.73949579831934,26.003643662189287,26.273845577445442,50.0,25.6996563860009,70.31584231256225,41.31532146029737,Monitor,0
39051,OH,Fulton County,42240.0,8209.0,0.194341856060606,0.2795712023388963,0.1465435606060606,72864.0,13.3,7.4,8.1,13.9,521.0,63.46692654403703,39650,13.637362858315575,22.993221376479877,10.643429590419755,36.07594936708862,36.66666666666668,36.8,36.9747899159664,17.89305664359259,28.64513409722439,50.0,23.638750434106996,74.06527861685677,41.28803529806942,Monitor,0
29151,MO,Osage County,13402.0,2449.0,0.1827339203104014,0.2846059616169865,0.1355767795851365,76681.0,11.2,6.9,8.0,14.1,70.0,28.583095140873827,39650,12.030393116027533,23.67070469429006,8.9559752714168,22.78481012658228,31.111111111111118,36.0,38.655462184873954,8.058353669449955,31.624465328296232,50.0,21.20453737969049,78.58056588331365,41.2861473559586,Monitor,0
48065,TX,Carson County,5801.0,1196.0,0.2061713497672815,0.4188963210702341,0.1098086536803999,85231.0,11.7,6.8,6.9,13.2,38.0,31.77257525083612,39650,15.275004456467881,41.74097841486791,4.991043787183,25.949367088607595,30.000000000000004,27.200000000000003,31.092436974789912,8.957555054782032,38.298104842486495,50.0,22.50228704012351,76.08391326712393,41.25585621957366,Monitor,0
36049,NY,Lewis County,26607.0,5466.0,0.205434660051866,0.2764361507500915,0.1491336866238208,68182.0,11.8,7.7,8.6,15.1,467.0,85.43724844493231,39650,15.173019219161013,22.571365030510687,11.041971270707911,26.582278481012665,40.00000000000001,40.8,47.05882352941177,24.087089278494417,24.990633488401137,50.0,24.831464014550885,71.75491085030774,41.25467040706578,Monitor,0
39093,OH,Lorain County,317129.0,62902.0,0.1983483062097758,0.3016597246510444,0.1501754806403703,73347.0,14.2,7.6,8.2,14.5,5562.0,88.42326158150775,39650,14.192004467491248,25.96547974177651,11.202271709768723,41.77215189873418,38.88888888888889,37.599999999999994,42.01680672268908,24.928927777703667,29.022136189078644,50.0,25.711062171124247,70.08244886553939,41.24104751416955,Monitor,0
36033,NY,Franklin County,46696.0,9120.0,0.1953058077779681,0.2998903508771929,0.1717063560047969,65151.0,12.2,7.6,8.6,15.2,942.0,103.28947368421052,39650,13.770809603383938,25.727390659747957,14.515219105754426,29.11392405063291,38.88888888888889,40.8,47.89915966386555,29.120118208908096,22.62480876705486,50.0,25.8750520812978,69.69649235498409,41.212556177088004,Monitor,0
29161,MO,Phelps County,45194.0,7713.0,0.1706642474664778,0.2786205108258784,0.160574412532637,58396.0,11.7,7.1,8.4,14.5,576.0,74.67911318553091,39650,10.359501798494264,22.865295172886352,12.802351304787784,25.949367088607595,33.33333333333333,39.2,42.01680672268908,21.054077691863775,17.35224327952793,50.0,22.630090700977078,75.71458428561655,41.2096634556009,Monitor,0
26147,MI,St. Clair County,160221.0,32649.0,0.2037747860767315,0.2801923489233973,0.1677308218023854,71270.0,12.2,7.7,9.2,15.2,3229.0,98.90042574045148,39650,14.9432309681358,23.07680361461099,13.903505208357947,29.11392405063291,40.00000000000001,45.599999999999994,47.89915966386555,27.882725952098042,27.40094913984202,50.0,26.239337697347032,68.94421598439347,41.18604509781328,Monitor,0
39147,OH,Seneca County,54770.0,10538.0,0.1924046010589739,0.3187511861833365,0.1496074493335767,66025.0,13.2,7.4,8.5,14.5,997.0,94.60998291895996,39650,13.369174763747244,28.265327544930003,11.11486895410606,35.44303797468354,36.66666666666668,40.0,42.01680672268908,26.673133167141355,23.307003028505417,50.0,25.217717749901453,70.83767584952062,41.18470308476816,Monitor,0
29157,MO,Perry County,18976.0,3731.0,0.196616779089376,0.289198606271777,0.1516652613827993,62981.0,12.5,7.7,9.2,15.3,403.0,108.01393728222996,39650,13.9522967580146,24.288696531911928,11.431503691640406,31.012658227848107,40.00000000000001,45.599999999999994,48.73949579831934,30.452073281780546,20.931031252927035,50.0,25.952894810235264,69.4720503191426,41.18459923835283,Monitor,0
48483,TX,Wheeler County,4862.0,1005.0,0.2067050596462361,0.2149253731343283,0.1668037844508432,60167.0,14.7,8.3,9.1,15.9,135.0,134.32835820895522,39650,15.348889740216553,14.294400155236813,13.760862332590456,44.936708860759495,46.66666666666668,44.8,53.781512605042025,37.87082584826151,18.734584282993538,50.0,27.75204373810457,66.0506704985581,41.156563104263306,Monitor,0
17001,IL,Adams County,64754.0,13317.0,0.2056552490965809,0.3642712322595179,0.1783673595453562,66220.0,12.0,7.3,8.1,13.5,1304.0,97.91995194112788,39650,15.203556941626509,34.39056018053318,15.540145122966326,27.848101265822788,35.55555555555556,36.8,33.61344537815126,27.606303661242613,23.45920884198695,50.0,25.449212507032833,70.27877033372047,41.139557746373505,Monitor,0
39169,OH,Wayne County,116588.0,22186.0,0.1902940268295193,0.2661137654376634,0.1242923800048032,73574.0,12.9,7.6,8.7,14.4,1387.0,62.51690255115838,39650,13.076992846258026,21.182372337332392,7.219649108538424,33.54430379746836,38.88888888888889,41.599999999999994,41.176470588235304,17.625218983208097,29.19931936682382,50.0,23.411500211331308,74.0463337491884,41.13369194958129,Monitor,0
39035,OH,Cuyahoga County,1245873.0,242818.0,0.1948978748235173,0.3563862646097077,0.1537082832680377,64468.0,13.4,6.9,7.7,13.5,21109.0,86.93342338706356,39650,13.71433652076259,33.329549365683306,11.745862672410192,36.708860759493675,31.111111111111118,33.6,33.61344537815126,24.50890177905253,22.091698148552872,50.0,24.28053079440079,72.39259457695525,41.11975311829485,Monitor,0
29003,MO,Andrew County,18065.0,3802.0,0.2104622197619706,0.2480273540241978,0.110102407971215,75625.0,11.6,7.1,8.1,14.2,130.0,34.192530247238295,39650,15.869020343352464,18.74864287086172,5.036243645356135,25.31645569620253,33.33333333333333,36.8,39.49579831932773,9.639806334045172,30.80021230759624,50.0,21.281358980424958,77.9580428239963,41.118198325674925,Monitor,0
39113,OH,Montgomery County,536096.0,99611.0,0.1858081388408046,0.3572697794420295,0.1497063958693965,66139.0,14.5,7.2,8.1,14.0,10050.0,100.89247171497124,39650,12.455979220727679,33.44843619360787,11.130093818986731,43.67088607594937,34.44444444444445,36.8,37.815126050420176,28.44433801368087,23.39598488869462,50.0,25.630324655101848,69.83681862586714,41.102597544869695,Monitor,0
36015,NY,Chemung County,82147.0,16693.0,0.203208881639013,0.3380458874977535,0.1607362411287083,63716.0,11.5,7.3,8.2,14.5,1619.0,96.98676091774996,39650,14.864888760872624,30.86164596665329,12.827251807757406,24.683544303797472,35.55555555555556,37.599999999999994,42.01680672268908,27.34321167381185,21.504730088357427,50.0,24.89651010497184,71.00981455289624,41.03616666174538,Monitor,0
39175,OH,Wyandot County,21598.0,4493.0,0.2080285211593666,0.3087024259959938,0.1352903046578387,69768.0,13.0,7.6,8.4,14.0,385.0,85.68884932116626,39650,15.532106002991439,26.91315418060935,8.911895486069358,34.17721518987342,38.88888888888889,39.2,37.815126050420176,24.158022423916353,26.2285741047176,50.0,24.710501737971384,71.34451543543072,41.03240653208215,Monitor,0
17073,IL,Henry County,48643.0,10591.0,0.2177291696646999,0.2862808044566141,0.1327837510021997,71911.0,11.9,7.2,7.8,13.5,590.0,55.70767632895856,39650,16.875036302064434,23.896073579102353,8.526213052550295,27.215189873417728,34.44444444444445,34.4,33.61344537815126,15.70551249784175,27.90127696774798,50.0,22.475720692492864,75.49158503586264,41.03127321267229,Monitor,0
48237,TX,Jack County,8882.0,1497.0,0.168543120918712,0.25250501002004,0.0965998648952938,68079.0,13.4,7.6,8.8,15.7,102.0,68.13627254509018,39650,10.06585904795066,19.351161695004304,2.9586126078152115,36.708860759493675,38.88888888888889,42.400000000000006,52.10084033613446,19.209472563424562,24.91023759717756,50.0,23.02072053625306,74.46171881096323,41.02506993240162,Monitor,0
48189,TX,Hale County,32131.0,4575.0,0.1423858578942454,0.300327868852459,0.1422924901185771,51897.0,15.6,7.1,7.4,16.3,516.0,112.78688524590164,39650,6.444721653160484,25.786263609399146,9.9893190322894,50.63291139240506,33.33333333333333,31.200000000000006,57.14285714285715,31.797697418970174,12.279496706110088,50.0,24.70789394801743,71.32741740773338,41.02472715891801,Monitor,0
48001,TX,Anderson County,58439.0,8865.0,0.1516966409418368,0.2395939086294416,0.1599958931535447,62068.0,13.9,6.9,7.8,14.9,601.0,67.79469825155104,39650,7.733680082674887,17.613828225110133,12.71333475353053,39.873417721519,31.111111111111118,34.4,45.37815126050421,19.11317345907058,20.218395828780167,50.0,22.194429214454782,75.92223584887714,40.999161536502605,Monitor,0
39069,OH,Henry County,27567.0,5492.0,0.1992237095077447,0.2749453750910415,0.1285595095585301,80099.0,13.1,7.6,8.3,14.4,333.0,60.63364894391843,39650,14.313192820218854,22.370764448870375,7.8762306689291375,34.810126582278485,38.88888888888889,38.400000000000006,41.176470588235304,17.094278455542657,34.29236004870586,50.0,23.83670761211137,72.81043883483979,40.97751354006631,Monitor,0
17187,IL,Warren County,16447.0,3286.0,0.1997932753693682,0.2909312233718807,0.1369854684744938,67385.0,12.3,7.3,8.2,14.1,241.0,73.34144856968959,39650,14.39204190463535,24.521839591319164,9.172729681479524,29.746835443037984,35.55555555555556,37.599999999999994,38.655462184873954,20.676953573134462,24.36854100970995,50.0,23.266617669499368,73.81711323186306,40.95929111632666,Monitor,0
48417,TX,Shackelford County,3175.0,638.0,0.2009448818897637,0.274294670846395,0.16,73047.0,12.3,7.0,7.1,13.4,31.0,48.589341692789965,39650,14.551467049046973,22.28320489612379,12.71396667239307,29.746835443037984,32.22222222222222,28.799999999999997,32.77310924369748,13.69865992456272,28.78797339910706,50.0,21.877357522054695,76.32934502175839,40.93555314695098,Monitor,0
17123,IL,Marshall County,11647.0,2800.0,0.2404052545719928,0.2542857142857143,0.1532583497896454,71585.0,13.0,8.1,8.9,14.6,306.0,109.28571428571428,39650,20.014249259797417,19.590775421761343,11.676631583549337,34.17721518987342,44.44444444444444,43.2,42.85714285714286,30.810621886549892,27.646820069312184,50.0,26.7453851940695,67.26011194160391,40.92553955570654,Monitor,0
36043,NY,Herkimer County,59757.0,13318.0,0.2228692872801513,0.3202432797717375,0.1569857924594608,68515.0,11.3,7.6,8.4,14.7,1341.0,100.69079441357562,39650,17.58661962381796,28.466105468743013,12.250171733572856,23.41772151898735,38.88888888888889,39.2,43.69747899159664,28.38747968487721,25.250554185269596,50.0,25.6370140129278,69.31171991773667,40.92316107961091,Monitor,0
17103,IL,Lee County,33869.0,7227.0,0.2133809678467034,0.2844887228448872,0.1506097020874546,70292.0,12.8,7.6,8.4,14.2,647.0,89.5253908952539,39650,16.27308355997081,23.654928902854813,11.269085194499393,32.9113924050633,38.88888888888889,39.2,39.49579831932773,25.239648074293747,26.637578444534643,50.0,24.9199352256488,70.62692002577805,40.917379905694034,Monitor,0
17173,IL,Shelby County,20720.0,4905.0,0.2367277992277992,0.2678899082568807,0.1416505791505791,72095.0,13.0,8.1,9.0,14.5,522.0,106.42201834862388,39650,19.505152759445885,21.42137227031916,9.890548441967875,34.17721518987342,44.44444444444444,44.0,42.01680672268908,30.003267940131344,28.044896812263886,50.0,26.531450354503612,67.5847335892486,40.90009948666436,Monitor,0
36057,NY,Montgomery County,49528.0,9626.0,0.1943547084477467,0.3241221691252857,0.1574664836052334,64943.0,11.5,7.4,8.2,14.9,920.0,95.57448576771245,39650,13.639142106383078,28.988053526934436,12.324135492719034,24.683544303797472,36.66666666666668,37.599999999999994,45.37815126050421,26.94505281167716,22.462455899341222,50.0,24.65565687727658,70.9414841837752,40.85569643455109,Monitor,0
12099,FL,Palm Beach County,1533806.0,380989.0,0.2483945166468249,0.2676455225741425,0.1218915560377257,83581.0,13.7,7.9,7.1,13.5,23589.0,61.915173403956544,39650,21.12026006944876,21.388487436303897,6.850235260967192,38.607594936708864,42.22222222222223,28.799999999999997,33.61344537815126,17.455575134021345,37.01020949764276,50.0,24.182711438709447,71.79637082699543,40.84749222460954,Monitor,0
48283,TX,La Salle County,6839.0,1097.0,0.1604035677730662,0.1340018231540565,0.1190232490130136,57716.0,15.5,6.9,6.8,16.8,68.0,61.987237921604375,39650,8.939042368200539,3.4052290744678477,6.408889977620859,50.000000000000014,31.111111111111118,26.400000000000002,61.34453781512607,17.47589208595963,16.82147428892566,50.0,20.912887841368207,77.84181706604451,40.83801307000491,Monitor,0
29097,MO,Jasper County,124357.0,20051.0,0.1612374052124126,0.3088125280534636,0.1702919819551774,60694.0,12.8,7.2,9.2,15.7,2295.0,114.4581317640018,39650,9.054476461208246,26.92796964706412,14.297589922299187,32.9113924050633,34.44444444444445,45.599999999999994,52.10084033613446,32.26886736908622,19.145930250710293,50.0,25.668000265385736,69.00834387178949,40.83712052762705,Monitor,0
48053,TX,Burnet County,52652.0,12426.0,0.2360024310567499,0.1958796072750684,0.1594811213249259,78732.0,13.5,7.7,7.8,14.3,889.0,71.54353774344118,39650,19.404734844669395,11.731578790426326,12.634127013005164,37.34177215189874,40.00000000000001,34.4,40.336134453781526,20.170073501797308,33.22535826906866,50.0,24.34553659290036,71.43885209329089,40.828197018037045,Monitor,0
29075,MO,Gentry County,6245.0,1167.0,0.1868694955964771,0.3153384747215081,0.1617293835068054,55848.0,13.2,8.0,10.1,16.2,186.0,159.38303341902312,39650,12.602910443370657,27.80610894952471,12.980066238182097,35.44303797468354,43.333333333333336,52.800000000000004,56.30252100840336,44.9344217576916,15.363420650035906,50.0,28.705546432549816,63.177041838258845,40.77056982454798,Monitor,0
29107,MO,Lafayette County,33115.0,6393.0,0.1930545070209874,0.2559048959799781,0.1710101162615129,80612.0,11.8,7.2,8.5,14.6,391.0,61.16064445487252,39650,13.45914590407423,19.808654475312338,14.408088967966096,26.582278481012665,34.44444444444445,40.0,42.85714285714286,17.242852855500058,34.69277841955727,50.0,23.60608901916862,72.60859740360779,40.756966953722326,Monitor,0
48103,TX,Crane County,4610.0,719.0,0.1559652928416486,0.1432545201668984,0.0878524945770065,62212.0,15.0,6.4,6.3,15.7,14.0,19.471488178025037,39650,8.324620159444093,4.65028321205719,1.6126581481292503,46.83544303797469,25.555555555555564,22.4,52.10084033613446,5.489543292484824,20.33079396796653,50.0,17.790413044261925,83.38151299874339,40.747298028330434,Monitor,0
39021,OH,Champaign County,38804.0,7495.0,0.1931501907019895,0.2712474983322215,0.1396247809504174,75556.0,12.7,7.5,8.5,14.4,527.0,70.31354236157439,39650,13.472392081819349,21.873173665072496,9.578839662904166,32.278481012658226,37.777777777777786,40.0,41.176470588235304,19.823304275091033,30.746354865902774,50.0,23.688114940663674,72.3732761889291,40.72792137755657,Monitor,0
36063,NY,Niagara County,210721.0,43688.0,0.2073262750271686,0.3113440761765244,0.1556655482842241,69633.0,11.3,7.0,7.7,14.3,3271.0,74.87181834828786,39650,15.434889037773392,27.26861783437089,12.047026277181324,23.41772151898735,32.22222222222222,33.6,40.336134453781526,21.10840653021284,26.123200849230383,50.0,23.316028009534357,73.05341615361382,40.72411385996217,Monitor,0
36073,NY,Orleans County,39608.0,7867.0,0.198621490607958,0.2963010041947375,0.1528226620884669,65969.0,11.7,7.5,8.5,15.0,760.0,96.60607601372824,39650,14.229823341698594,25.244403814719824,11.609592486872986,25.949367088607595,37.777777777777786,40.0,46.21848739495799,27.23588622224307,23.263292641044053,50.0,24.66059813114156,70.5412747854531,40.718834960150595,Monitor,0
36113,NY,Warren County,65517.0,15928.0,0.2431124746249065,0.292817679558011,0.166155348993391,78442.0,11.2,7.2,7.4,13.7,1101.0,69.12355600200904,39650,20.389029134907517,24.77568342481579,13.661087821620946,22.78481012658228,34.44444444444445,31.200000000000006,35.29411764705882,19.487814682381178,32.999000905429455,50.0,23.91816458358199,71.88200165306151,40.70550755789982,Monitor,0
29195,MO,Saline County,23231.0,3997.0,0.1720545822392492,0.3212409306980235,0.1612070078774052,57931.0,12.4,7.1,8.2,14.8,409.0,102.32674505879407,39650,10.551975805895207,28.600350587968066,12.899688503795732,30.379746835443044,33.33333333333333,37.599999999999994,44.53781512605043,28.84869876629444,16.98929095507197,50.0,24.09307376991084,71.53642839201648,40.69824788764781,Monitor,0
39085,OH,Lake County,232216.0,50308.0,0.2166431253660385,0.309950703665421,0.1383238019774692,80925.0,12.9,7.3,7.7,13.9,3419.0,67.96135803450744,39650,16.724687405904962,27.081123938510604,9.378658535675966,33.54430379746836,35.55555555555556,33.6,36.9747899159664,19.160159394880445,34.93708826376097,50.0,24.086537076287055,71.48078585368746,40.674524148377195,Monitor,0
29049,MO,Clinton County,21414.0,4049.0,0.1890819090314747,0.2383304519634477,0.1498085364714672,70627.0,12.0,7.5,8.6,15.0,302.0,74.58631760928624,39650,12.909190691985065,17.443815963012142,11.14581015359585,27.848101265822788,37.777777777777786,40.8,46.21848739495799,21.0279160893972,26.89906022666958,50.0,23.337468742023116,72.86492808283067,40.67207951130576,Monitor,0
12131,FL,Walton County,82948.0,16658.0,0.2008246130105608,0.2257173730339776,0.1336620533346192,81986.0,12.3,7.4,7.7,13.9,582.0,34.93816784728058,39650,14.534817366107905,15.746584757118118,8.661357089930444,29.746835443037984,36.66666666666668,33.6,36.9747899159664,9.850021898901488,35.76524399762715,50.0,21.42679267564789,76.35291475631604,40.65093540388174,Monitor,0
26117,MI,Montcalm County,67816.0,12113.0,0.178615665919547,0.2226533476430281,0.1559808894656128,67344.0,12.4,7.6,9.5,15.5,1116.0,92.13241971435647,39650,11.460273644352197,15.334285782517979,12.095547701788837,30.379746835443044,38.88888888888889,48.0,50.4201680672269,25.974640563638786,24.336538761747168,50.0,24.353201197979402,70.91298606147453,40.64912590020269,Monitor,0
12033,FL,Escambia County,325923.0,58359.0,0.1790576301764527,0.268904539145633,0.164640114382845,67500.0,12.8,7.2,7.8,14.6,4628.0,79.30224986720128,39650,11.5214579240815,21.55790223389775,13.427939262988279,32.9113924050633,34.44444444444445,34.4,42.85714285714286,22.357465944937626,24.45830341253239,50.0,23.26093563936776,72.8659027065246,40.62267411287265,Monitor,0
36003,NY,Allegany County,47159.0,9456.0,0.2005131576157255,0.2840524534686971,0.1649738119977098,62869.0,11.1,7.3,8.1,14.2,817.0,86.40016920473774,39650,14.491700363538015,23.596223966210385,13.479285184856346,22.151898734177216,35.55555555555556,36.8,39.49579831932773,24.358562889029738,20.843610478004308,50.0,23.25854098369338,72.84970726763235,40.615449183072016,Monitor,0
26047,MI,Emmet County,34125.0,8521.0,0.2496996336996337,0.2351836638892148,0.1322783882783882,78112.0,11.5,7.5,7.8,13.2,449.0,52.69334585142589,39650,21.30093677710291,17.0203803413223,8.448453087312387,24.683544303797472,37.777777777777786,34.4,31.092436974789912,14.855690568311633,32.74142183646071,50.0,22.363357768573067,74.50694363649039,40.61361282234413,Monitor,0
26075,MI,Jackson County,160060.0,30511.0,0.1906222666500062,0.2707548097407492,0.1377483443708609,66073.0,12.5,7.5,8.7,14.9,2758.0,90.39362852741634,39650,13.12243343716819,21.806876890358676,9.290113098156827,31.012658227848107,37.777777777777786,41.599999999999994,45.37815126050421,25.484427930170362,23.34446907490087,50.0,23.986521239090223,71.48022391593604,40.609317175986256,Monitor,0
48401,TX,Rusk County,52842.0,9225.0,0.1745770409901215,0.2369647696476964,0.1414026721168767,68658.0,13.9,7.1,8.0,15.0,670.0,72.62872628726286,39650,10.901177849742671,17.260048093438673,9.852403083367738,39.873417721519,33.33333333333333,36.0,46.21848739495799,20.47601773355566,25.362171781822724,50.0,22.82730613810605,73.62953871199757,40.60808753896808,Monitor,0
48425,TX,Somervell County,9691.0,1946.0,0.2008048704984005,0.2451181911613566,0.1225879682179341,79825.0,12.3,6.9,7.1,13.8,51.0,26.20760534429599,39650,14.53208426865104,18.357182385959366,6.957391931557841,29.746835443037984,31.111111111111118,28.799999999999997,36.13445378151262,7.388638342098297,34.078491367198474,50.0,20.357316844934406,78.21270150168641,40.6067014747976,Monitor,0
48445,TX,Terry County,11629.0,1882.0,0.1618367873419898,0.2577045696068012,0.1446384039900249,44100.0,16.4,7.6,8.2,17.2,302.0,160.4675876726886,39650,9.137453225296708,20.050820742323634,10.350283884859234,55.69620253164557,38.88888888888889,37.599999999999994,64.70588235294117,45.240187165764745,6.1936057947485095,50.0,27.05114057199213,65.75981532040484,40.599176733936574,Monitor,0
36115,NY,Washington County,60522.0,13108.0,0.2165823997885066,0.2787610619469026,0.143584151217739,73495.0,11.2,7.4,8.1,14.5,963.0,73.46658529142508,39650,16.716280728974915,22.884207902280938,10.188066421911772,22.78481012658228,36.66666666666668,36.8,42.01680672268908,20.71223302610518,29.137656498797966,50.0,23.47614300356203,72.36697488600277,40.58793416241629,Monitor,0
48421,TX,Sherman County,2295.0,422.0,0.1838779956427015,0.2322274881516587,0.1655773420479303,61250.0,12.9,6.5,6.2,13.9,22.0,52.13270142180095,39650,12.188775664093582,16.62259374695126,13.57215011832675,33.54430379746836,26.66666666666667,21.6,36.9747899159664,14.697629620941935,19.579911954790973,50.0,20.13358903974158,78.54233012204465,40.57664841854765,Monitor,0
06005,CA,Amador County,41428.0,11423.0,0.2757313893984744,0.2184189792523855,0.1486192913005696,88044.0,11.8,7.8,7.1,14.4,722.0,63.20581283375645,39650,24.9046992932707,14.764504033744617,10.962821462916637,26.582278481012665,41.111111111111114,28.799999999999997,41.176470588235304,17.819441570941684,40.493771269786755,50.0,24.4004007389986,70.55117575504605,40.553171994615205,Monitor,0
12089,FL,Nassau County,97859.0,23395.0,0.2390684556351485,0.216029066039752,0.1595254396631888,89804.0,11.6,7.4,7.6,13.8,956.0,40.86343235734132,39650,19.82918660186586,14.442914411849623,12.64094625843097,25.31645569620253,36.66666666666668,32.8,36.13445378151262,11.520515481621649,41.86752630428674,50.0,22.743680678368285,73.60345859382207,40.54460294877711,Monitor,0
17035,IL,Cumberland County,10334.0,2173.0,0.2102767563383007,0.3258168430740911,0.1405070640603832,73327.0,11.9,7.3,8.1,13.7,171.0,78.6930510814542,39650,15.843345312360546,29.216090909861446,9.714596220972993,27.215189873417728,35.55555555555556,36.8,35.29411764705882,22.185716201029404,29.006525336413873,50.0,23.77265551636716,71.59589848850966,40.51079055661703,Monitor,0
17199,IL,Williamson County,66876.0,13136.0,0.1964232310544889,0.3180572472594397,0.1845953705365153,65604.0,12.4,7.2,8.2,14.0,1387.0,105.58769792935443,39650,13.925502516347866,28.17195028128105,16.498446745454977,30.379746835443044,34.44444444444445,37.599999999999994,37.815126050420176,29.76805027112171,22.978394579911953,50.0,25.030789253400883,69.23405397690948,40.50193190662889,Monitor,0
17033,IL,Crawford County,18511.0,3659.0,0.1976662524985143,0.3213992894233397,0.133542218140565,71674.0,12.1,7.2,8.4,14.1,292.0,79.80322492484285,39650,14.097582883826536,28.62165953020454,8.642918095353137,28.48101265822785,34.44444444444445,39.2,38.655462184873954,22.498704469812278,27.716288363670422,50.0,23.62432019831257,71.81082603250212,40.48959724027891,Monitor,0
29071,MO,Franklin County,105950.0,20343.0,0.1920056630486078,0.2674138524308115,0.142397357243983,73165.0,12.2,7.3,8.5,14.8,1538.0,75.60340166150519,39650,13.3139469157041,21.35731362070075,10.005454895980852,29.11392405063291,35.55555555555556,40.0,44.53781512605043,21.314659808506097,28.880077429829214,50.0,23.453904224451197,72.11291387637289,40.48455760262379,Monitor,0
36075,NY,Oswego County,117953.0,21183.0,0.1795884801573508,0.2867865741396402,0.1584953328868278,69183.0,11.2,7.2,8.3,14.7,1597.0,75.39064344049473,39650,11.594947291644752,23.96413056136871,12.482444130460324,22.78481012658228,34.44444444444445,38.400000000000006,43.69747899159664,21.254677466407195,25.771956664273006,50.0,22.922518589470897,73.07834039419414,40.47705622112403,Monitor,0
17079,IL,Jasper County,9180.0,1926.0,0.2098039215686274,0.2814122533748702,0.1453159041394335,74755.0,12.0,7.3,8.1,13.7,133.0,69.05503634475598,39650,15.777887406293715,23.24095543787528,10.45453056864579,27.848101265822788,35.55555555555556,36.8,35.29411764705882,19.46849712321786,30.121140216678633,50.0,23.071298727827596,72.7559845172266,40.460938754117244,Monitor,0
48129,TX,Donley County,3257.0,818.0,0.2511513662879951,0.2212713936430317,0.0773718145532698,58750.0,14.0,8.4,8.9,15.3,102.0,124.69437652811736,39650,21.501910524166355,15.148328375367868,0.0,40.50632911392405,47.777777777777786,43.2,48.73949579831934,35.15474379883444,17.6285553716944,50.0,25.670087156348888,67.87632429913273,40.44227015632323,Monitor,0
26091,MI,Lenawee County,98415.0,20023.0,0.2034547579129197,0.2567047894920841,0.1413504039018442,70518.0,12.4,7.6,8.8,14.9,1849.0,92.3438046246816,39650,14.898927175713753,19.91628911691966,9.844360593503584,30.379746835443044,38.88888888888889,42.400000000000006,45.37815126050421,26.034235732020285,26.81398107964657,50.0,24.38572597865072,70.13697602349488,40.398663494346174,Monitor,0
39109,OH,Miami County,110296.0,21382.0,0.1938601581199681,0.2966046207090075,0.1250271995357945,76817.0,12.7,7.3,8.0,13.8,1334.0,62.38892526424095,39650,13.570677959968,25.28525882129874,7.3327155032164235,32.278481012658226,35.55555555555556,36.0,36.13445378151262,17.589138697481353,31.730619126416688,50.0,22.648850448802737,73.30678797846025,40.379128584182865,Monitor,0
26121,MI,Muskegon County,175961.0,32488.0,0.1846318218241542,0.2598805712878601,0.147379248810816,65024.0,12.7,7.4,9.1,15.0,3259.0,100.31396207830583,39650,12.293133225214444,20.343626168962324,10.772016608594342,32.278481012658226,36.66666666666668,44.8,46.21848739495799,28.281240377457127,22.52567985263355,50.0,24.275594060795118,70.18761383660852,40.34480098232981,Monitor,0
17021,IL,Christian County,33538.0,6797.0,0.2026656330132983,0.3541268206561718,0.1449997018307591,62611.0,12.3,7.4,8.6,14.5,827.0,121.67132558481684,39650,14.789682960043852,33.02551584560838,10.405876642718644,29.746835443037984,36.66666666666668,40.8,42.01680672268908,34.30246333229238,20.642230478628743,50.0,25.655454328635322,67.44097602365056,40.28038692189065,Monitor,0
26087,MI,Lapeer County,88837.0,17916.0,0.2016727264540675,0.2373855771377539,0.1530668527753076,77306.0,11.9,7.6,9.0,14.8,1447.0,80.76579593659298,39650,14.652227788690489,17.31667245992312,11.647166012630766,27.215189873417728,38.88888888888889,44.0,44.53781512605043,22.770079476836994,32.11230447407038,50.0,24.05418040752295,70.34276494551854,40.25518499582141,Monitor,0
39161,OH,Van Wert County,28826.0,5760.0,0.1998196072989662,0.2715277777777777,0.1417817248317491,67917.0,13.2,7.8,8.8,14.4,604.0,104.86111111111111,39650,14.395687222375786,21.910888407367274,9.910727776786969,35.44303797468354,41.111111111111114,42.400000000000006,41.176470588235304,29.56320564096155,24.7837896905929,50.0,24.88076258945943,68.80509999029329,40.254280679751275,Monitor,0
48195,TX,Hansford County,5119.0,722.0,0.1410431724946278,0.3670360110803324,0.1138894315295956,69441.0,13.6,6.7,7.0,15.0,50.0,69.25207756232687,39650,6.258844089997768,34.76259217353985,5.61895148346858,37.9746835443038,28.888888888888896,28.000000000000004,46.21848739495799,19.52404841361589,25.973336663648567,50.0,22.011096128039206,73.96977237341669,40.196632813921326,Monitor,0
48469,TX,Victoria County,91413.0,15625.0,0.1709275485981206,0.256896,0.1591458545283493,70896.0,14.5,6.8,6.9,14.9,1190.0,76.16000000000001,39650,10.395952461279222,19.942018634886246,12.582539641759032,43.67088607594937,30.000000000000004,27.200000000000003,45.37815126050421,21.47158005249344,27.10902619501077,50.0,22.73170257254991,72.55792311262539,40.17087976157633,Monitor,0
24011,MD,Caroline County,33669.0,5831.0,0.173186016810716,0.288286743268736,0.1478808399417862,68457.0,14.2,7.7,9.5,15.3,722.0,123.82095695421026,39650,10.708608402840254,24.165995139736744,10.849196240312558,41.77215189873418,40.00000000000001,48.0,48.73949579831934,34.90850301232497,25.20528271254176,50.0,26.323055389438437,65.73873852945874,40.11854448844554,Monitor,0
17039,IL,De Witt County,15373.0,3182.0,0.2069862746373512,0.313953488372093,0.134586612892734,71678.0,12.2,7.3,8.4,14.2,294.0,92.39472030169703,39650,15.387820346960462,27.619743505757267,8.803618708589516,29.11392405063291,35.55555555555556,39.2,39.49579831932773,26.04859024928609,27.719410534203377,50.0,24.087168146873232,69.85745220263163,40.10676756638867,Monitor,0
48111,TX,Dallam County,7298.0,815.0,0.111674431351055,0.2024539877300613,0.089065497396547,71500.0,14.7,6.7,7.4,16.1,25.0,30.67484662576687,39650,2.193118761876481,12.616235402029922,1.7993024189404399,44.936708860759495,28.888888888888896,31.200000000000006,55.462184873949596,8.648075432288756,27.580473945486904,50.0,18.849353746921494,79.46941632859512,40.06637565050726,Monitor,0
24043,MD,Washington County,155709.0,28153.0,0.1808052199937062,0.2646254395623912,0.146112299224836,77747.0,13.3,7.2,8.4,14.3,2084.0,74.02408269100984,39650,11.763389307808147,20.98210140156987,10.577071569868588,36.07594936708862,34.44444444444445,39.2,40.336134453781526,20.869406739921374,32.45652377532861,50.0,23.209229677692697,71.28486916044466,40.035703496655884,Monitor,0
39153,OH,Summit County,537864.0,104607.0,0.194485966712775,0.317655606221381,0.1404537206431365,71622.0,13.7,7.0,7.9,13.9,9608.0,91.84853786075502,39650,13.657313128765072,28.1179049758348,9.706388290163433,38.607594936708864,32.22222222222222,35.2,36.9747899159664,25.894606530746795,27.675700146742017,50.0,23.873752394088925,69.95525636406666,40.00227878358113,Monitor,0
17155,IL,Putnam County,5601.0,1379.0,0.246206034636672,0.2704858593183466,0.1596143545795393,75590.0,12.1,7.6,7.8,13.4,128.0,92.82088469905727,39650,20.8172928194969,21.77068659516647,12.654627561935907,28.48101265822785,38.88888888888889,34.4,32.77310924369748,26.16873760975672,30.772893315432885,50.0,24.4551527856178,68.87532632000395,40.00221352265295,Monitor,0
17105,IL,Livingston County,35565.0,7164.0,0.2014339940953184,0.3010887772194305,0.1283846478279207,73790.0,12.2,7.3,8.4,14.2,601.0,83.89168062534897,39650,14.619178357226492,25.888652362571257,7.849324762630635,29.11392405063291,35.55555555555556,39.2,39.49579831932773,23.65135157937754,29.36791657560336,50.0,23.44448518877006,70.68138165866135,39.97739895323201,Monitor,0
36121,NY,Wyoming County,39753.0,8112.0,0.2040600709380424,0.2938856015779093,0.1272608356602017,69110.0,11.2,7.3,8.1,14.3,654.0,80.62130177514793,39650,14.982724996180485,24.919384307666668,7.676404222633776,22.78481012658228,35.55555555555556,36.8,40.336134453781526,22.729342633945908,25.714977052046585,50.0,22.566519753313813,72.28436843571578,39.9677667921545,Monitor,0
48389,TX,Reeves County,12664.0,1595.0,0.1259475679090334,0.3009404388714733,0.097520530638029,64297.0,17.6,7.0,6.2,17.3,164.0,102.82131661442008,39650,4.169051354009608,25.868691774471277,3.100275086620287,63.29113924050635,32.22222222222222,21.6,65.54621848739497,28.98813196939725,21.95822535826907,50.0,23.808579617009507,69.9690598093508,39.964747684328955,Monitor,0
39129,OH,Pickaway County,60131.0,9860.0,0.1639753205501322,0.2964503042596348,0.1342069814238911,74040.0,12.6,7.1,8.5,14.4,718.0,72.81947261663286,39650,9.433505704593246,25.264493812618248,8.745204962522541,31.645569620253166,33.33333333333333,40.0,41.176470588235304,20.529794323376922,29.563052233913016,50.0,22.512628844727736,72.33969745196879,39.952102857262105,Monitor,0
36035,NY,Fulton County,52487.0,10934.0,0.2083182502333911,0.3057435522224254,0.1624402232933869,66533.0,12.1,7.8,9.1,15.5,1509.0,138.00987744649717,39650,15.572215275254623,26.515004535238607,13.089442878939076,28.48101265822785,41.111111111111114,44.8,50.4201680672269,38.90874647619844,23.703518686190638,50.0,26.96942225854385,63.98913383223368,39.92632130933529,Monitor,0
26115,MI,Monroe County,155505.0,30930.0,0.1989003569017073,0.2810539928871645,0.1465097585286646,77335.0,12.3,7.4,8.6,14.6,2738.0,88.5224700937601,39650,14.26842880143257,23.192747471923976,10.638228477952538,29.746835443037984,36.66666666666668,40.8,42.85714285714286,24.95689736164163,32.134940210434294,50.0,24.180729513422,69.13322438796682,39.914102719512684,Monitor,0
48495,TX,Winkler County,7454.0,933.0,0.1251676951972095,0.2711682743837084,0.1132277971558894,86900.0,14.1,6.1,6.0,15.0,5.0,5.359056806002144,39650,4.061087985008791,21.862513194427503,5.517146060402217,41.139240506329116,22.22222222222222,20.0,46.21848739495799,1.5108641966378,39.60083049736177,50.0,18.3560731998477,79.78877554264068,39.85751901982524,Monitor,0
17087,IL,Johnson County,13376.0,2630.0,0.1966208133971292,0.2281368821292775,0.1608851674641148,62528.0,12.9,7.7,8.9,14.7,305.0,115.96958174904944,39650,13.952855256151562,16.072156836897367,12.850167044909993,33.54430379746836,40.00000000000001,43.2,43.69747899159664,32.69498632062627,20.577445440069937,50.0,24.513249027460994,68.34452389163457,39.85419522992174,Monitor,0
48471,TX,Walker County,80209.0,11123.0,0.1386752110112331,0.3127753303964757,0.1199740677480083,52324.0,13.3,6.4,7.3,14.3,883.0,79.38505798795289,39650,5.9310302101999115,27.461209138940724,6.555192085586222,36.07594936708862,25.555555555555564,30.4,40.336134453781526,22.380811811451736,12.612788410502981,50.0,20.149741278150906,76.40671698055066,39.839682773990816,Monitor,0
48347,TX,Nacogdoches County,65162.0,10242.0,0.1571774960866762,0.2653778558875219,0.1537706024983886,53555.0,13.2,6.8,7.9,14.7,1031.0,100.66393282562,39650,8.49243414275533,21.083347455287345,11.755451708081816,35.44303797468354,30.000000000000004,35.2,43.69747899159664,28.37990667101,13.573636392019733,50.0,22.070752692226314,72.81896041333857,39.832625394615604,Monitor,0
17099,IL,LaSalle County,108714.0,21669.0,0.1993211545891053,0.2923069823249803,0.1353459536030318,73045.0,12.4,7.3,8.2,14.2,1883.0,86.89833402556647,39650,14.3266828412399,24.706963385441558,8.920458167564952,30.379746835443044,35.55555555555556,37.599999999999994,39.49579831932773,24.499009131542344,28.786412313840582,50.0,23.37491692267183,70.38962128349954,39.830063448961525,Monitor,0
48181,TX,Grayson County,143337.0,25876.0,0.1805256144610254,0.2645694852372855,0.135219796702875,72182.0,12.5,6.7,7.4,13.9,1454.0,56.191065079610446,39650,11.724681509930612,20.974572119686744,8.901046454534898,31.012658227848107,28.888888888888896,31.200000000000006,36.9747899159664,15.841792963389237,28.112804021355647,50.0,20.665199189612984,75.35317266372923,39.805989905553666,Monitor,0
29123,MO,Madison County,12729.0,2489.0,0.1955377484484248,0.2583366813981518,0.2026082174562023,54434.0,13.2,7.9,9.8,16.1,446.0,179.18842908798717,39650,13.802918812760234,20.135878471993994,19.27007647656486,35.44303797468354,42.22222222222223,50.4,55.462184873949596,50.518102673887356,14.259733366636485,50.0,28.677871276387666,60.43712351937101,39.793609561431836,Monitor,0
48199,TX,Hardin County,57642.0,10209.0,0.177110440303945,0.2587912626114212,0.1589812983588355,75808.0,12.4,6.8,7.9,14.5,702.0,68.76285630326183,39650,11.25189447413266,20.19704747165603,12.55721944812748,30.379746835443044,30.000000000000004,35.2,42.01680672268908,19.386123604957845,30.94305160947891,50.0,22.113629984720276,72.55471653442952,39.768010277118506,Monitor,0
48245,TX,Jefferson County,253878.0,39263.0,0.1546530223178062,0.2728268344242671,0.1418161479135647,60026.0,15.6,7.0,7.8,15.1,4426.0,112.72699488067646,39650,8.14295314552441,22.085691046038978,9.916024442962055,50.63291139240506,32.22222222222222,34.4,47.05882352941177,31.780812692456177,18.62452777170689,50.0,23.763192546283268,69.43319468763704,39.74769329575709,Monitor,0
36037,NY,Genesee County,57787.0,11717.0,0.2027618668558672,0.2959801997098233,0.153927353903127,73314.0,10.7,6.9,7.4,13.8,800.0,68.27686267815994,39650,14.80300530059778,25.20123597395456,11.779570985600985,19.62025316455696,31.111111111111118,31.200000000000006,36.13445378151262,19.249108754296387,28.996378282181773,50.0,21.643432724080895,73.21407670048245,39.69315811582144,Monitor,0
29147,MO,Nodaway County,20774.0,3701.0,0.1781553865408684,0.3150499864901378,0.1269856551458554,59315.0,10.6,6.7,7.7,13.8,278.0,75.11483382869496,39650,11.396553871047747,27.76728962304997,7.63406230420273,18.9873417721519,28.888888888888896,33.6,36.13445378151262,21.176919218521085,18.069561959474225,50.0,20.30211281631532,75.43182584197115,39.597512375294855,Monitor,0
48341,TX,Moore County,21373.0,2394.0,0.1120104805127965,0.258563074352548,0.1053197960043045,61762.0,14.9,6.5,6.8,16.0,158.0,65.99832915622389,39650,2.2396404558676224,20.166342182650556,4.3003450070701765,46.20253164556963,26.66666666666667,26.400000000000002,54.6218487394958,18.606728043706315,19.979549783009148,50.0,19.834035147951738,76.2724346410588,39.587474970539205,Monitor,0
48117,TX,Deaf Smith County,18460.0,2435.0,0.1319068255687974,0.2246406570841889,0.0823401950162513,60799.0,16.4,7.1,7.2,17.2,230.0,94.45585215605747,39650,4.994034103037163,15.601700552390321,0.7644827643327521,55.69620253164557,33.33333333333333,29.600000000000005,64.70588235294117,26.629679503614405,19.22788722720035,50.0,22.0752019832764,72.08531010485198,39.57873982582785,Monitor,0
48205,TX,Hartley County,5215.0,832.0,0.1595397890699904,0.265625,0.0788111217641419,75841.0,12.0,6.3,6.3,13.3,0.0,0.0,39650,8.81946329145977,21.11660346695558,0.2214656392540571,27.848101265822788,24.444444444444446,22.4,31.932773109243705,0.0,30.968809516375785,50.0,16.079181352710187,83.20935714508727,39.574742880042166,Monitor,0
06089,CA,Shasta County,181436.0,39009.0,0.2150014330121916,0.2716039888230921,0.1794076148063229,72636.0,11.7,7.3,7.6,15.0,4173.0,106.97531338921787,39650,16.497416167025897,21.921143458101888,15.70020879430567,25.949367088607595,35.55555555555556,32.8,46.21848739495799,30.159256894395547,28.467170376845985,50.0,24.604908323245006,67.37225759502866,39.573480568369284,Monitor,0
36065,NY,Oneida County,229124.0,45430.0,0.1982769155566418,0.3208452564384768,0.1520704945793544,70154.0,11.5,7.3,8.0,14.1,4496.0,98.96544133832268,39650,14.182121347706875,28.547108179478677,11.493856765566623,24.683544303797472,35.55555555555556,36.0,38.655462184873954,27.901055621404137,26.52986356114771,50.0,23.615824121384545,69.19546033988341,39.56869679785915,Monitor,0
39117,OH,Morrow County,35404.0,6840.0,0.1931985086430911,0.2083333333333333,0.1530335555304485,75283.0,13.8,7.8,9.2,15.2,747.0,109.21052631578948,39650,13.479081080710351,13.407367280606715,11.642042578549137,39.240506329113934,41.111111111111114,45.599999999999994,47.89915966386555,30.78942434827226,30.53326672702863,50.0,25.094361588387482,66.40583659034166,39.553377839071445,Monitor,0
29159,MO,Pettis County,43397.0,7516.0,0.1731916952784754,0.2639701969132517,0.1709104315966541,60430.0,12.6,7.4,9.0,15.7,1008.0,134.1138903672166,39650,10.709394513830896,20.893931155607653,14.39275052745803,31.645569620253166,36.66666666666668,44.0,52.10084033613446,37.81036151747663,18.939866995535297,50.0,25.131296069595912,66.02234106672726,39.44316181859189,Monitor,0
26045,MI,Eaton County,109130.0,21940.0,0.2010446256757995,0.2716955332725615,0.1518464216988912,79597.0,11.4,6.8,7.5,13.4,1256.0,57.24703737465816,39650,14.565275296231487,21.93346179030568,11.45937875883086,24.050632911392412,30.000000000000004,32.0,32.77310924369748,16.13950033820978,33.900527646820066,50.0,21.105588059878883,73.4531165199386,39.42722302089979,Monitor,0
48477,TX,Washington County,36647.0,8464.0,0.2309602423117854,0.2696124763705104,0.1418670013916555,77825.0,13.2,7.2,7.1,13.5,715.0,84.47542533081285,39650,18.706708518333084,21.65316312591267,9.923849247804691,35.44303797468354,34.44444444444445,28.799999999999997,33.61344537815126,23.815925124198795,32.51740610072122,50.0,23.139514227759037,69.6460193514743,39.416791021059375,Monitor,0
36007,NY,Broome County,197378.0,40036.0,0.2028392222030824,0.3078729143770606,0.1586650994538398,62616.0,10.9,7.1,7.7,13.6,3977.0,99.33559796183437,39650,14.813714155733958,26.801534090607724,12.508566045923041,20.886075949367093,33.33333333333333,33.6,34.45378151260504,28.005412863705757,20.646133191794934,50.0,22.4526909412398,70.90318296742336,39.410363150404045,Monitor,0
06023,CA,Humboldt County,134541.0,26660.0,0.1981552091927368,0.2839459864966241,0.1873480946328628,61160.0,11.4,7.1,7.6,14.9,3211.0,120.44261065266316,39650,14.165272663457761,23.581897641257548,16.922007328687418,24.050632911392412,33.33333333333333,32.8,45.37815126050421,33.956055099264134,19.509663117799494,50.0,24.019216028313554,67.97127076006488,39.402435184426515,Monitor,0
06011,CA,Colusa County,21984.0,3410.0,0.155112809315866,0.3712609970674487,0.1198598981077147,75672.0,13.4,6.8,6.4,16.2,306.0,89.73607038123167,39650,8.206604755050808,35.33111141470978,6.537624847556679,36.708860759493675,30.000000000000004,23.200000000000003,56.30252100840336,25.299044364322498,30.836897811358455,50.0,23.279981047270212,69.33445625621509,39.39904737040092,Monitor,0
17077,IL,Jackson County,53064.0,8778.0,0.1654228855721393,0.3195488721804511,0.1697384290667872,48763.0,11.6,6.5,7.7,13.3,933.0,106.28844839371156,39650,9.633902505576483,28.372665140641416,14.212414955230148,25.31645569620253,26.66666666666667,33.6,31.932773109243705,29.96561092884579,9.83327609354023,50.0,21.258447935747654,73.06893116107274,39.39211706461143,Monitor,0
48253,TX,Jones County,20304.0,3255.0,0.1603132387706855,0.2396313364055299,0.1291371158392435,59464.0,13.0,6.6,7.5,14.9,260.0,79.87711213517665,39650,8.926537476995032,17.618864552076722,7.965106722094912,34.17721518987342,27.77777777777778,32.0,45.37815126050421,22.519535288503683,18.18586281182678,50.0,20.40079981929479,74.65849674777495,39.39099374426284,Monitor,0
29089,MO,Howard County,10147.0,2042.0,0.2012417463289642,0.2394711067580803,0.1590617916625603,65938.0,12.0,7.3,8.5,14.5,216.0,105.77864838393732,39650,14.592564121052051,17.597303856287734,12.569604921381849,27.848101265822788,35.55555555555556,40.0,42.01680672268908,29.821884409404753,23.239095819413656,50.0,23.343703947389287,69.1262348290033,39.36758975595419,Monitor,0
48183,TX,Gregg County,125480.0,20175.0,0.1607825948358304,0.2786121437422553,0.1379183933694612,66550.0,13.5,6.7,7.7,14.7,1810.0,89.71499380421314,39650,8.99151380106143,22.86416928796112,9.316278471257899,37.34177215189874,28.888888888888896,33.6,43.69747899159664,25.293102302732606,23.7167879109557,50.0,21.893573540949532,71.47375736021036,39.246637877690816,Monitor,0
39063,OH,Hancock County,74866.0,13960.0,0.186466486789731,0.31189111747851,0.123941442043117,73141.0,12.5,6.9,7.5,13.3,1011.0,72.42120343839542,39650,12.547119045808419,27.342228375764837,7.1656504212281185,31.012658227848107,31.111111111111118,32.0,31.932773109243705,20.417511385575374,28.86134440663149,50.0,21.276898346882746,72.6119654159441,39.244171821054216,Monitor,0
29027,MO,Callaway County,44741.0,8018.0,0.1792092264366017,0.2494387627837365,0.1488120515857938,74176.0,11.9,7.1,8.4,14.4,641.0,79.94512347218757,39650,11.542444480894511,18.938563746197268,10.992481412833865,27.215189873417728,33.33333333333333,39.2,41.176470588235304,22.5387095383344,29.66920603203347,50.0,22.01739134421863,71.20294794430605,39.232336154249225,Monitor,0
17189,IL,Washington County,13627.0,2948.0,0.2163352168489029,0.2859565807327001,0.1350994349453291,78224.0,11.7,7.2,7.8,13.5,236.0,80.05427408412483,39650,16.682061423036217,23.852445641388247,8.882526437838468,25.949367088607595,34.44444444444445,34.4,33.61344537815126,22.56948207118615,32.828842611383436,50.0,22.365613180655316,70.2381320774326,39.12099479452736,Monitor,0
17091,IL,Kankakee County,106635.0,19030.0,0.1784592300839311,0.2889647924330005,0.1534486800768978,71281.0,13.0,7.0,7.9,14.1,1849.0,97.16237519705729,39650,11.4386171104211,24.257234258048392,11.705917630626265,34.17721518987342,32.22222222222222,35.2,38.655462184873954,27.392722126234485,27.409535108807642,50.0,22.864912902134748,69.21114229792875,39.086093190662645,Monitor,0
29225,MO,Webster County,40500.0,6388.0,0.1577283950617284,0.2168127739511584,0.1306419753086419,71155.0,12.2,7.4,9.4,15.8,599.0,93.7695679398873,39650,8.56869903627447,14.548371099386648,8.19665886180517,29.11392405063291,36.66666666666668,47.2,52.941176470588246,26.436197275591024,27.311186737019575,50.0,22.555938915126433,69.76673547731906,39.07971771189385,Monitor,0
29219,MO,Warren County,37177.0,6777.0,0.1822901256152997,0.2096797993212336,0.1446324340317938,81209.0,12.3,7.3,8.7,15.1,535.0,78.94348531798731,39650,11.968955435619645,13.588549377786801,10.349365289714305,29.746835443037984,35.55555555555556,41.599999999999994,47.05882352941177,22.256320438918134,35.15876237160074,50.0,22.496515776316322,69.7113950471148,39.021723521095794,Monitor,0
39011,OH,Auglaize County,46125.0,9071.0,0.1966612466124661,0.3090067247271524,0.1378428184281842,78660.0,12.2,7.5,8.1,13.7,839.0,92.4925587035608,39650,13.958452715943553,26.954100987120622,9.304649784515364,29.11392405063291,37.777777777777786,36.8,35.29411764705882,26.076173561757543,33.16915919947547,50.0,23.292240231504003,68.20735678119071,39.012531023894354,Monitor,0
17141,IL,Ogle County,51495.0,10274.0,0.1995145159724245,0.3069885146972941,0.1464219827167686,82132.0,12.2,7.1,7.8,13.7,857.0,83.41444422814872,39650,14.353451243392323,26.6825281965373,10.624722448005802,29.11392405063291,33.33333333333333,34.4,35.29411764705882,23.51680562997564,35.879203222079994,50.0,22.929824033032347,68.8019959368894,38.985084199382314,Monitor,0
24510,MD,Baltimore city,573243.0,87602.0,0.1528182638078441,0.4084267482477569,0.163166405869762,62177.0,14.4,6.4,7.3,13.8,11260.0,128.53587817629736,39650,7.888954374910728,40.332179991734996,13.201180308778412,43.03797468354431,25.555555555555564,30.4,36.13445378151262,36.23776782930558,20.30347497580318,50.0,24.175100056304863,66.47818520114097,38.9811798569975,Monitor,0
36019,NY,Clinton County,78493.0,14913.0,0.1899914642069993,0.2721115805002347,0.1702062604308664,71224.0,10.7,7.0,7.8,14.1,1326.0,88.91571112452223,39650,13.035106933896012,21.989445610107424,14.28439998478205,19.62025316455696,32.22222222222222,34.4,38.655462184873954,25.06776272760715,27.365044178713045,50.0,21.903867329111844,70.50321724620215,38.91363980009345,Monitor,0
48399,TX,Runnels County,9874.0,2113.0,0.2139963540611707,0.2820634169427354,0.1547498480858821,62632.0,14.7,7.8,7.8,15.2,340.0,160.9086606720303,39650,16.35827588423507,23.328576797711527,11.906127844755627,44.936708860759495,41.111111111111114,34.4,47.89915966386555,45.36453766752891,20.658621873926755,50.0,26.80477902324024,61.35191772068107,38.89627756734453,Monitor,0
36069,NY,Ontario County,112625.0,24963.0,0.2216470588235294,0.2903897768697672,0.1466548279689234,82324.0,10.5,6.8,6.8,12.8,1370.0,54.88122421183351,39650,17.417417778613036,24.44898189298493,10.660550256152813,18.354430379746837,30.000000000000004,26.400000000000002,27.731092436974798,15.472513117689395,36.029067407661806,50.0,20.402364061503725,73.1813975629723,38.87502578701772,Monitor,0
17041,IL,Douglas County,19751.0,3679.0,0.1862690496683712,0.3098668116335961,0.123791200445547,77320.0,11.7,6.9,8.0,14.0,289.0,78.55395487904322,39650,12.519786410027416,27.06983532491077,7.142532805199344,25.949367088607595,31.111111111111118,36.0,37.815126050420176,22.14650118993348,32.123232070935714,50.0,21.70648888729723,70.68245472425588,38.84807693023276,Monitor,0
39025,OH,Clermont County,211181.0,38826.0,0.1838517669676722,0.2861999690928759,0.144965692936391,85510.0,12.6,7.0,7.6,13.3,2511.0,64.67315716272601,39650,12.185144640623138,23.88519627446933,10.400643707404582,31.645569620253166,32.22222222222222,32.8,31.932773109243705,18.233125935753165,38.51587623716007,50.0,21.569250837979013,70.91701786418774,38.84096929715207,Monitor,0
12129,FL,Wakulla County,35387.0,5841.0,0.1650606154802611,0.2203389830508474,0.116737785062311,81895.0,12.6,6.9,7.8,14.9,309.0,52.90190035952748,39650,9.58375086029589,15.022862074664411,6.057226530782592,31.645569620253166,31.111111111111118,34.4,45.37815126050421,14.914487769152124,35.694214618002434,50.0,20.114295531617003,73.58876734156561,38.830360665099015,Monitor,0
17005,IL,Bond County,16716.0,3137.0,0.1876645130413974,0.310806503028371,0.1779133764058387,65959.0,11.6,6.9,8.0,13.8,360.0,114.75932419509084,39650,12.712970406319329,27.196281339245587,15.470290914327373,25.31645569620253,31.111111111111118,36.0,36.13445378151262,32.3537817256426,23.255487214711668,50.0,23.20794504421477,67.72877388648308,38.79023513900868,Monitor,0
39083,OH,Knox County,63142.0,12126.0,0.1920433309049444,0.2610094012864918,0.1280288872699629,73878.0,12.6,7.5,8.5,13.8,1148.0,94.67260432129308,39650,13.319161547029804,20.49552290333942,7.794584024312674,31.645569620253166,37.777777777777786,40.0,36.13445378151262,26.690787847461667,29.436604327328357,50.0,22.51881574507526,68.98908538569758,38.783410119293066,Monitor,0
48235,TX,Irion County,1409.0,309.0,0.21930447125621,0.2362459546925566,0.1206529453513129,70357.0,13.4,7.3,7.2,14.1,30.0,97.08737864077668,39650,17.0931165918774,17.16332348084023,6.6596507176665956,36.708860759493675,35.55555555555556,29.600000000000005,38.655462184873954,27.37157855268091,26.68831371569515,50.0,22.23169566362102,69.43913768131696,38.7543003698146,Monitor,0
48481,TX,Wharton County,41794.0,7589.0,0.1815810881944776,0.2267755962577414,0.1425563478011197,66924.0,15.0,7.3,7.4,15.2,893.0,117.6703122941099,39650,11.870798303642841,15.888980558192292,10.029918711006347,46.83544303797469,35.55555555555556,31.200000000000006,47.89915966386555,33.17446862165026,24.008710855786944,50.0,23.506046227580402,67.05142900135628,38.746930198401955,Monitor,0
48249,TX,Jim Wells County,38850.0,6319.0,0.1626512226512226,0.219021997151448,0.1613127413127413,51896.0,18.0,7.6,6.9,17.2,1140.0,180.40829245133725,39650,9.250201342373856,14.84564685396516,12.915957666258308,65.82278481012659,38.88888888888889,27.200000000000003,64.70588235294117,50.86201540838413,12.27871616347685,50.0,26.784344502135568,60.842276676345676,38.704620763109105,Monitor,0
17167,IL,Sangamon County,194947.0,37849.0,0.1941502049274931,0.3330867394118735,0.1340415600137473,75357.0,11.9,6.6,7.3,13.0,2940.0,77.67708525984834,39650,13.61083121835692,30.194336982616132,8.719751634652669,27.215189873417728,27.77777777777778,30.4,29.411764705882355,21.899287741612287,30.59102688188829,50.0,21.15628191461997,71.27808367754676,38.698912531644346,Monitor,0
29051,MO,Cole County,77032.0,13890.0,0.1803146744210198,0.3053275737940965,0.125194724270433,74876.0,11.0,6.3,7.1,13.1,724.0,52.12383009359251,39650,11.695479568343362,26.459029973160114,7.35849246880607,21.518987341772156,24.444444444444446,28.799999999999997,30.252100840336134,14.695128551695616,30.215585875300512,50.0,18.865976144476345,75.35300353397726,38.636435730801665,Monitor,0
29077,MO,Greene County,303375.0,52036.0,0.1715236918005768,0.3084210930893996,0.1498211784095591,61479.0,11.0,6.5,7.8,14.2,5202.0,99.96925205626872,39650,10.478480837472288,26.875297683318994,11.147755363680108,21.518987341772156,26.66666666666667,34.4,39.49579831932773,28.184057225762448,19.758656217802617,50.0,21.088611167378602,71.07117166048987,38.58250733996755,Monitor,0
26055,MI,Grand Traverse County,96166.0,21109.0,0.2195058544599962,0.2818702922923871,0.1255433313229207,81647.0,10.7,6.8,7.4,13.2,1313.0,62.20095693779904,39650,17.120995512131053,23.302589710416555,7.412132500026981,19.62025316455696,30.000000000000004,31.200000000000006,31.092436974789912,17.536145302411363,35.500640044959255,50.0,20.44933284853533,72.20492807018597,38.56379117611306,Monitor,0
06021,CA,Glenn County,28494.0,4893.0,0.1717203621815119,0.2315552830574289,0.1420299010317961,67139.0,12.6,7.0,7.1,15.8,488.0,99.734314326589,39650,10.505707327880922,16.53214101379488,9.948914551907583,31.645569620253166,32.22222222222222,28.799999999999997,52.941176470588246,28.117821875576404,24.17652752193325,50.0,21.656927725727343,69.78223971185301,38.50078692087133,Monitor,0
48055,TX,Caldwell County,48669.0,7446.0,0.1529926647352524,0.2412033306473274,0.1415685549322977,69758.0,14.6,6.5,6.8,15.3,678.0,91.05560032232071,39650,7.913097945258035,17.830394004764972,9.877927407487682,44.30379746835443,26.66666666666667,26.400000000000002,48.73949579831934,25.671055823904364,26.220768678385216,50.0,21.239415061860836,70.51468869333704,38.4857608328775,Monitor,0
48361,TX,Orange County,85307.0,13769.0,0.1614052774098257,0.2400319558428353,0.1627885167688466,72104.0,12.4,6.7,7.7,14.5,1183.0,85.91764107778341,39650,9.07771621266961,17.672772389685967,13.143034660184973,30.379746835443044,28.888888888888896,33.6,42.01680672268908,24.22252505676241,28.051921695963035,50.0,21.037496088359397,70.76203470999177,38.441084605930726,Monitor,0
26099,MI,Macomb County,879853.0,160868.0,0.1828350872247977,0.3076870477658701,0.1392016620958273,77837.0,11.4,6.8,8.2,14.1,14213.0,88.3519407215854,39650,12.044398377070834,26.776523653868978,9.513734529750932,24.050632911392412,30.000000000000004,37.599999999999994,38.655462184873954,24.90882048314963,32.52677261232009,50.0,21.96093455792488,69.04211695057168,38.43934839535126,Monitor,0
48211,TX,Hemphill County,3234.0,744.0,0.2300556586270872,0.3629032258064516,0.1799628942486085,61563.0,11.6,6.3,6.2,13.0,94.0,126.34408602150538,39650,18.5814805155289,34.20647957222243,15.7856494255493,25.31645569620253,24.444444444444446,21.6,29.411764705882355,35.61984187460438,19.824221798994664,50.0,23.010738434478384,66.96182042926918,38.393617132655166,Monitor,0
26057,MI,Gratiot County,41385.0,7377.0,0.1782529902138456,0.2679951199674664,0.1428536909508276,63556.0,11.6,7.3,8.8,14.8,897.0,121.59414396095974,39650,11.410065847042944,21.435529685763086,10.075670785497778,25.31645569620253,35.55555555555556,42.400000000000006,44.53781512605043,34.28070372862603,21.379843267039245,50.0,22.863962709505607,67.2316599691439,38.39265675037901,Monitor,0
48173,TX,Glasscock County,1068.0,159.0,0.148876404494382,0.3773584905660377,0.1788389513108614,101250.0,10.9,5.5,5.2,11.9,0.0,0.0,39650,7.343254538057456,36.15159753878861,15.612708764019212,20.886075949367093,15.555555555555559,13.600000000000001,20.168067226890763,0.0,50.801617284336075,50.0,17.40206489131784,77.25951481469919,38.35217236450131,Monitor,0
48031,TX,Blanco County,12446.0,3285.0,0.2639402217579945,0.1659056316590563,0.149445605013659,92425.0,13.1,7.4,7.2,13.4,248.0,75.49467275494673,39650,23.272363447152394,7.698244260081038,11.089966031714326,34.810126582278485,36.66666666666668,29.600000000000005,32.77310924369748,21.28400616589593,43.91332854600518,50.0,22.575810956407388,67.61979804495569,38.34120643739929,Monitor,0
39107,OH,Mercer County,42484.0,8142.0,0.1916486206571886,0.2684844018668632,0.1079465210432162,76782.0,12.1,7.3,7.9,13.4,629.0,77.25374600835177,39650,13.264518978466015,21.501368051857433,4.704518164470492,28.48101265822785,35.55555555555556,35.2,32.77310924369748,21.77993686677154,31.703300134253332,50.0,20.683206331037304,71.01004468299966,38.29759975422413,Monitor,0
36117,NY,Wayne County,90929.0,18932.0,0.2082064027977873,0.2833298119585886,0.1456740973726754,74506.0,11.2,7.3,7.7,14.1,1958.0,103.42277625184872,39650,15.556731433111143,23.498984447732074,10.509645621761052,22.78481012658228,35.55555555555556,33.6,38.655462184873954,29.157699836432343,29.926785101002217,50.0,22.575542436490984,67.48522955966155,38.29393292960068,Monitor,0
29111,MO,Lewis County,9924.0,1912.0,0.192664248286981,0.2484309623430962,0.1112454655380894,59934.0,12.7,7.9,9.9,16.1,303.0,158.47280334728035,39650,13.40511959046366,18.802952896004932,5.212125467415957,32.278481012658226,42.22222222222223,51.2,55.462184873949596,44.677803088421484,18.55271784944894,50.0,25.33043673638285,62.3613929465335,38.291271409935575,Monitor,0
26061,MI,Houghton County,37693.0,6775.0,0.1797415965829199,0.3077490774907749,0.1139468866898363,58899.0,10.0,6.6,7.6,12.8,529.0,78.08118081180812,39650,11.6161442958522,26.78487044892118,5.627792086569179,15.189873417721522,27.77777777777778,32.8,27.731092436974798,22.013213292987828,17.744856224046956,50.0,18.397199421862474,75.0692758216426,38.23242616178552,Monitor,0
48393,TX,Roberts County,832.0,148.0,0.1778846153846154,0.1689189189189189,0.1141826923076923,67868.0,11.6,6.9,6.7,13.0,6.0,40.54054054054054,39650,11.359069079216843,8.103715850194725,5.664075405032189,25.31645569620253,31.111111111111118,25.6,29.411764705882355,11.42948347672757,24.74554310156421,50.0,16.332072879659457,78.79012115733059,38.19238977684435,Monitor,0
17049,IL,Effingham County,34522.0,6501.0,0.1883146978738196,0.2834948469466236,0.1416777706969468,80404.0,11.3,6.8,7.7,13.2,469.0,72.14274726965083,39650,12.802980152675714,23.521191755981206,9.894732394603654,23.41772151898735,30.000000000000004,33.6,31.092436974789912,20.33900700114378,34.53042555184364,50.0,20.518886129864566,70.95441848381782,38.1713224537482,Monitor,0
17119,IL,Madison County,264238.0,48934.0,0.1851891098176643,0.3131564965054972,0.1562379370113307,75793.0,11.2,6.4,7.2,13.4,4067.0,83.11194670372338,39650,12.37028259635008,27.512499313090743,12.135099507408297,22.78481012658228,25.555555555555564,29.600000000000005,32.77310924369748,23.4315233320321,30.931343469980334,50.0,20.717812940116325,70.33325912638824,38.08321910531149,Monitor,0
48325,TX,Medina County,53547.0,9493.0,0.1772835079462901,0.267249552301696,0.1707285188712719,78074.0,14.4,6.6,6.1,14.3,914.0,96.2814705572527,39650,11.275853468272754,21.33520519595953,14.364759687343504,43.03797468354431,27.77777777777778,20.799999999999997,40.336134453781526,27.144371095612414,32.71176121639764,50.0,22.08738477544118,67.75706753249389,38.071773740409625,Monitor,0
17143,IL,Peoria County,179645.0,32813.0,0.1826546800634584,0.3345625209520617,0.1394361101060424,65108.0,12.6,6.7,7.5,13.2,3769.0,114.86301161125164,39650,12.019423320712582,30.39291993742802,9.549808953655658,31.645569620253166,28.888888888888896,32.0,31.092436974789912,32.38301403468321,22.591245433825595,50.0,21.83644515991668,67.91196865077656,37.96287838171764,Monitor,0
26111,MI,Midland County,83757.0,16923.0,0.2020487839822343,0.2870649412042782,0.1455878314648327,77705.0,10.8,7.1,7.7,13.5,1550.0,91.59132541511552,39650,14.704288127593815,24.001587971366586,10.496371920162186,20.253164556962034,33.33333333333333,33.6,33.61344537815126,25.82209133094314,32.42374098473258,50.0,21.455578938480542,68.5707274725615,37.94588092540887,Monitor,0
29031,MO,Cape Girardeau County,82735.0,14766.0,0.1784734392941318,0.3049573344169037,0.1442315827642473,68464.0,11.2,6.6,7.7,13.9,1477.0,100.02708925910876,39650,11.440584193229423,26.40921011330384,10.287686461495836,22.78481012658228,27.77777777777778,33.6,36.9747899159664,28.200363109832725,25.21074651097443,50.0,20.992802639634746,69.42657633629968,37.94462343346747,Monitor,0
26015,MI,Barry County,63409.0,12372.0,0.1951142582283272,0.2330261881668283,0.1287672097020927,77500.0,11.2,7.2,8.3,13.9,1039.0,83.97995473650177,39650,13.74429202635338,16.730067790162597,7.90818940902284,22.78481012658228,34.44444444444445,38.400000000000006,36.9747899159664,23.676238457583683,32.26372974491867,50.0,20.787625505616614,69.79894992485339,37.941589052349485,Monitor,0
26103,MI,Marquette County,67112.0,13634.0,0.2031529383716772,0.2776881326096523,0.1506437000834426,65429.0,10.6,6.9,7.8,13.4,1458.0,106.93853601290893,39650,14.857144133418792,22.739833228731115,11.274316452883957,18.9873417721519,31.111111111111118,34.4,32.77310924369748,30.14888834949615,22.841799619095195,50.0,21.10728052093721,69.06557152204857,37.89268237132618,Monitor,0
36053,NY,Madison County,67328.0,13683.0,0.2032289686311787,0.2883139662354747,0.1318916349809886,75499.0,10.3,6.7,7.1,13.2,1020.0,74.54505590879192,39650,14.8676695471656,24.169658295174383,8.388943508262676,17.088607594936718,28.888888888888896,28.799999999999997,31.092436974789912,21.016283291271336,30.70186393580817,50.0,19.607148178581642,71.73048500905831,37.85031606924848,Monitor,0
39089,OH,Licking County,181837.0,31778.0,0.1747609122455825,0.2616275410661464,0.1517292960178621,84426.0,12.9,6.8,7.6,13.3,2448.0,77.03442633268298,39650,10.926632465478042,20.578700542161847,11.441356675966102,33.54430379746836,30.000000000000004,32.8,31.932773109243705,21.71810467174516,37.6697680227294,50.0,20.934442223558214,69.25411202372135,37.84632665361531,Monitor,0
48013,TX,Atascosa County,51008.0,7768.0,0.1522898368883312,0.2546343975283213,0.1399976474278544,70770.0,15.4,6.6,6.3,15.3,829.0,106.71987641606592,39650,7.81580044910159,19.6376946619908,9.636212482381644,49.367088607594944,27.77777777777778,22.4,48.73949579831934,30.087242248683904,27.010677823222707,50.0,21.655283026419553,67.84881341625704,37.82301866286267,Monitor,0
48291,TX,Liberty County,103380.0,11905.0,0.115157670729348,0.2479630407391852,0.1340878313019926,68703.0,13.9,6.5,8.0,16.2,1245.0,104.57790844183116,39650,2.6753285540838867,18.739988797190474,8.726871379730678,39.873417721519,26.66666666666667,36.0,56.30252100840336,29.48336308864374,25.397296200318458,50.0,21.109465273704583,68.66496144115041,37.75388893231062,Monitor,0
24015,MD,Cecil County,104960.0,17925.0,0.1707793445121951,0.2544490934449093,0.1295255335365853,92007.0,13.2,6.6,7.7,14.0,1145.0,63.87726638772664,39650,10.375435507456357,19.61275991967252,8.024872401714672,35.44303797468354,27.77777777777778,33.6,37.815126050420176,18.008742631020496,43.587061725311436,50.0,20.604341525446053,69.5190730353453,37.72449755391079,Monitor,0
17163,IL,St. Clair County,253694.0,44007.0,0.1734648828904113,0.3135410275637966,0.1478592319881431,73854.0,13.1,6.5,7.2,13.2,4342.0,98.66612129888428,39650,10.747213832941203,27.564242278898742,10.845871432911894,34.810126582278485,26.66666666666667,29.600000000000005,31.092436974789912,27.816669143093776,29.41787130413063,50.0,21.207537109026,68.37547058005924,37.71631382388763,Monitor,0
17007,IL,Boone County,53230.0,8916.0,0.1674995303400338,0.2674966352624495,0.1334022167950403,84571.0,12.2,6.7,7.4,13.9,615.0,68.97711978465681,39650,9.921387324522728,21.368452978977498,8.621376142913208,29.11392405063291,28.888888888888896,31.200000000000006,36.9747899159664,19.446530320991172,37.782946704549005,50.0,20.027650292108767,70.46952431209016,37.68230619910226,Monitor,0
39133,OH,Portage County,161956.0,29702.0,0.1833954901331225,0.2722712275267658,0.1339561362345328,75766.0,11.8,6.8,7.6,13.1,2453.0,82.58703117635176,39650,12.121978968189486,22.010927907718653,8.70660751105742,26.582278481012665,30.000000000000004,32.8,30.252100840336134,23.283535336145068,30.910268818882887,50.0,20.036893362551535,70.42097491945535,37.67132190746787,Monitor,0
29510,MO,St. Louis city,288512.0,44707.0,0.1549571594942324,0.4255038360883083,0.1657816659272404,56160.0,13.3,6.1,7.4,13.7,6970.0,155.9039971369137,39650,8.1850570346688,42.630093653486334,13.603589353956552,36.07594936708862,22.22222222222222,31.200000000000006,35.29411764705882,43.95358659439273,15.606949951606358,50.0,23.640725101118427,63.64344238760209,37.641676151387706,Monitor,0
17107,IL,Logan County,27713.0,5409.0,0.1951791577959802,0.322980218154927,0.1336917692057879,66358.0,11.6,6.9,7.9,13.6,665.0,122.94324274357552,39650,13.753276538651708,28.834391218680324,8.665929459438953,25.31645569620253,31.111111111111118,35.2,34.45378151260504,34.661051450654085,23.566923725373883,50.0,22.104798541344636,66.3663445845281,37.596339656458845,Monitor,0
12031,FL,Duval County,1023153.0,156682.0,0.1531364321856066,0.273975313054467,0.1342223499320238,71277.0,12.8,6.3,7.0,14.0,13213.0,84.33004429353723,39650,7.933000703820517,22.240231724122214,8.747569708875707,32.9113924050633,24.444444444444446,28.000000000000004,37.815126050420176,23.774938246835635,27.406412938274688,50.0,19.3858951663414,71.201860082758,37.52148288708721,Monitor,0
48011,TX,Armstrong County,1822.0,459.0,0.2519209659714599,0.2026143790849673,0.1103183315038419,72750.0,12.6,7.4,7.4,13.7,51.0,111.1111111111111,39650,21.60845172422258,12.637817857370468,5.069467715118306,31.645569620253166,36.66666666666668,31.200000000000006,35.29411764705882,31.32525101029038,28.55615223703519,50.0,21.792314546082743,66.70426627322973,37.51149765058419,Monitor,0
36051,NY,Livingston County,61498.0,12384.0,0.2013724023545481,0.2818959948320413,0.1437932940908647,74001.0,10.1,6.6,7.1,13.0,1011.0,81.63759689922482,39650,14.610651771111385,23.306048275340775,10.220247154240731,15.822784810126583,27.77777777777778,28.799999999999997,29.411764705882355,23.01586393270609,29.532611071216706,50.0,19.37385234430578,70.98149151564665,37.436526054275085,Monitor,0
48451,TX,Tom Green County,119577.0,20295.0,0.1697232745427632,0.2832224685883222,0.1490754911061491,68370.0,12.9,6.4,6.5,13.9,2060.0,101.50283321015029,39650,10.229236172524116,23.484540193574883,11.033016749098119,33.54430379746836,25.555555555555564,24.0,36.9747899159664,28.616415557072365,25.13737550345,50.0,20.29405834888592,69.21975879257519,37.418053504177166,Monitor,0
26067,MI,Ionia County,66574.0,10522.0,0.1580496890678042,0.2476715453335867,0.1368702496470093,75611.0,11.1,6.7,8.1,14.0,839.0,79.7376924539061,39650,8.61317806831367,18.70076482170257,9.155001005426065,22.151898734177216,28.888888888888896,36.8,37.815126050420176,22.480229079899512,30.789284710730904,50.0,19.355000808767645,70.899088592836,37.39543153319157,Monitor,0
48409,TX,San Patricio County,70181.0,10837.0,0.1544150126102506,0.2445326197287072,0.1844801299497014,69704.0,15.4,6.8,6.9,15.6,1552.0,143.21306634677495,39650,8.110003755844515,18.278387183429512,16.480714721301982,49.367088607594944,30.000000000000004,27.200000000000003,51.26050420168068,40.37566726139486,26.178619376190326,50.0,23.84816124166352,62.43979719337573,37.35523382476279,Monitor,0
26005,MI,Allegan County,121456.0,22378.0,0.1842477934395995,0.2112789346679774,0.1152598471874588,83283.0,11.6,7.1,8.2,14.2,1686.0,75.3418536062204,39650,12.239969423532626,13.803730970490571,5.8298168063266145,25.31645569620253,33.33333333333333,37.599999999999994,39.49579831932773,21.24092228215865,36.77760779293765,50.0,19.87107409760842,69.78421040693145,37.34067180587148,Monitor,0
36077,NY,Otsego County,60108.0,12911.0,0.2147966992746389,0.2574548834327317,0.1360051906568177,68885.0,10.2,6.8,7.2,13.4,1259.0,97.51374796684998,39650,16.469073408369006,20.017222667763036,9.021894715950054,16.455696202531644,30.000000000000004,29.600000000000005,32.77310924369748,27.49178368814192,25.539354959567888,50.0,19.80711124006963,69.71771248365158,37.275821675323314,Monitor,0
36029,NY,Erie County,950622.0,183350.0,0.1928737184706434,0.3312080719934551,0.1370250215122309,72839.0,10.8,6.5,6.9,13.1,17588.0,95.9258249250068,39650,13.43411804930257,29.941541215153983,9.178815691971733,20.253164556962034,26.66666666666667,27.200000000000003,30.252100840336134,27.044104897305065,28.625620531393427,50.0,20.122717039389574,69.0380561470642,37.243085727075695,Monitor,0
29095,MO,Jackson County,719976.0,114304.0,0.1587608475838083,0.325684140537514,0.1366795559851995,68577.0,12.1,6.2,7.4,13.9,12057.0,105.48187290033594,39650,8.711628838698825,29.198234295513803,9.125659046047696,28.48101265822785,23.33333333333334,31.200000000000006,36.9747899159664,29.73821531074713,25.298947828530395,50.0,20.381687753964076,68.55429723052995,37.24210107076213,Monitor,0
39061,OH,Hamilton County,830774.0,137755.0,0.1658152518013322,0.3256070560052266,0.1289797225238151,72470.0,13.2,6.5,7.1,12.2,12690.0,92.12006823708758,39650,9.688220574850558,29.187861707312184,7.940888674028199,35.44303797468354,26.66666666666667,28.799999999999997,22.6890756302521,25.971158345506616,28.337600299728372,50.0,19.748290161775337,69.71458282005287,37.236492592172475,Monitor,0
17179,IL,Tazewell County,130290.0,25882.0,0.1986491672423056,0.2892743991963526,0.1223885179215596,77982.0,11.2,6.6,7.3,13.0,2155.0,83.26249903407775,39650,14.233654816555283,24.298895319812566,6.9267025922338,22.78481012658228,27.77777777777778,30.4,29.411764705882355,23.473968137878913,32.639951294139685,50.0,19.626023781581708,69.7973321359247,37.185981705601755,Monitor,0
17083,IL,Jersey County,21274.0,4391.0,0.20640218106609,0.2377590526076064,0.1299238507097866,80361.0,11.7,7.1,7.9,13.5,415.0,94.51150079708496,39650,15.30696008757583,17.366927772334474,8.08616130982446,25.949367088607595,33.33333333333333,35.2,33.61344537815126,26.645368372451518,34.49686221861438,50.0,20.858626029718238,67.49598872956736,37.18170297466543,Monitor,0
39137,OH,Putnam County,34314.0,6492.0,0.1891939150201084,0.2784966112138016,0.1040100250626566,84928.0,12.3,7.0,7.4,13.4,510.0,78.55822550831792,39650,12.924696483760853,22.848623090741235,4.098811063046729,29.746835443037984,32.22222222222222,31.200000000000006,32.77310924369748,22.1477051967395,38.06160042461519,50.0,20.072446488056514,68.90028201440872,37.16218892227978,Monitor,0
48505,TX,Zapata County,13841.0,1950.0,0.1408857741492666,0.3112820512820513,0.1507116537822411,39239.0,20.8,8.4,7.8,20.0,597.0,306.1538461538462,39650,6.237054308944128,27.260271689307448,11.284772462018358,83.54430379746837,47.777777777777786,34.4,88.23529411764707,86.31311470681551,2.3993880545755406,50.0,33.300996392325146,44.30797049487881,37.15343732821893,Monitor,0
48069,TX,Castro County,7344.0,1376.0,0.1873638344226579,0.2049418604651162,0.0915032679738562,56776.0,15.5,7.2,6.7,15.5,194.0,140.98837209302326,39650,12.67134531010368,12.951006576129402,2.174401227020052,50.000000000000014,34.44444444444445,25.6,50.4201680672269,39.74846530811556,16.087764213681353,50.0,21.591828810516482,65.81201481643204,37.06889391258693,Monitor,0
17013,IL,Calhoun County,4330.0,1101.0,0.2542725173210162,0.1471389645776566,0.1545034642032332,93203.0,11.9,7.5,7.8,13.5,100.0,90.82652134423252,39650,21.933993831578487,5.172978765487492,11.868216852814111,27.215189873417728,37.777777777777786,34.4,33.61344537815126,25.606472215496222,44.520590714664834,50.0,21.933729946215244,65.06026306707763,37.02801653851708,Monitor,0
12011,FL,Broward County,1977129.0,354411.0,0.179255374838971,0.2658213204443428,0.1122516537868798,77633.0,13.5,6.7,6.3,13.8,31777.0,89.66143827364274,39650,11.548833134989284,21.143020584168344,5.3669472608767625,37.34177215189874,28.888888888888896,22.4,36.13445378151262,25.278003538789644,32.367541915139405,50.0,19.60856230577795,68.88683547912387,36.85595791644902,Monitor,0
29037,MO,Cass County,110773.0,19908.0,0.1797188845657335,0.2590918223829616,0.1391765141325052,87535.0,11.5,6.4,7.3,13.2,1358.0,68.21378340365682,39650,11.613000108531537,20.237491159224085,9.509865022441447,24.683544303797472,25.555555555555564,30.4,31.092436974789912,19.23132498733017,40.0964750694683,50.0,19.014000388919083,69.89382873612792,36.82194031044217,Monitor,0
26037,MI,Clinton County,79626.0,14971.0,0.1880164770301158,0.2512190234453276,0.1282244493004797,88210.0,10.6,6.6,7.3,13.1,893.0,59.64865406452475,39650,12.761695303873616,19.178117781050585,7.824675077685485,18.9873417721519,27.77777777777778,30.4,30.252100840336134,16.816581548974938,40.62334134690437,50.0,18.37379854768967,71.06387774399248,36.81532626639565,Monitor,0
48143,TX,Erath County,43794.0,6497.0,0.1483536557519295,0.3144528243804833,0.1381239439192583,65115.0,10.8,5.8,6.6,13.1,531.0,81.73002924426659,39650,7.270886682995414,27.686934764957776,9.347906454197172,20.253164556962034,18.888888888888893,24.799999999999997,30.252100840336134,23.04192313039522,22.596709232258267,50.0,17.25975860495066,73.04792950860515,36.78561842122973,Monitor,0
39103,OH,Medina County,183660.0,36355.0,0.1979472939126647,0.2455508183193508,0.1297288467820973,94968.0,11.9,6.8,7.0,12.7,2147.0,59.05652592490716,39650,14.136489461067162,18.41539722130376,8.056156131516074,27.215189873417728,30.000000000000004,28.000000000000004,26.89075630252101,16.649644485540943,45.89824846233101,50.0,19.118257792359444,69.57322099425318,36.77749491302225,Monitor,0
17129,IL,Menard County,12095.0,2513.0,0.2077718065316246,0.2522881018702745,0.1590739975196362,82176.0,11.7,7.0,7.9,13.5,284.0,113.01233585356148,39650,15.496567157148256,19.321974271168035,12.571483031850233,25.949367088607595,32.22222222222222,35.2,33.61344537815126,31.861258090848477,35.91354709794249,50.0,21.98523800523042,64.20224392065059,36.76119007562748,Monitor,0
48163,TX,Frio County,18582.0,2302.0,0.1238833279517813,0.2919200695047784,0.1869551178559896,66010.0,15.3,6.2,5.9,16.2,339.0,147.2632493483927,39650,3.883283821908338,24.65489992686184,16.86154014527805,48.73417721518988,23.33333333333334,19.200000000000003,56.30252100840336,41.517524253864444,23.295294889006836,50.0,22.798367129254633,62.6767731936725,36.75580925180088,Monitor,0
48313,TX,Madison County,13648.0,2109.0,0.1545281359906213,0.2792792792792792,0.1164273153575615,74596.0,13.1,6.7,7.6,14.8,234.0,110.95305832147938,39650,8.125664236167026,22.9539398553483,6.009454678385837,34.810126582278485,28.888888888888896,32.8,44.53781512605043,31.280691620517565,29.997033937993695,50.0,20.780081032742952,66.29650942731723,36.71083097084395,Monitor,0
39055,OH,Geauga County,95481.0,21289.0,0.2229658256616499,0.2032505049556108,0.0969512258983462,107860.0,12.4,7.4,7.6,12.8,1015.0,47.67720418995725,39650,17.599984123878624,12.723415726421308,3.0126763883355614,30.379746835443044,36.66666666666668,32.8,27.731092436974798,13.441503498473514,55.961004090043396,50.0,19.668794261508417,68.31887184882656,36.69632141706977,Monitor,0
48309,TX,McLennan County,266067.0,40771.0,0.1532358390931607,0.2411272718353732,0.1328349626221966,66643.0,12.5,6.2,6.8,13.9,3737.0,91.65828652718844,39650,7.946762314502331,17.820159438736027,8.534092964548359,31.012658227848107,23.33333333333334,26.400000000000002,36.9747899159664,25.840969493735656,23.78937837584689,50.0,18.138611235060445,71.15065326569132,36.69282594578125,Monitor,0
48369,TX,Parmer County,9731.0,1522.0,0.1564073579282704,0.1353482260183968,0.1200287740211694,69735.0,15.0,6.8,6.4,15.5,148.0,97.24047306176084,39650,8.385818397753662,3.5864026776651006,6.56360971850386,46.83544303797469,30.000000000000004,23.200000000000003,50.4201680672269,27.414740043171342,26.202816197820727,50.0,18.992698055309113,69.56104811690955,36.69162057686926,Monitor,0
29113,MO,Lincoln County,63057.0,9348.0,0.1482468243018221,0.2577021822849807,0.1418399226097023,89278.0,11.1,6.3,7.9,14.4,647.0,69.21266581086863,39650,7.256097239674769,20.05049950140261,9.919682646185391,22.151898734177216,24.444444444444446,35.2,41.176470588235304,19.51293716655123,41.45696087920322,50.0,19.102817141051858,69.33079629463586,36.68260984480626,Monitor,0
48355,TX,Nueces County,352955.0,56776.0,0.1608590330212066,0.2426905734817528,0.1400660140811151,66897.0,15.8,6.5,6.0,14.6,7185.0,126.54995068338734,39650,9.002095686910755,18.030519205236946,9.646732032658106,51.8987341772152,26.66666666666667,20.0,42.85714285714286,35.677880734472794,23.9876362046895,50.0,21.026702579147326,65.68087473463312,36.655662833567355,Monitor,0
39097,OH,Madison County,44423.0,7324.0,0.1648695495576615,0.2340251228836701,0.1268487044999212,87045.0,12.4,6.8,7.8,13.6,559.0,76.32441288913162,39650,9.55730023522291,16.864485657802636,7.612989761719118,30.379746835443044,30.000000000000004,34.4,34.45378151260504,21.517932527685815,39.71400917918137,50.0,19.364948694624754,68.7509343560184,36.65004367611253,Monitor,0
12086,FL,Miami-Dade County,2738356.0,463896.0,0.1694067535411758,0.2157466328659872,0.1022701211968056,71753.0,15.4,6.8,5.3,14.6,45392.0,97.84951799541275,39650,10.185417901705318,14.404909861273687,3.831092733713954,49.367088607594944,30.000000000000004,14.399999999999999,42.85714285714286,27.58644641198007,27.777951231696274,50.0,19.135732647833954,68.99406910390208,36.586150407457794,Monitor,0
36067,NY,Onondaga County,471129.0,87986.0,0.1867556444201057,0.3277339576750847,0.1384270550104111,76945.0,10.9,6.5,6.8,13.2,8853.0,100.61828018093787,39650,12.587149209031512,29.474060176864054,9.394546039589423,20.886075949367093,26.66666666666667,26.400000000000002,31.092436974789912,28.367035946024444,31.830528583471228,50.0,19.95132349578774,67.3489716546452,36.54050035138785,Monitor,0
48423,TX,Smith County,241740.0,42158.0,0.1743939770000827,0.2267422553252051,0.1333002399271945,74192.0,13.2,6.5,7.0,13.7,4133.0,98.03595996014992,39650,10.875834989545526,15.88449416185317,8.605685002025425,35.44303797468354,26.66666666666667,28.000000000000004,35.29411764705882,27.639009484078265,29.681694714165285,50.0,19.363152100910348,68.39403636950738,36.52396159491931,Monitor,0
29099,MO,Jefferson County,229458.0,38261.0,0.1667451123952967,0.2316458012074959,0.132011086996313,82851.0,11.2,6.6,7.9,14.0,3115.0,81.41449517785735,39650,9.816947841369124,16.544321245905735,8.407323543278252,22.78481012658228,27.77777777777778,35.2,37.815126050420176,22.952965475902115,36.44041337537856,50.0,18.975121251361816,68.94374497564027,36.46413955485927,Monitor,0
48231,TX,Hunt County,108972.0,16897.0,0.1550581800829571,0.2278510978280168,0.154094629813163,71938.0,12.3,6.5,7.4,14.4,1815.0,107.41551754749364,39650,8.19904203880064,16.03370135453921,11.805309664646078,29.746835443037984,26.66666666666667,31.200000000000006,41.176470588235304,30.283362446179403,27.92235161884542,50.0,19.694874915604256,67.4674451689477,36.415274504274464,Monitor,0
06101,CA,Sutter County,98857.0,16216.0,0.1640349191256056,0.2098544647261963,0.1483152432301202,79704.0,12.8,6.8,6.8,15.3,1692.0,104.3413912185496,39650,9.44175636255089,13.6120525666236,10.916037704885408,32.9113924050633,30.000000000000004,26.400000000000002,48.73949579831934,29.41668243615577,33.9840457085766,50.0,20.39054333694661,66.12561094754135,36.39781700065477,Monitor,0
36111,NY,Ulster County,182601.0,38843.0,0.2127206313218438,0.3024483175861802,0.1401854316241422,86271.0,10.9,6.8,6.9,13.3,3907.0,100.5844038822954,39650,16.181668442071118,26.07159376403422,9.665106763434743,20.886075949367093,30.000000000000004,27.200000000000003,31.932773109243705,28.357485293999968,39.10986918105467,50.0,20.89106243367094,65.17042233398362,36.38883839878038,Monitor,0
48025,TX,Bee County,31083.0,3950.0,0.1270791107679439,0.3382278481012658,0.1272077984750506,57673.0,13.9,5.9,5.7,14.6,495.0,125.31645569620254,39650,4.325698941961604,30.886130806259178,7.668243411637348,39.873417721519,20.000000000000007,17.6,42.85714285714286,35.330124873631306,16.7879109556964,50.0,19.281049096622933,68.03205803279386,36.34390222428276,Monitor,0
17009,IL,Brown County,6322.0,1029.0,0.1627649478013287,0.2196307094266278,0.1422018348623853,67917.0,11.7,6.5,8.0,14.0,112.0,108.84353741496598,39650,9.265945129993844,14.927555916345803,9.97536994337176,25.949367088607595,26.66666666666667,36.0,37.815126050420176,30.685960173345677,24.7837896905929,50.0,19.19380963919413,68.18758499748202,36.34163101459489,Monitor,0
48485,TX,Wichita County,129996.0,20006.0,0.153897042985938,0.2941617514745576,0.1455429397827625,63524.0,12.1,6.2,7.1,13.8,2411.0,120.51384584624611,39650,8.038297508359474,24.956543372849463,10.489464454548337,28.48101265822785,23.33333333333334,28.799999999999997,36.13445378151262,33.97613824214191,21.35486590277561,50.0,19.525828751234336,67.40666419598926,36.28412115689856,Monitor,0
12019,FL,Clay County,227584.0,39006.0,0.1713916619797525,0.1882018151053684,0.1419256186726659,87820.0,12.2,6.6,7.0,13.7,2672.0,68.50228170025125,39650,10.46020300309156,10.698445759573955,9.932868665974933,29.11392405063291,27.77777777777778,28.000000000000004,35.29411764705882,19.312660521341925,40.3189297199413,50.0,18.224973295450923,69.78235779727956,36.27005787109094,Monitor,0
39009,OH,Athens County,61737.0,9302.0,0.1506713964073408,0.2880025800903031,0.1775110549589387,56001.0,11.5,6.2,7.7,13.3,1280.0,137.6048161685659,39650,7.591748133632854,24.12775779763342,15.408385870185104,24.683544303797472,23.33333333333334,33.6,31.932773109243705,38.79454866034672,15.482843672921415,50.0,19.953742951727698,66.51814513493288,36.25128371584951,Monitor,0
12113,FL,Santa Rosa County,198472.0,33229.0,0.167424120278931,0.2072587197929519,0.1463430609859325,91922.0,10.9,6.4,6.8,13.5,1755.0,52.81531192632941,39650,9.910947769285343,13.262765978639903,10.612578792058951,20.886075949367093,25.555555555555564,26.400000000000002,33.61344537815126,14.890076129511467,43.52071560148615,50.0,17.235175285836505,71.25424344832285,36.141849142706725,Monitor,0
26073,MI,Isabella County,64565.0,9022.0,0.1397351506234027,0.2885169585457769,0.1477580732595059,55237.0,10.5,6.2,8.2,14.3,1201.0,133.11904234094436,39650,6.077765247510835,24.196973186766517,10.83030617878509,18.354430379746837,23.33333333333334,37.599999999999994,40.336134453781526,37.529886740216,14.886509101127105,50.0,19.277438342335877,67.39260956254307,36.117748269408395,Monitor,0
39017,OH,Butler County,392876.0,62338.0,0.1586709292499414,0.2696108312746639,0.1238507824351703,81590.0,12.5,6.6,7.2,13.3,5579.0,89.49597356347654,39650,8.699180799279025,21.65294175981935,7.151700662707648,31.012658227848107,27.77777777777778,29.600000000000005,31.932773109243705,25.231354526575934,35.45614911486466,50.0,18.885397507821146,67.98591027592384,36.070576976657094,Monitor,0
17027,IL,Clinton County,36954.0,6955.0,0.1882069600043297,0.3055355859094177,0.1321643123883747,86588.0,11.3,6.6,7.4,13.1,676.0,97.196261682243,39650,12.788065227223461,26.487020335806804,8.430900274601886,23.41772151898735,27.77777777777778,31.200000000000006,30.252100840336134,27.40227565012318,39.357301195791315,50.0,20.12100942580739,65.62155803369485,36.046201438568005,Monitor,0
36055,NY,Monroe County,753753.0,141504.0,0.1877325861389606,0.3029808344640434,0.1451576312134081,76382.0,11.2,6.3,6.3,13.1,14466.0,102.23032564450476,39650,12.722394253108451,26.14324988129382,10.43017717523954,22.78481012658228,24.444444444444446,22.4,30.252100840336134,28.821515505100535,31.391083080957884,50.0,19.176257021655378,67.23084154790735,35.99536160584357,Monitor,0
06079,CA,San Luis Obispo County,281555.0,62338.0,0.2214061195858713,0.2448586736821842,0.1302978103745271,97446.0,10.0,6.4,5.8,13.0,3230.0,51.81430267252719,39650,17.384062833084535,18.322261399054476,8.143702337606015,15.189873417721522,25.555555555555564,18.4,29.411764705882355,14.607864334260668,47.83243310749633,50.0,17.578814753566455,70.11594468390774,35.9668102291859,Monitor,0
36093,NY,Schenectady County,160369.0,28630.0,0.178525774931564,0.3375829549423681,0.1296011074459527,79623.0,10.2,6.1,6.4,12.5,2342.0,81.80230527418792,39650,11.447829390619097,30.79935320026232,8.036500929677677,16.455696202531644,22.22222222222222,23.200000000000003,25.21008403361345,23.062299713409036,33.92082175528427,50.0,17.797960759466392,69.63948863103975,35.94249551451706,Monitor,0
12091,FL,Okaloosa County,216599.0,36047.0,0.1664227443339997,0.2257330707132355,0.1438556964713595,81998.0,10.8,6.1,6.6,12.9,2244.0,62.25205981080256,39650,9.772320120167684,15.748697055887165,10.229848984192577,20.253164556962034,22.22222222222222,24.799999999999997,28.571428571428577,17.550552595329,35.774610509226015,50.0,16.436035920324795,72.11481291980125,35.92360787014155,Monitor,0
12003,FL,Baker County,28430.0,4335.0,0.1524797748856841,0.2348327566320646,0.1270137179036229,79836.0,12.3,6.9,8.3,14.9,497.0,114.6482122260669,39650,7.842094927398604,16.973161834997214,7.638380309796856,29.746835443037984,31.111111111111118,38.400000000000006,45.37815126050421,32.322456232763294,34.0870773361641,50.0,20.497783850523938,64.49652587113096,35.89734355773639,Monitor,0
48493,TX,Wilson County,52781.0,9039.0,0.1712548076012201,0.1858612678393627,0.1509065762300828,94565.0,13.1,6.3,6.1,13.5,544.0,60.18364863369842,39650,10.441257270608737,10.383498879359534,11.314765103054368,34.810126582278485,24.444444444444446,20.799999999999997,33.61344537815126,16.967411101491507,45.583689781135845,50.0,17.79759381065441,69.49281695983892,35.89092191286899,Monitor,0
48335,TX,Mitchell County,9018.0,1317.0,0.14604125083167,0.3029612756264236,0.1362829895764027,60550.0,13.3,6.5,7.0,14.8,198.0,150.34168564920273,39650,6.950763896417317,26.140618020370333,9.064639527374085,36.07594936708862,26.66666666666667,28.000000000000004,44.53781512605043,42.385419362443024,19.033532111523932,50.0,20.99975469861527,63.47795971719916,35.86712645511963,Monitor,0
39173,OH,Wood County,132064.0,22040.0,0.1668887811969954,0.3129310344827586,0.1234325781439302,74216.0,10.7,6.1,6.6,12.2,1795.0,81.44283121597095,39650,9.836836943291187,27.48216086972765,7.087351731500558,19.62025316455696,22.22222222222222,24.799999999999997,22.6890756302521,22.96095417746103,29.700427737363018,50.0,16.932158814285184,70.96134688118752,35.842374637701006,Monitor,0
48497,TX,Wise County,75005.0,11658.0,0.1554296380241317,0.2041516555155258,0.150976601559896,93421.0,11.9,6.4,7.2,14.1,831.0,71.28152341739579,39650,8.250465623910479,12.844675639250605,11.325539873245132,27.215189873417728,25.555555555555564,29.600000000000005,38.655462184873954,20.096204521012336,44.69074900871085,50.0,18.357046487898963,68.03986281082996,35.74603220092481,Monitor,0
29189,MO,St. Louis County,995569.0,190319.0,0.1911660567976704,0.3058549067618051,0.1196019562682245,82936.0,11.5,6.1,6.5,12.6,16419.0,86.27094509744167,39650,13.19771420476163,26.529988537178976,6.497935437303219,24.683544303797472,22.22222222222222,24.0,26.05042016806723,24.322131090651066,36.506759499203845,50.0,18.27413258863659,68.17080005038076,35.73796620024705,Monitor,0
06017,CA,El Dorado County,192662.0,45254.0,0.23488804227092,0.2177266098024484,0.1255618648202551,108845.0,10.8,6.8,6.0,13.3,2374.0,52.45945109824546,39650,19.250462018000604,14.671337960416139,7.414984242034368,20.253164556962034,30.000000000000004,20.0,31.932773109243705,14.789749261631332,56.72983858378344,50.0,18.71490681359002,67.34668633096774,35.73602964467222,Monitor,0
36105,NY,Sullivan County,79721.0,15349.0,0.1925339621931486,0.3202163007362043,0.1546518483210195,72382.0,12.1,7.2,7.5,14.3,2545.0,165.80884748192065,39650,13.387083152708062,28.462475136984374,11.891048659152927,28.48101265822785,34.44444444444445,32.0,40.336134453781526,46.74603390388307,28.26891254800337,50.0,23.520510946200638,58.3090075884633,35.69648477099257,Monitor,0
06007,CA,Butte County,207929.0,38227.0,0.1838464091108022,0.2686582781803437,0.1616320955710843,67928.0,10.7,6.5,6.8,14.1,5002.0,130.84992282941377,39650,12.184402914095797,21.52476505958688,12.96509658145181,19.62025316455696,26.66666666666667,26.400000000000002,38.655462184873954,36.89016009577661,24.792375659558523,50.0,20.002073005362103,64.77269924945531,35.671792190794726,Monitor,0
48357,TX,Ochiltree County,9786.0,1144.0,0.1169016963008379,0.3741258741258741,0.1594114040465971,70183.0,14.1,6.7,7.1,15.5,196.0,171.32867132867133,39650,2.9167665137238226,35.71661274803203,12.623399642576175,41.139240506329116,28.888888888888896,28.799999999999997,50.4201680672269,48.30222271167153,26.552499297511627,50.0,23.536193215395485,57.96802771932717,35.58733529177157,Monitor,0
48021,TX,Bastrop County,106582.0,16402.0,0.1538909009025914,0.2029020851115717,0.11666134994652,86226.0,13.4,6.5,6.8,14.4,1370.0,83.52639921960736,39650,8.037447215740267,12.676531929422763,6.045465489323031,36.708860759493675,26.66666666666667,26.400000000000002,41.176470588235304,23.54836879385931,39.074744762558936,50.0,18.215134492652652,67.8259737346097,35.57892822733762,Monitor,0
36083,NY,Rensselaer County,160332.0,29330.0,0.1829329142030287,0.2983975451755881,0.1451301050320584,87915.0,9.9,6.0,6.5,12.6,2157.0,73.54244800545516,39650,12.057941266812788,25.52651691311814,10.425941732449573,14.55696202531646,21.111111111111114,24.0,26.05042016806723,20.73362079313901,40.393081270098975,50.0,17.500500530610314,68.97858418274386,35.51782980885706,Monitor,0
39057,OH,Greene County,169688.0,31551.0,0.1859353637263684,0.2359354695572248,0.1348474847956249,87309.0,11.2,6.4,6.6,12.1,2256.0,71.5032804031568,39650,12.473591873482368,17.121544224276626,8.843758966555813,22.78481012658228,25.555555555555564,24.799999999999997,21.84873949579832,20.158723860192573,39.92007243435636,50.0,16.954291913116865,69.43668014658718,35.32312779483147,Monitor,0
48323,TX,Maverick County,58082.0,6975.0,0.1200888399159808,0.3250179211469534,0.1255982920698323,49568.0,17.8,6.6,5.7,17.4,1517.0,217.4910394265233,39650,3.3579856472610565,29.108587005906404,7.420589288721373,64.55696202531647,27.77777777777778,17.6,66.38655462184873,61.31665262272323,10.461612913297325,50.0,24.3220317629398,55.637357183513025,35.28239566014043,Monitor,0
26065,MI,Ingham County,283913.0,42210.0,0.1486723045439976,0.3434968017057569,0.1377499445252595,65526.0,10.2,5.6,6.5,12.5,4417.0,104.64344941956882,39650,7.314999519100754,31.59512759680933,9.29035931329013,16.455696202531644,16.666666666666664,24.0,25.21008403361345,29.501840876855567,22.91751225451934,50.0,16.65933557223579,69.39873384137364,35.11812496643404,Monitor,0
48489,TX,Willacy County,20139.0,2967.0,0.1473260837181588,0.2103134479271992,0.1183772779184666,54180.0,18.8,7.7,7.2,18.5,719.0,242.3323222109875,39650,7.128632521547133,13.67381390309658,6.309494657210554,70.8860759493671,40.00000000000001,29.600000000000005,75.63025210084035,68.32008739049175,14.061475537793875,50.0,26.706761952314128,50.70550927389137,35.10632351486616,Monitor,0
06003,CA,Alpine County,1616.0,341.0,0.2110148514851485,0.126099706744868,0.1144801980198019,105521.0,11.6,7.5,6.4,13.5,19.0,55.71847507331378,39650,15.945525113613595,2.3419107017471417,5.709852492936975,25.31645569620253,37.777777777777786,23.200000000000003,33.61344537815126,15.708556958239459,54.13531487089824,50.0,17.470406267466025,67.61969921169883,35.02265879794751,Monitor,0
12073,FL,Leon County,297542.0,44008.0,0.1479051696903294,0.2838802035993455,0.1307882584643512,66287.0,10.6,5.5,5.9,12.1,3608.0,81.98509361934194,39650,7.208799543099195,23.57304581477651,8.219167393928501,18.9873417721519,15.555555555555559,19.200000000000003,21.84873949579832,23.11383273055238,23.511505198413936,50.0,14.541153919127552,72.73394043867201,34.90862920096811,Monitor,0
29001,MO,Adair County,25301.0,3893.0,0.1538674360697205,0.2840996660673003,0.1229595668155408,61536.0,10.0,6.1,7.5,13.5,474.0,121.75699974312867,39650,8.034198810748821,23.602576950767823,7.014569662860258,15.189873417721522,22.22222222222222,32.0,33.61344537815126,34.326617212920304,19.803147147897217,50.0,17.254404279683932,67.67941638852467,34.903158517778195,Monitor,0
24035,MD,Queen Anne's County,51825.0,10720.0,0.2068499758803666,0.2297574626865671,0.1044476603955619,112826.0,11.6,6.7,6.8,12.4,522.0,48.69402985074627,39650,15.368951533150751,16.290224123154537,4.166149841057373,25.31645569620253,28.888888888888896,26.400000000000002,24.36974789915967,13.728174369994797,59.837178806706426,50.0,17.616510718397453,66.99835045449093,34.90015462603017,Monitor,0
39045,OH,Fairfield County,163453.0,27165.0,0.1661945635748502,0.2230075464752438,0.1354517812459851,90966.0,12.2,6.6,7.2,12.9,2378.0,87.53911282900792,39650,9.740731422261678,15.381947207177987,8.936741825716844,29.11392405063291,27.77777777777778,29.600000000000005,28.571428571428577,24.679662143281238,42.774516844110025,50.0,18.036136341769414,66.09383076796232,34.85632939093693,Monitor,0
29043,MO,Christian County,92915.0,15557.0,0.1674325996878868,0.2164299029375843,0.1254157025238121,83437.0,10.7,6.3,7.2,13.5,1364.0,87.67757279681172,39650,9.912121634640705,14.49685151121124,7.392494306479207,19.62025316455696,24.444444444444446,29.600000000000005,33.61344537815126,24.718697782498214,36.8978113584564,50.0,16.85887129535297,67.83537281208908,34.70064682621061,Monitor,0
12109,FL,St. Johns County,306934.0,64617.0,0.2105240866114539,0.1964343748549143,0.1099682667935126,109839.0,10.6,6.5,6.0,12.3,2165.0,33.505114753083554,39650,15.877585014738466,11.806228989144486,5.015603394653747,18.9873417721519,26.66666666666667,20.0,23.52941176470589,9.446005167920331,57.505697961222644,50.0,15.661793301339484,70.05298776927702,34.698711365117624,Monitor,0
29047,MO,Clay County,258122.0,39430.0,0.1527572233285035,0.2823231042353538,0.1319918488156763,88468.0,10.8,5.8,6.4,12.6,2788.0,70.70758305858483,39650,7.880504103866337,23.363520634919766,8.404363371925946,20.253164556962034,18.888888888888893,23.200000000000003,26.05042016806723,19.93439508877013,40.82472134627994,50.0,15.994774156981556,69.28866629729245,34.64763640609037,Monitor,0
12001,FL,Alachua County,285492.0,43645.0,0.1528764378686618,0.2953373811433153,0.1200769198436383,61949.0,10.5,5.6,6.0,12.1,4185.0,95.88727231068852,39650,7.897007827094803,25.114737527627046,6.571017897431851,18.354430379746837,16.666666666666664,20.0,21.84873949579832,27.03323586441946,20.125511255424772,50.0,14.74264981962531,71.59406689794187,34.6406457970361,Monitor,0
24005,MD,Baltimore County,850796.0,154369.0,0.1814406743802274,0.2947742098478321,0.1204331002966633,91768.0,13.1,6.2,6.5,11.7,14205.0,92.01977080890592,39650,11.851359812962418,25.03895651473537,6.625823244840056,34.810126582278485,23.33333333333334,24.0,18.487394957983188,25.942881766485325,43.4005120359674,50.0,18.106933566778423,65.21126141764285,34.59344831458097,Monitor,0
36023,NY,Cortland County,46246.0,7929.0,0.1714526661765341,0.3009206709547232,0.1404013320070925,70418.0,9.3,6.2,6.9,13.1,937.0,118.1737924076176,39650,10.468648251281266,25.866031779606306,9.698327271165203,10.759493670886084,23.33333333333334,27.200000000000003,30.252100840336134,33.31641339005912,26.73592681632271,50.0,17.59122506844986,66.15519459057066,34.58861440119214,Monitor,0
17203,IL,Woodford County,38312.0,7416.0,0.1935685946961787,0.253371089536138,0.1045103361870954,91483.0,10.6,6.4,6.8,12.3,552.0,74.4336569579288,39650,13.53031474551971,19.467702405621175,4.17579374065912,18.9873417721519,25.555555555555564,26.400000000000002,23.52941176470589,20.984876890388705,43.1780573854944,50.0,16.585123704596267,68.0049004946379,34.58204558111083,Monitor,0
48317,TX,Martin County,5218.0,570.0,0.109237255653507,0.2245614035087719,0.1199693369106937,93734.0,12.1,5.5,6.0,14.0,25.0,43.85964912280701,39650,1.8557230623413294,15.59103609511319,6.5544641534934955,28.48101265822785,15.555555555555559,20.0,37.815126050420176,12.365230661956726,44.935058852914544,50.0,14.298648436971368,72.21860548004943,34.570633402048685,Monitor,0
48167,TX,Galveston County,358990.0,56604.0,0.1576757012730159,0.2563246413681012,0.1344828546756177,86105.0,12.3,5.9,6.0,12.9,4917.0,86.86665253338987,39650,8.56140425743612,19.86513592407169,8.787653472184154,29.746835443037984,20.000000000000007,20.0,28.571428571428577,24.49007725528903,38.98029910393706,50.0,16.709478548853273,67.33636777840991,34.428889779198094,Monitor,0
48061,TX,Cameron County,426120.0,60919.0,0.1429620764104008,0.2382015463155994,0.1224490753778278,52601.0,18.3,7.1,6.2,16.2,13363.0,219.35685090037592,39650,6.524491712224732,17.42647026261912,6.936020544414358,67.7215189873418,33.33333333333333,21.6,56.30252100840336,61.84267573753006,12.828998719910082,50.0,23.52803490923977,54.63782872838544,34.416462745940755,Monitor,0
12057,FL,Hillsborough County,1522748.0,229164.0,0.1504937126825975,0.2353249201445253,0.1226782107085348,79540.0,12.5,6.0,6.0,13.1,20599.0,89.8875914192456,39650,7.567150102121997,17.039387954442088,6.971277508394944,31.012658227848107,21.111111111111114,20.0,30.252100840336134,25.341762275264628,33.85603671672547,50.0,16.079538238305336,68.40521973358682,34.39352676165385,Monitor,0
29101,MO,Johnson County,54732.0,7196.0,0.1314770152744281,0.2801556420233463,0.1292479719359789,67272.0,9.6,5.5,6.9,13.2,684.0,95.05280711506391,39650,4.934532383451643,23.071864289598714,7.982164106469328,12.658227848101266,15.555555555555559,27.200000000000003,31.092436974789912,26.797977379008834,24.280339692153984,50.0,14.941467598441259,70.47701053389895,34.37890762585145,Monitor,0
48141,TX,El Paso County,870779.0,114171.0,0.1311136350325398,0.2404288304385527,0.1337250898333561,59806.0,15.4,5.8,4.9,15.0,16618.0,145.55359942542327,39650,4.884227052148488,17.726176316867008,8.671056491408914,49.367088607594944,18.888888888888893,11.200000000000003,46.21848739495799,41.03552733707378,18.45280839239439,50.0,18.18164099799314,64.3946174468911,34.356182755107426,Monitor,0
17147,IL,Piatt County,16695.0,3529.0,0.2113806528900868,0.247662227259847,0.1295597484276729,94811.0,10.9,6.6,6.9,12.4,340.0,96.34457353357892,39650,15.996165623870723,18.69951097039328,8.03013703366363,20.886075949367093,27.77777777777778,27.200000000000003,24.36974789915967,27.162161544768654,45.77570326891255,50.0,18.433355620889856,63.82810016970348,34.32151621297463,Monitor,0
06039,CA,Madera County,160940.0,23148.0,0.1438299987573008,0.2002332814930015,0.1367528271405492,76627.0,13.5,7.0,7.2,16.9,3719.0,160.6618282357007,39650,6.644644423278405,12.3174144760897,9.136933250147994,37.34177215189874,32.22222222222222,29.600000000000005,62.184873949579824,45.294948875299355,31.58231602610135,50.0,21.471046759632735,58.11308331075495,34.29575955252551,Monitor,0
36091,NY,Saratoga County,238284.0,47584.0,0.1996944822145003,0.285221923335575,0.1145313995064712,100787.0,9.6,6.0,5.8,11.8,2533.0,53.23217888365837,39650,14.378365260136775,23.753589250572503,5.717730845723872,12.658227848101266,21.111111111111114,18.4,19.327731092436984,15.0076022881975,50.44022604514659,50.0,15.450882876929779,69.1137509279474,34.23288669478595,Monitor,0
48465,TX,Val Verde County,47741.0,6647.0,0.1392304308665507,0.28719723183391,0.1509813367964642,66100.0,15.6,6.4,5.6,15.6,1215.0,182.7892282232586,39650,6.007893274142803,24.019389159015844,11.326268482249292,50.63291139240506,25.555555555555564,16.799999999999997,51.26050420168068,51.53326610463748,23.365543725998315,50.0,21.79503250380207,57.147040524649896,34.16823531109881,Monitor,0
48359,TX,Oldham County,2249.0,264.0,0.1173855046687416,0.1931818181818181,0.0778123610493552,79900.0,13.3,6.8,7.6,14.8,27.0,102.27272727272728,39650,2.9837435736436553,11.368561016448334,0.06778671755390588,36.07594936708862,30.000000000000004,32.8,44.53781512605043,28.833469679926377,34.137032064691375,50.0,16.80615383870285,66.40048205663308,34.16416871497843,Monitor,0
48135,TX,Ector County,164654.0,16258.0,0.0987403889368008,0.3689260671669332,0.1082087286066539,71536.0,12.8,5.3,5.5,14.4,1847.0,113.60560954606964,39650,0.402566569613501,35.016920414012034,4.74486394000426,32.9113924050633,13.333333333333336,16.0,41.176470588235304,32.02851811686905,27.608573480283493,50.0,16.644272125169227,66.60174299163697,34.129386928432936,Monitor,0
26077,MI,Kalamazoo County,262375.0,42340.0,0.1613720819437827,0.2862305148795465,0.1177208194378275,72532.0,9.7,5.9,6.9,12.7,4356.0,102.8814359943316,39650,9.073120726386763,23.889306552589034,6.208485646791996,13.291139240506327,20.000000000000007,27.200000000000003,26.89075630252101,29.00508126139405,28.385993942989167,50.0,15.83156284814618,68.03140712333652,34.1015083444628,Monitor,0
48027,TX,Bell County,386897.0,46147.0,0.1192746389866036,0.2562680130886081,0.1423402094097395,68865.0,12.6,5.4,5.9,13.6,4995.0,108.2410557566039,39650,3.2452699770671654,19.857515954068393,9.996661581011592,31.645569620253166,14.444444444444452,19.200000000000003,34.45378151260504,30.516104170750086,25.523744106903116,50.0,15.763656761309635,68.05901947401652,34.067033710757045,Monitor,0
12097,FL,Osceola County,427415.0,57262.0,0.1339728367043739,0.1774649855052216,0.1350350362060292,72637.0,13.4,5.9,5.5,14.1,5803.0,101.3412035905138,39650,5.280046832048269,9.253684940139252,8.872617428935795,36.708860759493675,20.000000000000007,16.0,38.655462184873954,28.57084776142007,28.46795091947922,50.0,15.619020229256877,68.2456484553752,34.03834010839829,Monitor,0
48259,TX,Kendall County,48567.0,9889.0,0.203615623777462,0.1925371625037921,0.1207198303374719,114962.0,11.1,6.1,5.5,11.7,255.0,25.786227121043584,39650,14.92119699030003,11.281815366165745,6.669942284403918,22.151898734177216,22.22222222222222,16.0,18.487394957983188,7.26984033457543,61.50441787130413,50.0,14.642711600818913,70.05026245459227,34.03535439963959,Monitor,0
48099,TX,Coryell County,84748.0,9621.0,0.1135248029452022,0.2685791497765305,0.1460683437957237,71301.0,10.3,4.9,5.7,12.8,713.0,74.10872050722378,39650,2.449278963635992,21.51411744555265,10.57030816513226,17.088607594936718,8.888888888888896,17.6,27.731092436974798,20.893268447462155,27.425145961472413,50.0,13.084357882848389,72.78115856545409,33.978238121760384,Monitor,0
48441,TX,Taylor County,145863.0,21812.0,0.1495375797837697,0.2651292866312121,0.14116671122903,67139.0,11.2,5.8,6.3,13.0,2607.0,119.5213643865762,39650,7.434785772142365,21.049899674535805,9.81609587357181,22.78481012658228,18.888888888888893,22.4,29.411764705882355,33.69633066451693,24.17652752193325,50.0,16.327946941065676,66.71405987793572,33.96308646897019,Monitor,0
48381,TX,Randall County,146070.0,23213.0,0.1589169576230574,0.2708826950415715,0.1224892174984596,83864.0,10.8,5.6,5.8,12.5,1818.0,78.31818377633223,39650,8.733240270303822,21.82408529161775,6.942197196861858,20.253164556962034,16.666666666666664,18.4,25.21008403361345,22.08003088917293,37.23110306284929,50.0,14.898353826415203,69.1866520921001,33.89925821940491,Monitor,0
12117,FL,Seminole County,481470.0,80052.0,0.1662658109539535,0.2312247039424374,0.1176438822771927,85761.0,11.0,5.9,5.6,11.9,5423.0,67.7434667466147,39650,9.750594707595102,16.487657886945538,6.196647355888102,21.518987341772156,20.000000000000007,16.799999999999997,20.168067226890763,19.098729901304687,38.71179243810297,50.0,13.998832287984516,70.38216082285153,33.73299727518797,Monitor,0
48229,TX,Hudspeth County,3403.0,370.0,0.1087275933000293,0.3567567567567568,0.2374375550984425,48600.0,14.3,6.0,6.6,16.5,96.0,259.4594594594595,39650,1.785166849897826,33.379403238558176,24.629253077271525,42.40506329113925,21.111111111111114,24.799999999999997,58.82352941176471,73.14869425105647,9.706047644322332,50.0,25.093023195113997,49.356403868622245,33.58520643084188,Monitor,0
06029,CA,Kern County,915075.0,108560.0,0.1186350845559107,0.223093220338983,0.12047537087124,70210.0,13.3,6.2,6.4,16.1,15817.0,145.69823139277818,39650,3.156731873412375,15.393475586242353,6.632327401666027,36.07594936708862,23.33333333333334,23.200000000000003,55.462184873949596,41.07630303120732,26.573573948609074,50.0,18.231816544059807,61.935961148253256,33.528267155527516,Monitor,0
48091,TX,Comal County,183826.0,34386.0,0.1870573259495392,0.1981329610888152,0.1407907477723499,101889.0,11.2,5.8,5.6,12.0,1987.0,57.78514511719886,39650,12.628913145362592,12.034792813901248,9.75824652310592,22.78481012658228,18.888888888888893,16.799999999999997,21.00840336134454,16.291207579160787,51.30038402697556,50.0,14.862306750728589,68.1497206233689,33.512901606152695,Monitor,0
06047,CA,Merced County,290201.0,34001.0,0.1171636210764263,0.2319931766712743,0.1238762099372503,65510.0,13.0,6.1,6.1,16.0,5061.0,148.84856327755065,39650,2.9530266376755545,16.591064509829113,7.155613182536803,34.17721518987342,22.22222222222222,20.799999999999997,54.6218487394958,41.96446746471329,22.905023572387524,50.0,17.840167587559762,62.54803582269144,33.48792146985585,Monitor,0
06097,CA,Sonoma County,485040.0,104389.0,0.215217301665842,0.2742338752167374,0.1250144317994392,104674.0,10.7,6.4,5.8,13.1,9993.0,95.7284771383958,39650,16.52730041192435,22.27502416242556,7.330750936602433,19.62025316455696,25.555555555555564,18.4,30.252100840336134,26.988467176737835,53.47419526054513,50.0,18.322019870710275,61.61408447463066,33.47424248208241,Monitor,0
36001,NY,Albany County,317018.0,57602.0,0.1816994618602098,0.3246241449949654,0.1274722570958116,85333.0,9.2,5.5,5.7,11.6,4887.0,84.84080413874518,39650,11.887185618597787,29.055600009073352,7.708935556483612,10.126582278481012,15.555555555555559,17.6,17.64705882352941,23.918935370049685,38.37772019107683,50.0,14.96484318306377,67.83126948914963,33.46809239019382,Monitor,0
48227,TX,Howard County,32290.0,4322.0,0.1338494890058841,0.2878297084683017,0.1621864354289253,69649.0,13.7,6.3,6.6,14.9,775.0,179.31513188338732,39650,5.262970926088803,24.10449598240853,13.050392639203354,38.607594936708864,24.444444444444446,24.799999999999997,45.37815126050421,50.55382364571389,26.135689531362203,50.0,20.864514720889904,56.8546901354487,33.461076115985485,Monitor,0
48029,TX,Bexar County,2067341.0,266184.0,0.1287566976130207,0.2603687674691191,0.147756949627565,72341.0,13.9,5.4,5.1,13.9,33950.0,127.5433534697803,39650,4.557939312524592,20.409318439506603,10.830133285976522,39.873417721519,14.444444444444452,12.799999999999997,36.9747899159664,35.957948059215525,28.23691030004059,50.0,16.77617445944543,64.25205547741929,33.39273281573628,Monitor,0
26093,MI,Livingston County,195833.0,38667.0,0.1974488467214412,0.217834329014405,0.1139184917761562,103039.0,9.7,6.2,6.8,12.3,2555.0,66.0770165774433,39650,14.067485843915808,14.68583278828722,5.623422972274312,13.291139240506327,23.33333333333334,26.400000000000002,23.52941176470589,18.62891217269577,52.19800805519997,50.0,15.499819407531454,66.59469588845734,33.38302617585551,Monitor,0
06099,CA,Stanislaus County,553990.0,76271.0,0.1376757703207639,0.2238858806099304,0.125767613133811,81468.0,11.9,6.1,6.1,15.5,9224.0,120.9371845131177,39650,5.792670472227795,15.500136914142319,7.446642654806085,27.215189873417728,22.22222222222222,20.799999999999997,50.4201680672269,34.09548895216093,35.36092291360954,50.0,17.3282747024262,63.139204202228626,33.362100027357044,Monitor,0
26125,MI,Oakland County,1279825.0,235056.0,0.1836626101224776,0.2936364100469675,0.1140155880686812,97760.0,10.2,5.9,5.9,11.2,15988.0,68.01783404805663,39650,12.15895830281807,24.885852792885554,5.638363140940749,16.455696202531644,20.000000000000007,19.200000000000003,14.285714285714283,19.176081522584845,48.07752349433326,50.0,14.894431171650094,67.52989811427835,33.31684460156998,Monitor,0
17133,IL,Monroe County,35036.0,6913.0,0.1973113369106062,0.2282655865760162,0.1051775316816988,102880.0,10.1,5.9,6.2,11.7,382.0,55.25820917112687,39650,14.04844937524172,16.089475463424936,4.27845485122928,15.822784810126583,20.000000000000007,21.6,18.487394957983188,15.578795453982114,52.07390177651503,50.0,14.372242610381004,68.30949196735533,33.250279885322016,Monitor,0
48003,TX,Andrews County,18610.0,1806.0,0.0970445996775926,0.3122923588039867,0.1285330467490596,72242.0,12.7,5.6,6.1,14.6,240.0,132.89036544850498,39650,0.1678063084019761,27.396219895401032,7.872158846755545,32.278481012658226,16.666666666666664,20.799999999999997,42.85714285714286,37.46541649071275,28.15963657934996,50.0,16.986045384408534,63.446129956303,33.2470749845716,Monitor,0
06025,CA,Imperial County,180202.0,24701.0,0.1370739503446132,0.2087769725922027,0.1426454756329008,57681.0,15.0,6.7,5.7,17.1,5083.0,205.78114246386787,39650,5.709356219565634,13.467063917607348,10.04363277572556,46.83544303797469,28.888888888888896,17.6,63.86554621848741,58.01531346778487,16.79415529676231,50.0,21.175113012212723,55.55333100368963,33.207489309229636,Monitor,0
48303,TX,Lubbock County,318884.0,42314.0,0.1326940203961315,0.2761970033558633,0.1339672106471318,64155.0,11.4,5.4,5.8,13.1,5282.0,124.82866190858816,39650,5.103011124967119,22.539185066953653,8.708311526605366,24.050632911392412,14.444444444444452,18.4,30.252100840336134,35.19260250808678,21.847388304349185,50.0,15.1130106662232,66.58985212924752,33.12990517828171,Monitor,0
48431,TX,Sterling County,1468.0,230.0,0.1566757493188011,0.108695652173913,0.1253405994550408,64954.0,10.5,5.1,4.9,12.0,14.0,60.869565217391305,39650,8.422973741559373,0.0,7.380938226575114,18.354430379746837,11.11111111111111,11.200000000000003,21.00840336134454,17.16078968389821,22.471041868306845,50.0,9.749325565925115,76.32025311336395,33.049150207528704,Monitor,0
36045,NY,Jefferson County,115040.0,17381.0,0.151086578581363,0.2800759449974109,0.133327538247566,66301.0,10.0,6.0,6.9,12.8,2370.0,136.3557908060526,39650,7.649224777676071,23.06114016108173,8.609885383935532,15.189873417721522,21.111111111111114,27.200000000000003,27.731092436974798,38.442414363356185,23.522432795279276,50.0,16.21666199194913,64.29994226157032,33.04581008631655,Monitor,0
29183,MO,St. Charles County,414535.0,70408.0,0.1698481431001001,0.2577263947278718,0.1167187330382235,104692.0,10.3,5.6,5.8,11.9,3666.0,52.06794682422452,39650,10.246522621874082,20.053757557098244,6.054295003265916,17.088607594936718,16.666666666666664,18.4,20.168067226890763,14.679373534733568,53.48824502794343,50.0,14.012887438535856,68.37987104751352,33.04133170167803,Monitor,0
48427,TX,Starr County,66067.0,7519.0,0.1138087093405179,0.2993749168772443,0.1666490078253893,37639.0,20.0,7.6,7.2,19.9,2667.0,354.7014230615773,39650,2.488582160753219,25.6580332352695,13.737046913589696,78.48101265822785,38.88888888888889,29.600000000000005,87.39495798319328,100.0,1.150519841393737,50.0,30.654745861227674,37.154844047581875,32.92978022645164,Monitor,0
17063,IL,Grundy County,53219.0,8031.0,0.1509047520622334,0.2745610758311543,0.0963941449482327,92235.0,10.3,5.7,6.4,12.4,599.0,74.58597933009588,39650,7.624053229446084,22.319052674137993,2.926958559784984,17.088607594936718,17.777777777777786,23.200000000000003,24.36974789915967,21.027820719272253,43.765025445689844,50.0,14.082876247626634,67.8051909706933,32.88568640069997,Monitor,0
26081,MI,Kent County,663150.0,98825.0,0.1490235994872955,0.2631621553250696,0.1095046369599638,82631.0,10.3,5.7,6.4,12.5,9064.0,91.7176827725778,39650,7.363631795902298,20.785200098996366,4.944264852966096,17.088607594936718,17.777777777777786,23.200000000000003,25.21008403361345,25.85771491439867,36.26869399606606,50.0,14.275187875051046,67.39764859826091,32.8680491281745,Monitor,0
48479,TX,Webb County,269294.0,27741.0,0.1030138064717372,0.2215132835874698,0.1344552793601045,63058.0,16.1,5.8,5.0,16.1,4702.0,169.4964132511445,39650,0.9941663874092628,15.180877379809049,8.78341046913961,53.7974683544304,18.888888888888893,12.0,55.462184873949596,47.78565921392409,20.99113303568641,50.0,18.297209509378483,59.920547521635825,32.86537781366855,Monitor,0
24025,MD,Harford County,263757.0,46016.0,0.1744636161315149,0.2430893602225313,0.1115420633386033,112265.0,11.6,5.8,6.1,12.1,2676.0,58.15368567454799,39650,10.885475633627209,18.08418043297767,5.257762855317569,25.31645569620253,18.888888888888893,20.799999999999997,21.84873949579832,16.395109208358694,59.399294389459556,50.0,15.170956952505943,65.66290161856486,32.843137585626565,Monitor,0
36027,NY,Dutchess County,298220.0,57052.0,0.1913084300181074,0.2880705321461123,0.1305579773321709,99478.0,9.9,6.0,5.9,11.9,5059.0,88.67349085045221,39650,13.217423950083948,24.13690150871847,8.183734125922046,14.55696202531646,21.111111111111114,19.200000000000003,20.168067226890763,24.999474229641926,49.418495738237226,50.0,16.065252075345,63.92474045222578,32.81607300725327,Monitor,0
39049,OH,Franklin County,1333048.0,173679.0,0.1302871314461294,0.3165034344969743,0.118316819799437,75176.0,11.8,5.6,6.3,12.8,21794.0,125.48437059172382,39650,4.769808236965897,27.962867350513775,6.300191990012164,26.582278481012665,16.666666666666664,22.4,27.731092436974798,35.37746465988644,30.449748665272097,50.0,15.984924318286385,63.90746983748083,32.75781525000444,Monitor,0
06107,CA,Tulare County,478693.0,57101.0,0.1192852203813299,0.1945675207089192,0.124025210312246,71300.0,13.1,6.2,6.1,16.4,8677.0,151.95880982819915,39650,3.2467348353780894,11.555022829954245,7.178539812132108,34.810126582278485,23.33333333333334,20.799999999999997,57.98319327731092,42.84133074983988,27.424365418839177,50.0,17.673310415056356,60.70995846193632,32.73613723146434,Monitor,0
48215,TX,Hidalgo County,891977.0,104535.0,0.1171947258729765,0.2117185631606639,0.1305112127330637,54338.0,17.4,6.5,5.9,16.6,23069.0,220.68206820682067,39650,2.957332697596269,13.862887913926825,8.17653847529409,62.0253164556962,26.66666666666667,19.200000000000003,59.66386554621851,62.216290620438116,14.184801273845576,50.0,21.209658923405048,54.02559977660536,32.695238222025154,Monitor,0
06055,CA,Napa County,134869.0,28455.0,0.2109825089531323,0.2413284132841328,0.1265969199741972,111471.0,11.4,6.5,5.7,13.4,2829.0,99.42013705851345,39650,15.941047705101225,17.847225276153083,7.5742477749337125,24.050632911392412,26.66666666666667,17.6,32.77310924369748,28.02924673951866,58.77954353866808,50.0,18.286236154860667,59.45005123166432,32.693571431741944,Monitor,0
48273,TX,Kleberg County,30579.0,4052.0,0.132509238366199,0.1833662388943731,0.1286830831616469,61292.0,14.0,6.0,5.5,14.5,622.0,153.50444225074037,39650,5.0774304241939525,10.047764756967652,7.895244891051047,40.50632911392405,21.111111111111114,16.0,42.01680672268908,43.277086662291595,19.612694745386992,50.0,16.31899599257627,62.81379391212353,32.592175264417804,Monitor,0
48187,TX,Guadalupe County,183642.0,27204.0,0.148136047309439,0.2112924569916189,0.1355408893390401,92375.0,12.8,5.6,5.5,12.9,2515.0,92.449639758859,39650,7.240761586658411,13.805550550768222,8.950452853245972,32.9113924050633,16.666666666666664,16.0,28.571428571428577,26.06407354131462,43.87430141434325,50.0,15.086062314244884,65.00246912797398,32.55680469905007,Monitor,0
26139,MI,Ottawa County,301203.0,50320.0,0.1670634090629907,0.226510333863275,0.1001550449364714,90502.0,9.4,5.8,6.4,12.2,3747.0,74.46343402225756,39650,9.861011930373605,15.853286528514362,3.505646774347034,11.392405063291145,18.888888888888893,23.200000000000003,22.6890756302521,20.99327185651873,42.4123450622873,50.0,13.161412274983178,68.2299969602285,32.435416914819044,Monitor,0
17031,IL,Cook County,5182090.0,827156.0,0.1596182235352917,0.3073156695955781,0.1133789648578083,83498.0,11.8,5.3,5.7,11.6,87770.0,106.11057648134089,39650,8.830321536646865,26.726550556631423,5.540406175746008,26.582278481012665,13.333333333333336,17.6,17.64705882352941,29.915463988121566,36.94542445908395,50.0,14.840911266593174,64.96286746880796,32.38359593736835,Monitor,0
48201,TX,Harris County,4838303.0,567148.0,0.1172204386538007,0.2446257414290449,0.1090330638655743,74983.0,13.2,5.4,5.5,12.9,61698.0,108.78641906521754,39650,2.9608923021343845,18.29091775242403,4.871704084830498,35.44303797468354,14.444444444444452,16.0,28.571428571428577,30.669856953557208,30.299103937057044,50.0,13.904092654418957,66.54184749442643,32.32730684842157,Monitor,0
48329,TX,Midland County,174801.0,18782.0,0.1074478978953209,0.3242998615695879,0.1104341508343773,92874.0,10.8,4.7,4.9,12.4,1119.0,59.57831966776701,39650,1.6080094431922272,29.011964037857872,5.087288790342029,20.253164556962034,6.666666666666672,11.200000000000003,24.36974789915967,16.796752365277097,44.263792188329326,50.0,12.020212636823981,69.98264854259881,32.30706520384517,Monitor,0
48367,TX,Parker County,165168.0,26355.0,0.1595648067422261,0.1815974198444317,0.1358253414705027,104443.0,10.7,5.9,6.4,12.7,1879.0,71.29576930373743,39650,8.822926667133999,9.809750319261562,8.994221391787077,19.62025316455696,20.000000000000007,23.200000000000003,26.89075630252101,20.100220824701978,53.29388991226701,50.0,14.44713943973795,65.45671157273381,32.3004896862865,Monitor,0
48251,TX,Johnson County,195597.0,27436.0,0.1402680000204502,0.1877824755795305,0.1217707838054776,84859.0,11.9,5.9,6.6,13.5,3029.0,110.402391019099,39650,6.1515314085818655,10.642018924136181,6.831652084688406,27.215189873417728,20.000000000000007,24.799999999999997,33.61344537815126,31.125443497285545,38.00774298292173,50.0,15.063379632860476,63.97868318161643,32.18373587492506,Monitor,0
24045,MD,Wicomico County,104914.0,17448.0,0.1663076424500066,0.2796882164144887,0.1178584364336504,76210.0,12.6,6.5,7.4,13.1,3031.0,173.71618523613023,39650,9.756385741408394,23.008966932480497,6.22966072027313,31.645569620253166,26.66666666666667,31.200000000000006,30.252100840336134,48.97532796364692,31.256829748040836,50.0,19.112807332004397,56.18652069558195,32.08860700925654,Monitor,0
12095,FL,Orange County,1471937.0,191739.0,0.1302630479429486,0.2037352859877229,0.1100278068966267,79719.0,11.7,5.6,5.5,12.9,18324.0,95.56741195062038,39650,4.766474185009313,12.788648450352316,5.024764807101216,25.949367088607595,16.666666666666664,16.0,28.571428571428577,26.943058509813074,33.99575384807518,50.0,12.833615007895702,67.48259166518027,31.960756837945297,Monitor,0
06115,CA,Yuba County,84507.0,11060.0,0.1308767321050327,0.2628390596745027,0.1613239139952903,76373.0,11.3,6.0,6.5,15.0,1866.0,168.71609403254973,39650,4.851430881963219,20.741723956200694,12.917676802565145,23.41772151898735,21.111111111111114,24.0,46.21848739495799,47.565665955408384,31.384058197258735,50.0,18.382383676939583,56.92366626534777,31.871832582882448,Monitor,0
48071,TX,Chambers County,51498.0,6491.0,0.1260437298535865,0.2047450315821907,0.1116548215464678,109804.0,10.8,5.2,5.7,12.8,260.0,40.05546140810353,39650,4.1823637412059025,12.924521042803999,5.275112916789661,20.253164556962034,12.222222222222229,17.6,27.731092436974798,11.292726446476584,57.478378969059285,50.0,11.819939596695916,69.0454867637201,31.84888110515438,Monitor,0
06065,CA,Riverside County,2478600.0,382888.0,0.154477527636569,0.2040857901004993,0.1203865085128701,93074.0,12.4,6.0,5.4,14.7,45653.0,119.23330059965316,39650,8.118658158995414,12.835812709081274,6.61865418523707,30.379746835443044,21.111111111111114,15.200000000000003,43.69747899159664,33.61511763062588,44.419900714977054,50.0,16.317600976973537,60.68571508866265,31.846440916064722,Monitor,0
48113,TX,Dallas County,2621179.0,309055.0,0.1179068655746135,0.257171053695944,0.1083771844654638,76547.0,12.5,5.3,5.6,12.6,34040.0,110.142207697659,39650,3.0559193005409413,19.9790301939721,4.770784177307052,31.012658227848107,13.333333333333336,16.799999999999997,26.05042016806723,31.052090726610356,31.519872615442257,50.0,13.434632362617329,65.96538831573163,31.820396946207335,Monitor,0
06061,CA,Placer County,419156.0,85822.0,0.2047495443224002,0.2314441518491762,0.1165651929114697,115998.0,9.8,5.9,5.2,12.4,5639.0,65.70576309104892,39650,15.078173738370188,16.51718706356196,6.030669843837947,13.924050632911399,20.000000000000007,13.600000000000001,24.36974789915967,18.524245694848027,62.313060039339355,50.0,14.642635316101538,63.617746856031786,31.783924355077126,Monitor,0
06083,CA,Santa Barbara County,443701.0,73710.0,0.1661253862398326,0.248419481752815,0.1111762200220418,98161.0,10.8,6.0,5.6,13.8,7821.0,106.1050061050061,39650,9.731154707967454,18.80140805384575,5.201470686865205,20.253164556962034,21.111111111111114,16.799999999999997,36.13445378151262,29.913893547189385,48.39052109026195,50.0,15.723166967400342,61.53020222196726,31.75562930649876,Monitor,0
17019,IL,Champaign County,208741.0,28984.0,0.1388514953938134,0.2865028981507038,0.10083308980986,63683.0,9.6,5.0,5.6,11.1,2987.0,103.05685895666576,39650,5.955434520745779,23.925958776075205,3.6099772745999696,12.658227848101266,10.000000000000004,16.799999999999997,13.445378151260504,29.054537776346827,21.478972181460552,50.0,11.090108501453898,70.07631256857108,31.735279924944912,Monitor,0
06041,CA,Marin County,257969.0,61345.0,0.2377998906845396,0.2904882223490097,0.0987095348665925,149091.0,10.2,6.4,5.3,12.1,2919.0,47.583340125519605,39650,19.65357006369544,24.462228836128933,3.2832267035965126,16.455696202531644,25.555555555555564,14.399999999999999,21.84873949579832,13.415040660059315,88.14355740110524,50.0,17.065371307451056,58.67866041663581,31.630022495665717,Monitor,0
48501,TX,Yoakum County,7571.0,971.0,0.1282525425967507,0.2173017507723995,0.1348566900013208,84925.0,13.5,6.0,5.8,14.6,141.0,145.21112255406797,39650,4.4881455202429335,14.614168413794173,8.845175367966513,37.34177215189874,21.111111111111114,18.4,42.85714285714286,40.938973771429964,38.059258796715476,50.0,17.05419932773843,58.56578678669888,31.583254938374587,Monitor,0
17111,IL,McHenry County,312591.0,51512.0,0.1647904130317251,0.2482722472433607,0.100553118931767,104802.0,10.5,5.6,5.9,11.7,3571.0,69.32365274110887,39650,9.54634479875029,18.781595999594153,3.566898264767303,18.354430379746837,16.666666666666664,19.200000000000003,18.487394957983188,19.544227407588963,53.57410471759968,50.0,13.188054453019824,65.67844351054617,31.559690623154047,Monitor,0
29165,MO,Platte County,110371.0,17756.0,0.1608755923204465,0.2594615904482991,0.1242174121825479,96227.0,10.0,5.6,5.9,11.9,1629.0,91.74363595404373,39650,9.004388109388326,20.28724759878521,7.208113838963007,15.189873417721522,16.666666666666664,19.200000000000003,20.168067226890763,25.86503182371409,46.88095163757844,50.0,13.85826766608536,64.20994700568372,31.481355434944785,Monitor,0
06053,CA,Monterey County,437613.0,65068.0,0.1486884530395577,0.2115171820249585,0.0895174503499667,97230.0,12.5,6.2,5.7,14.7,7434.0,114.24970799778691,39650,7.317235071080621,13.8357898239435,1.8688442436362307,31.012658227848107,23.33333333333334,17.6,43.69747899159664,32.2101070279475,47.66383589871679,50.0,15.842793145366734,60.48529036501384,31.467667172243218,Monitor,0
06087,CA,Santa Cruz County,264926.0,50275.0,0.1897699735020345,0.2533664843361511,0.1146961793104489,111093.0,10.2,5.9,5.4,13.0,4548.0,90.4624564893088,39650,13.004444388139744,19.46708272432283,5.743085449903175,16.455696202531644,20.000000000000007,15.200000000000003,29.411764705882355,25.503832408815637,58.484498423303876,50.0,15.426536686505393,60.92754264816024,31.35188877308459,Monitor,0
24013,MD,Carroll County,175321.0,31453.0,0.1794023533974823,0.238705369917019,0.122432566549358,118211.0,10.3,6.0,5.9,11.4,2098.0,66.70269926557084,39650,11.569180430268604,17.49426537778306,6.933480337415614,17.088607594936718,21.111111111111114,19.200000000000003,15.966386554621852,18.80530917802127,64.04040088669643,50.0,14.2397415077847,62.94495968607937,31.286567870187834,Monitor,0
48439,TX,Tarrant County,2167390.0,266889.0,0.1231384291705692,0.2466905717358152,0.103938377495513,84207.0,11.7,5.1,5.4,12.8,26283.0,98.47914301451164,39650,3.780162144787238,18.568763824039276,4.087786679830558,25.949367088607595,11.11111111111111,15.200000000000003,27.731092436974798,27.763954867870755,37.498829186050145,50.0,12.547069509438163,65.98017606685605,31.24865680453442,Monitor,0
39165,OH,Warren County,250008.0,39428.0,0.1577069533774919,0.2213655270366237,0.1030247032094972,110132.0,11.0,5.8,5.8,11.4,2549.0,64.64948767373441,39650,8.565730710248792,15.160995079034311,3.9471999737444556,21.518987341772156,18.888888888888893,18.4,15.966386554621852,18.226452861597643,57.73439695276156,50.0,12.682448212694524,65.15513184029284,31.047887482353932,Monitor,0
48339,TX,Montgomery County,684432.0,94057.0,0.1374234401664446,0.1936166367202866,0.1043346892021413,97701.0,11.4,5.3,5.6,12.2,6820.0,72.50922313065482,39650,5.757738600464907,11.427070726608449,4.148767007580823,24.050632911392412,13.333333333333336,16.799999999999997,22.6890756302521,20.44232653616024,48.03147147897218,50.0,11.670552848121442,66.84727896142022,30.982406987776013,Monitor,0
06067,CA,Sacramento County,1594006.0,243370.0,0.1526782207846143,0.2556888688005917,0.1296500765994607,92175.0,11.2,5.7,5.6,13.6,31830.0,130.78851132021202,39650,7.869567215488789,19.77958559591928,8.044035794231581,22.78481012658228,17.777777777777786,16.799999999999997,34.45378151260504,36.87284651731062,43.71819288769553,50.0,15.724773743802915,59.1044765491705,30.907669725681572,Monitor,0
17037,IL,DeKalb County,100703.0,14020.0,0.139221274440682,0.2617689015691868,0.1101059551353981,70724.0,10.3,5.5,6.3,12.2,1900.0,135.5206847360913,39650,6.00662568448387,20.597722182982668,5.03678944612571,17.088607594936718,15.555555555555559,22.4,22.6890756302521,38.2069751980004,26.974772862093726,50.0,13.371996515867949,63.39373178247166,30.879603859179248,Monitor,0
06019,CA,Fresno County,1016725.0,131488.0,0.1293250387272861,0.2337475663178388,0.1314917996508397,74201.0,12.7,6.2,6.0,15.0,23699.0,180.2369798004381,39650,4.636618846386301,16.827137309507673,8.327421001935392,32.278481012658226,23.33333333333334,20.0,46.21848739495799,50.81371770226825,29.688719597864438,50.0,17.53173968250476,55.64583938439313,30.87167457816569,Monitor,0
17113,IL,McLean County,171556.0,25004.0,0.1457483270768728,0.296872500399936,0.0999615285970761,79905.0,9.5,5.2,5.6,11.1,2536.0,101.42377219644858,39650,6.910212361597854,25.321305037564525,3.475870490669336,12.025316455696206,12.222222222222229,16.799999999999997,13.445378151260504,28.594126102178365,34.14093477785757,50.0,11.670214627085903,66.53095021044463,30.871472081261455,Monitor,0
29019,MO,Boone County,188043.0,25346.0,0.1347883196928362,0.2912096583287303,0.1246097966954366,72758.0,9.5,5.2,6.0,11.9,3226.0,127.2784660301428,39650,5.392939986870084,24.559306136975415,7.268489890944038,12.025316455696206,12.222222222222229,20.0,20.168067226890763,35.883269069390465,28.562396578101097,50.0,12.92738948593356,64.19548303840492,30.87122222929853,Monitor,0
36061,NY,New York County,1629477.0,295693.0,0.1814649731171412,0.4110141261375818,0.1182090940835617,103931.0,8.9,4.9,4.4,11.1,28070.0,94.9295384063877,39650,11.854723661267279,40.680340700203324,6.283616276119944,8.227848101265828,8.888888888888896,7.200000000000002,13.445378151260504,26.763224569839867,52.89425208404883,50.0,14.098666789712832,61.91195086137343,30.83331621479404,Monitor,0
24033,MD,Prince George's County,959754.0,143116.0,0.1491173779947778,0.2506498225215909,0.1038328571696497,101798.0,15.2,5.5,5.5,12.6,17508.0,122.33433019368904,39650,7.376614226822315,19.101525414064565,4.071550308439454,48.10126582278481,15.555555555555559,16.0,26.05042016806723,34.4893824044375,51.22935464735083,50.0,16.094416585143914,58.162033283354134,30.81808242951749,Monitor,0
06077,CA,San Joaquin County,797334.0,107730.0,0.1351127632836427,0.2083449364151118,0.1248623537940185,92179.0,12.3,5.7,5.5,14.1,13431.0,124.67279309384573,39650,5.437855038497254,13.40892860537041,7.307350753213809,29.746835443037984,17.777777777777786,16.0,38.655462184873954,35.14865884036843,43.721315058228484,50.0,15.05028074164161,60.051843120328826,30.800827574182136,Monitor,0
06095,CA,Solano County,451918.0,78738.0,0.1742307232728061,0.2171251492290888,0.1309308325846724,100401.0,12.1,5.8,5.3,13.2,9594.0,121.84713861159796,39650,10.85323460600665,14.590404695831888,8.241105218223073,28.48101265822785,18.888888888888893,14.399999999999999,31.092436974789912,34.35202981704556,50.138936588716476,50.0,15.836324251711726,58.56470262401,30.791256682016122,Monitor,0
36109,NY,Tompkins County,104537.0,16994.0,0.1625644508642872,0.2872190184771095,0.1192018137118914,74024.0,7.6,4.8,4.8,10.5,1549.0,91.14981758267623,39650,9.238188901997713,24.022320796161434,6.436365658202782,0.0,7.7777777777777795,10.399999999999999,8.403361344537815,25.697618237875613,29.5505635517812,50.0,9.85828238879576,69.50114090363405,30.73328286898916,Monitor,0
17089,IL,Kane County,517255.0,80391.0,0.1554185073126407,0.2474530731051983,0.09588694164387,103163.0,11.5,5.7,5.7,12.1,7535.0,93.72939756937966,39650,8.248924719742753,18.671366933548896,2.8489153851354287,24.683544303797472,17.777777777777786,17.6,21.84873949579832,26.42487215313707,52.29479534172157,50.0,13.623725454732465,62.27788171325814,30.65268014521645,Monitor,0
36071,NY,Orange County,406616.0,59535.0,0.1464157829500068,0.2846056941295036,0.1140314203081039,97178.0,11.2,5.8,6.1,13.2,7705.0,129.4196691022088,39650,7.00261306190496,23.670668700849784,5.640799241446662,22.78481012658228,18.888888888888893,20.799999999999997,31.092436974789912,36.48693258265872,47.62324768178838,50.0,15.786027017919148,58.14521277500119,30.61174203289786,Monitor,0
06051,CA,Mono County,13148.0,2297.0,0.1747033769394584,0.1832825424466695,0.0920292059628841,99415.0,10.5,6.3,6.0,13.5,251.0,109.27296473661298,39650,10.918667440684287,10.036502461404503,2.2553271002931248,18.354430379746837,24.444444444444446,20.0,33.61344537815126,30.807027441117096,49.36932155234319,50.0,14.327439669674627,60.74533844168264,30.57370423987743,Monitor,0
48041,TX,Brazos County,242311.0,24712.0,0.1019846395747613,0.2471673680802849,0.1011881425110704,58553.0,9.7,4.6,5.2,11.8,2644.0,106.99255422466818,39650,0.8516914376167806,18.632922118712226,3.66460909527625,13.291139240506327,5.555555555555555,13.600000000000001,19.327731092436984,30.164117555878516,17.474788472946393,50.0,8.918225585116167,70.6672988023829,30.53040121115952,Monitor,0
06111,CA,Ventura County,837469.0,145793.0,0.1740876378707749,0.2137002462395313,0.1160162346307743,109797.0,11.4,5.8,5.2,13.2,14609.0,100.20371348418648,39650,10.8334262682819,14.129545593661746,5.946201847263157,24.050632911392412,18.888888888888893,13.600000000000001,31.092436974789912,28.250158293498245,57.472915170626614,50.0,14.78022465307949,59.72053838738798,30.50933446008746,Monitor,0
48139,TX,Ellis County,213160.0,27788.0,0.1303621692625258,0.1911256657550021,0.116447738787765,99595.0,11.6,5.3,5.6,12.9,2479.0,89.21117028933352,39650,4.780196259700623,11.091882650889778,6.012597223626779,25.31645569620253,13.333333333333336,16.799999999999997,28.571428571428577,25.15106072011619,49.509819226326144,50.0,12.463472667380422,63.81397083603825,30.43614702641066,Monitor,0
26161,MI,Washtenaw County,369822.0,58242.0,0.1574865746223859,0.2739775419800144,0.1042717848045816,89180.0,8.7,5.1,5.4,10.8,4965.0,85.24775934892345,39650,8.535222099681043,22.240531651048528,4.139087932458975,6.962025316455694,11.11111111111111,15.200000000000003,10.924369747899167,24.0336671370287,41.38046770114583,50.0,10.717453476615935,66.86734276429047,30.36991472730202,Monitor,0
48209,TX,Hays County,268638.0,32662.0,0.1215836925528034,0.2287061416937113,0.116305213707666,89097.0,10.2,4.7,4.8,11.7,2570.0,78.6847100606209,39650,3.5649288116829547,16.148757094646747,5.990666945132076,16.455696202531644,6.666666666666672,10.399999999999999,18.487394957983188,22.183364639887838,41.31568266258704,50.0,9.712654938862316,67.90444464928558,30.079781337510454,Monitor,0
06037,CA,Los Angeles County,9808667.0,1487700.0,0.151671985602121,0.2099623580022854,0.1119099058006556,90112.0,12.6,5.3,4.9,14.1,201448.0,135.4090206358809,39650,7.730266867288299,13.62657081677557,5.314362631507004,31.645569620253166,13.333333333333336,11.200000000000003,38.655462184873954,38.17549404428903,42.107933435324234,50.0,14.522861379485859,58.87109824504377,30.044744282431125,Monitor,0
24017,MD,Charles County,170527.0,23350.0,0.1369284629413523,0.2466809421841541,0.1105983216734007,122816.0,13.4,5.2,5.5,11.8,1771.0,75.84582441113491,39650,5.689215355595036,18.567468059882927,5.112549693321291,36.708860759493675,12.222222222222229,16.0,19.327731092436984,21.383005389850897,67.63479971276031,50.0,13.655815393960744,60.44890712175392,30.033397498688355,Monitor,0
36079,NY,Putnam County,98107.0,18910.0,0.1927487335256403,0.214806980433633,0.1005738632309621,126257.0,9.7,5.8,5.3,11.6,1137.0,60.12691697514543,39650,13.416815487573796,14.278469089769471,3.5700901819948534,13.291139240506327,18.888888888888893,14.399999999999999,17.64705882352941,16.951416900491882,70.32064691373444,50.0,12.632700967050305,62.080526630609135,29.939439949295895,Monitor,0
36005,NY,Bronx County,1404779.0,203214.0,0.1446590531322008,0.3411428346472192,0.175310137751205,48676.0,16.1,7.0,6.9,16.8,70680.0,347.8106823348785,39650,6.759416362393621,31.278374933027763,15.069731597716988,53.7974683544304,32.22222222222222,27.200000000000003,61.34453781512607,98.05731235380397,9.765368884448469,50.0,26.851979489273834,35.63886754007328,29.92739030705364,Monitor,0
24009,MD,Calvert County,94313.0,15402.0,0.1633072853159161,0.2125048694974678,0.1063480114088195,133922.0,10.9,5.5,5.9,11.9,853.0,55.38241786780937,39650,9.34102479917915,13.968694248738359,4.458556110392453,20.886075949367093,15.555555555555559,19.200000000000003,20.168067226890763,15.613813271393276,76.30350619750851,50.0,12.903241432365373,61.02135084148115,29.744579725555894,Monitor,0
24037,MD,St. Mary's County,115126.0,16144.0,0.1402289665236349,0.2176660059464816,0.1147004151972621,119446.0,11.4,5.7,5.9,11.9,1273.0,78.85282457879087,39650,6.146127721856878,14.66318303201844,5.7437372241552636,24.050632911392412,17.777777777777786,19.200000000000003,20.168067226890763,22.23076070520917,65.00437103874613,50.0,13.004404621704136,60.771770300511115,29.722982609286575,Monitor,0
17097,IL,Lake County,714223.0,112792.0,0.1579226656100405,0.2468171501524931,0.0958146125229795,110416.0,11.2,5.4,5.4,11.0,9163.0,81.23803106603306,39650,8.595593300653025,18.585796369382063,2.8377861315100037,22.78481012658228,14.444444444444452,15.200000000000003,12.605042016806726,22.903215432527283,57.95607106060133,50.0,12.007754665655915,62.5164101939296,29.685784100551704,Monitor,0
06071,CA,San Bernardino County,2197104.0,276984.0,0.1260677692089223,0.1903539554631314,0.1199756588673089,85478.0,12.1,5.6,5.2,14.4,39901.0,144.05525228894086,39650,4.1856916814598835,10.988040377595802,6.555436910492521,28.48101265822785,16.666666666666664,13.600000000000001,41.176470588235304,40.61310243571602,38.49089887289644,50.0,13.998131350415827,58.61552399848726,29.61421877724083,Monitor,0
36087,NY,Rockland County,341883.0,53669.0,0.1569806044758002,0.2353313831075667,0.0899430506927808,109959.0,11.3,6.3,6.1,12.4,6030.0,112.3553634314036,39650,8.465177025900381,17.04025761859132,1.9343312024147936,23.41772151898735,24.444444444444446,20.799999999999997,24.36974789915967,31.676039656570072,57.59936307721127,50.0,14.362390526005898,57.79836926572309,29.564983084906913,Monitor,0
17043,IL,DuPage County,930024.0,161240.0,0.173371869973248,0.241770032250062,0.0891718923382622,112096.0,10.0,5.3,5.0,10.2,10114.0,62.72637062763582,39650,10.734337388176186,17.906650060084186,1.8156733671316034,15.189873417721522,13.333333333333336,12.0,5.882352941176466,17.684273743876783,59.267382684442225,50.0,10.373272498706127,64.9934346355351,29.490329246596264,Monitor,0
06031,CA,Kings County,153298.0,16584.0,0.1081814505081605,0.2212976362759286,0.113660974050542,70995.0,12.1,5.8,5.9,15.6,3112.0,187.6507477086348,39650,1.7095603889052746,15.151859615894189,5.583798820257562,28.48101265822785,18.888888888888893,19.200000000000003,51.26050420168068,52.90386096817492,27.186299915701394,50.0,15.599969378541703,55.24698649279338,29.47642536852979,Monitor,0
29169,MO,Pulaski County,53894.0,5201.0,0.0965042490815304,0.3014804845222072,0.1325936096782573,64466.0,8.6,4.5,5.8,12.3,742.0,142.66487213997308,39650,0.09300170258875284,25.941360972544032,8.49695608118419,6.329113924050633,4.444444444444448,18.4,23.52941176470589,40.22111637122076,22.0901370632864,50.0,10.884142801085728,63.751344876842666,29.387663527600655,Monitor,0
48473,TX,Waller County,61552.0,7143.0,0.1160482193917338,0.1506369872602548,0.1068364959708864,80397.0,11.1,5.0,5.4,12.6,770.0,107.79784404311914,39650,2.7986135881575676,5.643676942279144,4.533719039464653,22.151898734177216,10.000000000000004,15.200000000000003,26.05042016806723,30.391150707169583,34.52496175341097,50.0,9.79318063649864,65.42737858503344,29.265149918485818,Monitor,0
36081,NY,Queens County,2323052.0,413538.0,0.1780149561869471,0.215897934409897,0.1088387173425304,86136.0,14.3,6.0,5.4,12.8,75204.0,181.85511367758224,39650,11.377113090662109,14.425269180616695,4.841800061118532,42.40506329113925,21.111111111111114,15.200000000000003,27.731092436974798,51.2699137510964,39.004495925567454,50.0,16.621155345904253,52.60019865922675,29.213820505567124,Monitor,0
36119,NY,Westchester County,999677.0,181529.0,0.1815876528118582,0.2661282770246076,0.1054600636005429,118976.0,10.5,5.6,4.9,11.2,16378.0,90.22249888447575,39650,11.87170709067676,21.184325034080466,4.321927927403595,18.354430379746837,16.666666666666664,11.200000000000003,14.285714285714283,25.436181818986626,64.63751600112398,50.0,13.060642246474758,59.11884519922017,29.18101327993565,Monitor,0
48039,TX,Brazoria County,391255.0,50224.0,0.128366410652899,0.2036277476903472,0.1128496760424787,97993.0,12.0,5.1,5.1,12.0,5170.0,102.9388340235744,39650,4.503909091370577,12.774177966566766,5.458964712136604,27.848101265822788,11.11111111111111,12.799999999999997,21.00840336134454,29.021263330455792,48.25938992787786,50.0,11.410658484082823,62.06048818988596,29.13809888111392,Monitor,0
24003,MD,Anne Arundel County,598166.0,94886.0,0.158628206885714,0.2459056130514512,0.1036384548770742,124911.0,10.4,5.3,5.2,11.7,6660.0,70.1894905465506,39650,8.693266436199336,18.463138830975346,4.04163770349141,17.721518987341778,13.333333333333336,13.600000000000001,18.487394957983188,19.788330686895915,69.27003652939524,50.0,12.06533970226025,60.83540716338868,29.1348633136552,Monitor,0
36085,NY,Richmond County,494956.0,85255.0,0.172247634133135,0.2254530526068852,0.1103148562700522,98333.0,11.9,5.8,6.0,12.8,13235.0,155.24016186733917,39650,10.578701363207191,15.71101747971305,5.068932982250313,27.215189873417728,18.888888888888893,20.0,27.731092436974798,43.76643333635258,48.524774423179,50.0,15.39863167913696,53.87102933805239,28.86397085975736,Monitor,0
48165,TX,Gaines County,22232.0,2151.0,0.0967524289312702,0.300790330079033,0.1116408780136739,74132.0,11.8,5.5,6.6,15.2,451.0,209.6699209669921,39650,0.12735901794264198,25.848492953213327,5.272967430836185,26.582278481012665,15.555555555555559,24.799999999999997,47.89915966386555,59.11166613238896,29.63486215617097,50.0,16.447406553678274,51.09812498033479,28.575158003008053,Monitor,0
17197,IL,Will County,701462.0,102267.0,0.1457912189113594,0.2170397097793032,0.0988036415372465,109984.0,10.7,5.3,5.6,11.7,9730.0,95.14310579170213,39650,6.916150185660157,14.578907859793567,3.297706860311514,19.62025316455696,13.333333333333336,16.799999999999997,18.487394957983188,26.823435037413134,57.61887664304224,50.0,11.399513243033727,60.46144773651011,28.571190315750457,Monitor,0
48257,TX,Kaufman County,172604.0,18404.0,0.1066255706704363,0.1675179308845903,0.1099395147273527,89485.0,11.2,5.0,5.8,13.1,2245.0,121.98435122799393,39650,1.4941687916684674,7.915197200288321,5.01117932544609,22.78481012658228,10.000000000000004,18.4,30.252100840336134,34.390713793899,41.61853320428362,50.0,10.706748739741425,61.09954745207045,28.344228289056584,Monitor,0
24021,MD,Frederick County,287048.0,43882.0,0.152873387029347,0.2208422587849232,0.0981508319166132,122002.0,10.6,5.4,5.1,10.5,3107.0,70.80351852695867,39650,7.896585477542479,15.090583468133763,3.1972592985591124,18.9873417721519,14.444444444444452,12.799999999999997,8.403361344537815,19.961441912418532,66.99943800930407,50.0,10.340700505430924,61.42137554537859,28.218936769412608,Monitor,0
06059,CA,Orange County,3165820.0,514824.0,0.1626194793134164,0.1958805339300421,0.0959719756650725,116289.0,11.5,5.5,4.7,12.5,52310.0,101.60753966404052,39650,9.24580688461052,11.731703482244022,2.8619995368173643,24.683544303797472,15.555555555555559,9.600000000000001,25.21008403361345,28.645935160626944,62.54019794561179,50.0,12.148525540149357,57.98267627797165,28.190478298387156,Monitor,0
06069,CA,San Benito County,67290.0,9234.0,0.1372269282211324,0.1859432531947152,0.1050527567246247,114394.0,11.3,5.3,4.7,13.8,980.0,106.1295213341997,39650,5.7305340434350915,10.394530928259622,4.2592557772424495,23.41772151898735,13.333333333333336,9.600000000000001,36.13445378151262,29.92080505856196,61.06106965562459,50.0,12.092215168929538,57.72523632110354,28.063772572190437,Monitor,0
39159,OH,Union County,67324.0,8889.0,0.1320331531103321,0.1824727190910113,0.1006179074327134,112322.0,10.2,5.2,5.7,11.4,716.0,80.54899313758578,39650,5.011522530026458,9.927531647999574,3.5768672461425255,16.455696202531644,12.222222222222229,17.6,15.966386554621852,22.70895685794929,59.44378531955415,50.0,9.68181432687263,62.17693813226165,28.055107658758786,Monitor,0
06073,CA,San Diego County,3288774.0,507734.0,0.1543839740888246,0.2161722476729941,0.1073214517020628,106268.0,10.0,5.2,4.7,11.9,53575.0,105.51784989778112,39650,8.10570687086425,14.462181106160205,4.608338988703858,15.189873417721522,12.222222222222229,9.600000000000001,20.168067226890763,29.74835820702723,54.718380217927496,50.0,10.835437968064316,59.72288892075678,27.946045801506678,Monitor,0
06013,CA,Contra Costa County,1165012.0,199270.0,0.1710454484589,0.2205048426757665,0.1106340535548131,127229.0,11.3,5.5,4.7,12.1,20658.0,103.66838962212074,39650,10.412274184018697,15.045180347053307,5.118047743979949,23.41772151898735,15.555555555555559,9.600000000000001,21.84873949579832,29.226944940709632,71.07933435324237,50.0,12.925656803892785,55.101379976637,27.68715991435326,Monitor,0
06113,CA,Yolo County,220564.0,29712.0,0.1347092000507789,0.2538368336025848,0.1136903574472715,91752.0,9.3,4.9,4.7,12.2,3865.0,130.08212170166937,39650,5.381986887753863,19.53037349235215,5.588320032053765,10.759493670886084,8.888888888888896,9.600000000000001,22.6890756302521,36.67369602830342,43.388023353835585,50.0,10.586462571204752,59.31306017828244,27.64077173368194,Monitor,0
36103,NY,Suffolk County,1530146.0,274038.0,0.1790927140285959,0.2243849393149855,0.1045769488663173,130686.0,10.0,5.7,5.4,11.9,27324.0,99.70879950955708,39650,11.526314833186635,15.567290859069557,4.186043407634223,15.189873417721522,17.777777777777786,15.200000000000003,20.168067226890763,28.110628553144345,73.77767023634831,50.0,12.887452860922942,54.905853224866114,27.593892988303054,Monitor,0
24031,MD,Montgomery County,1065949.0,181139.0,0.1699321449712885,0.2278416023054118,0.0933506199639945,132450.0,10.8,5.3,4.5,10.5,14223.0,78.51981075306809,39650,10.25815160296083,16.032423625495287,2.458652557335655,20.253164556962034,13.333333333333336,8.0,8.403361344537815,22.1368750300832,75.15454744138125,50.0,10.460117879514952,57.778354501039864,27.02150069704867,Monitor,0
48491,TX,Williamson County,672688.0,86908.0,0.1291951097685702,0.2290813273806784,0.1054352091905905,111340.0,9.8,4.5,4.3,10.5,6964.0,80.1307129378193,39650,4.618631849404539,16.19924253594828,4.318103589036629,13.924050632911399,4.444444444444448,6.399999999999999,8.403361344537815,22.591032267696413,58.677292453713825,50.0,7.7653507027400686,62.47174451665282,26.91258853760953,Monitor,0
48453,TX,Travis County,1330015.0,146405.0,0.110077705890535,0.2616099176940678,0.0957229805678883,99611.0,9.0,4.1,4.0,10.3,12044.0,82.26494996755575,39650,1.9720726123273384,20.57632911983014,2.823686758313593,8.860759493670889,0.0,4.0,6.722689075630258,23.19273186374397,49.52230790845796,50.0,6.102549729649189,64.88730510240343,26.677214110113173,Monitor,0
36047,NY,Kings County,2631580.0,406596.0,0.1545064181974327,0.2752412714340524,0.1141584143366342,80263.0,12.0,5.7,5.8,12.8,95165.0,234.052966581078,39650,8.122657686400178,22.410580619836743,5.660339763093095,27.848101265822788,17.777777777777786,18.4,27.731092436974798,65.98591135069837,34.420369040557,50.0,15.700016615251712,45.881638044948794,26.263584115645692,Monitor,0
06075,CA,San Francisco County,830235.0,146510.0,0.176468108427132,0.2927308716128592,0.1185483628129385,140970.0,10.2,4.9,3.9,10.4,13821.0,94.33485768889494,39650,11.16297186870496,24.76400244238041,6.33581942320542,16.455696202531644,8.888888888888896,3.1999999999999993,7.563025210084037,26.5955678651219,81.80477067657435,50.0,11.383268248324843,53.33100647121066,26.064976626334875,Monitor,0
39041,OH,Delaware County,226834.0,34165.0,0.1506167505753105,0.2140201961071271,0.0836602978389483,133540.0,10.1,5.0,4.9,9.8,2295.0,67.17400848821893,39650,7.584183119447335,14.17259843608363,0.9676064708641269,15.822784810126583,10.000000000000004,11.200000000000003,2.5210084033613507,18.938184095347513,76.00533891161135,50.0,8.169836160795997,59.28239707407547,26.05923248044381,Monitor,0
48121,TX,Denton County,979561.0,113125.0,0.1154854062176832,0.2053127071823204,0.0926711047091503,111498.0,9.9,4.3,4.3,10.6,9346.0,82.61657458563536,39650,2.720699326679641,13.00090816039458,2.3540958100615463,14.55696202531646,2.222222222222224,6.399999999999999,9.243697478991594,23.291864428548646,58.80061818976553,50.0,6.343418390394435,62.04928910736859,25.840473141335387,Monitor,0
36059,NY,Nassau County,1389591.0,259500.0,0.186745596366125,0.1981618497109826,0.0934634723454599,146202.0,10.1,5.4,4.8,11.2,22692.0,87.44508670520231,39650,12.58575818490256,12.038680101954544,2.4760171092629903,15.822784810126583,14.444444444444452,10.399999999999999,14.285714285714283,24.65315361591362,85.88856973367885,50.0,10.942739337399951,53.17419459114386,25.723748676210317,Monitor,0
06001,CA,Alameda County,1649473.0,254161.0,0.1540861838902485,0.2192389863118259,0.1026345990507271,129367.0,11.0,4.8,4.1,11.5,28812.0,113.36121592219104,39650,8.064481639353703,14.874845178687737,3.8871747989623873,21.518987341772156,7.7777777777777795,4.799999999999997,16.80672268907563,31.959616892349246,72.74813450310657,50.0,10.115130927296619,53.097770358275945,25.15905472813938,Monitor,0
48157,TX,Fort Bend County,893767.0,112289.0,0.1256356522449363,0.1499701662673993,0.0816129930955159,114041.0,12.0,4.6,4.2,10.5,11812.0,105.192850590886,39650,4.125870633066967,5.553948700336944,0.6525884883742087,27.848101265822788,5.555555555555555,5.600000000000001,8.403361344537815,29.65673204322729,60.78553810609135,50.0,6.735779477583742,57.95313594439759,24.661854240968587,Monitor,0
48085,TX,Collin County,1163337.0,134714.0,0.115799635015477,0.2025179268672892,0.0810152174305467,121600.0,9.5,4.3,4.1,10.2,10594.0,78.64067580206957,39650,2.764200271298609,12.62483912992126,0.5606089799183958,12.025316455696206,2.222222222222224,4.799999999999997,5.882352941176466,22.17095018206828,66.68565987074214,50.0,5.189886895206009,60.300279438639805,24.478524285407836,Monitor,0
24027,MD,Howard County,336328.0,51275.0,0.1524553412145286,0.1899366162847391,0.0855206821911943,149763.0,10.4,4.8,4.0,9.5,3043.0,59.3466601657728,39650,7.838712399179563,10.931882711337595,1.2538630856550457,17.721518987341778,7.7777777777777795,4.0,0.0,16.73144123683711,88.6680820506416,50.0,6.800162800138495,56.69728270454711,24.26415476668151,Monitor,0
17093,IL,Kendall County,137675.0,15466.0,0.112337025603777,0.2250096986939092,0.0813727982567641,111601.0,9.4,4.4,4.7,10.8,1860.0,120.26380447433078,39650,2.2848464332257508,15.651359239202087,0.615629802203618,11.392405063291145,3.333333333333341,9.600000000000001,10.924369747899167,33.90564476349806,58.881014080989104,50.0,6.567052269079839,56.187591155779344,23.934240879424664,Monitor,0
06081,CA,San Mateo County,742340.0,132242.0,0.1781420912250451,0.1982879871750276,0.0934383166743001,158855.0,10.6,5.2,4.0,10.9,11845.0,89.57063565281832,39650,11.39471330518815,12.055653312175982,2.472146415951521,18.9873417721519,12.222222222222229,4.0,11.764705882352946,25.25240380478219,95.76477567204721,50.0,9.848882593986447,49.881745205755635,23.86038450810566,Monitor,0
48397,TX,Rockwall County,123617.0,15613.0,0.1263013986749395,0.2014347018510215,0.0899067280390237,127981.0,9.4,4.5,4.5,10.7,1600.0,102.4787036443989,39650,4.218034682909556,12.479079057309724,1.9287422498458384,11.392405063291145,4.444444444444448,8.0,10.084033613445373,28.8915400338296,71.66630241343782,50.0,6.704207291411111,55.10976225736238,23.646151529494052,Monitor,0
06085,CA,Santa Clara County,1902047.0,282010.0,0.1482665780603739,0.185855111520868,0.0894199775294722,164281.0,10.5,4.5,3.5,10.1,31137.0,110.41097833410164,39650,7.258831894050218,10.382670477672601,1.8538461387579592,18.354430379746837,4.444444444444448,0.0,5.042016806722686,31.1278644954672,100.0,50.0,6.526966936006434,45.37967452749304,20.125414593026743,Monitor,0
48301,TX,Loving County,33.0,27.0,0.8181818181818182,0.8518518518518519,0.7272727272727273,51250.0,,,,,0.0,0.0,39650,100.0,100.0,100.0,,,,,0.0,11.774485622404695,50.0,,88.9676543132786,,Monitor,0
